0x803F0F34, 0x3E008157
0x803F0F3C, 0x62108CC0
0x803F0F44, 0x3E20BD73
0x803F0F4C, 0x62318BCD
0x803F0F34, 0x3E407555
0x803F0F3C, 0x62520055
0x803F0F44, 0x3E60BD73
0x803F0F4C, 0x62738BCD
0x803F0F34, 0x3E805555
0x803F0F3C, 0x62940055
0x803F0F44, 0x3EA09C4D
0x803F0F4C, 0x62B55A68
0x803F0F34, 0x3EC0D50B
0x803F0F3C, 0x62D60000
0x803F0F44, 0x3EE093EC
0x803F0F4C, 0x62F75248
0x803F0F34, 0x3F00577C
0x803F0F3C, 0x63180002
0x803F0F44, 0x3F20FFFE
0x803F0F4C, 0x6339942F
0x803F0F34, 0x3F405555
0x803F0F3C, 0x635AFF45
0x803F0F44, 0x3F60AD33
0x803F0F4C, 0x637B83CD
0x803F0F34, 0x3F805555
0x803F0F3C, 0x639C005F
0x803F0F44, 0x3FA0940D
0x803F0F4C, 0x63BD5226
0x803F0F34, 0x3FC0AB00
0x803F0F3C, 0x63DE00D5
0x803F0F44, 0x3FE09C4F
0x803F0F4C, 0x63FF5A67
0x803F0F34, 0x60000000
0x803F0F3C, 0x60000000
0x803F0F44, 0x60000000
0x803F0F4C, 0xBE300000
0x803F0F34, 0x60000000
0x803F0F3C, 0x60000000
0x803F0F44, 0x60000000
0x803F0F4C, 0x60000000
0x803F0F4C, 0xBE300000
0x803F0F34, 0x3E008157
0x803F0F3C, 0x62108CFC
0x803F0F44, 0x3E20D5AA
0x803F0F4C, 0x62310057
0x803F0F34, 0x3E409450
0x803F0F3C, 0x62527B6C
0x803F0F44, 0x3E60D555
0x803F0F4C, 0x62730B80
0x803F0F34, 0x3E80FFDE
0x803F0F3C, 0x62947B8D
0x803F0F44, 0x3EA05545
0x803F0F4C, 0x62B555D5
0x803F0F34, 0x3EC0ACF1
0x803F0F3C, 0x62D66AE9
0x803F0F44, 0x3EE055FF
0x803F0F4C, 0x62F70055
0x803F0F34, 0x3F00A4B0
0x803F0F3C, 0x63186AC9
0x803F0F44, 0x3F2057FD
0x803F0F4C, 0x63390055
0x803F0F34, 0x3F40734C
0x803F0F3C, 0x635A4A07
0x803F0F44, 0x3F605597
0x803F0F4C, 0x637B2700
0x803F0F34, 0x3F809D13
0x803F0F3C, 0x639C5249
0x803F0F44, 0x3FA05555
0x803F0F4C, 0x63BDFF00
0x803F0F34, 0x3FC08BCD
0x803F0F3C, 0x63DE6AEA
0x803F0F44, 0x3FE0BD55
0x803F0F4C, 0x63FF0555
0x803F0F34, 0x60000000
0x803F0F3C, 0x60000000
0x803F0F44, 0x60000000
0x803F0F4C, 0xBE300000
0x803F0F34, 0x60000000
0x803F0F3C, 0x60000000
0x803F0F44, 0x60000000
0x803F0F4C, 0x60000000
0x803F0F4C, 0xBE300000
0x803F0F34, 0x3E008157
0x803F0F3C, 0x62108D38
0x803F0F44, 0x3E20AD12
0x803F0F4C, 0x623162A9
0x803F0F34, 0x3E4055D5
0x803F0F3C, 0x62525545
0x803F0F44, 0x3E609CF3
0x803F0F4C, 0x62735AAA
0x803F0F34, 0x3E805557
0x803F0F3C, 0x6294FF00
0x803F0F44, 0x3EA09CD3
0x803F0F4C, 0x62B562EA
0x803F0F34, 0x3EC055F5
0x803F0F3C, 0x62D6FD00
0x803F0F44, 0x3EE062EB
0x803F0F4C, 0x62F75248
0x803F0F34, 0x3F00A055
0x803F0F3C, 0x631880EA
0x803F0F44, 0x3F20DF19
0x803F0F4C, 0x63396B2C
0x803F0F34, 0x3F407C55
0x803F0F3C, 0x635A5555
0x803F0F44, 0x3F608430
0x803F0F4C, 0x637B5AA9
0x803F0F34, 0x3F8055F5
0x803F0F3C, 0x639CFF00
0x803F0F44, 0x3FA073AE
0x803F0F4C, 0x63BD62AA
0x803F0F34, 0x3FC05555
0x803F0F3C, 0x63DEF502
0x803F0F44, 0x3FE09471
0x803F0F4C, 0x63FF5A89
0x803F0F34, 0x60000000
0x803F0F3C, 0x60000000
0x803F0F44, 0x60000000
0x803F0F4C, 0xBE300000
0x803F0F34, 0x60000000
0x803F0F3C, 0x60000000
0x803F0F44, 0x60000000
0x803F0F4C, 0x60000000
0x803F0F4C, 0xBE300000
0x803F0F34, 0x3E008157
0x803F0F3C, 0x62108D74
0x803F0F44, 0x3E200055
0x803F0F4C, 0x6231FF80
0x803F0F34, 0x3E408C51
0x803F0F3C, 0x62524A27
0x803F0F44, 0x3E600055
0x803F0F4C, 0x6273FD00
0x803F0F34, 0x3E806B2C
0x803F0F3C, 0x629462AA
0x803F0F44, 0x3EA0E0D6
0x803F0F4C, 0x62B59407
0x803F0F34, 0x3EC0D637
0x803F0F3C, 0x62D67B6C
0x803F0F44, 0x3EE04955
0x803F0F4C, 0x62F77575
0x803F0F34, 0x3F008C30
0x803F0F3C, 0x63185248
0x803F0F44, 0x3F200355
0x803F0F4C, 0x63397702
0x803F0F34, 0x3F405A89
0x803F0F3C, 0x635A28E2
0x803F0F44, 0x3F600084
0x803F0F4C, 0x637B8484
0x803F0F34, 0x3F8062CA
0x803F0F3C, 0x639C49C6
0x803F0F44, 0x3FA00015
0x803F0F4C, 0x63BDFF5E
0x803F0F34, 0x3FC05A89
0x803F0F3C, 0x63DE4164
0x803F0F44, 0x3FE00055
0x803F0F4C, 0x63FF8000
0x803F0F34, 0x60000000
0x803F0F3C, 0x60000000
0x803F0F44, 0x60000000
0x803F0F4C, 0xBE300000
0x803F0F34, 0x60000000
0x803F0F3C, 0x60000000
0x803F0F44, 0x60000000
0x803F0F4C, 0x60000000
0x803F0F4C, 0xBE300000
0x803F0F34, 0x3E008157
0x803F0F3C, 0x62108DB0
0x803F0F44, 0x3E207BAE
0x803F0F4C, 0x62315248
0x803F0F34, 0x3E408077
0x803F0F3C, 0x6252557A
0x803F0F44, 0x3E607BAE
0x803F0F4C, 0x62735248
0x803F0F34, 0x3E8000FF
0x803F0F3C, 0x629455AA
0x803F0F44, 0x3EA062AA
0x803F0F4C, 0x62B549E6
0x803F0F34, 0x3EC0005E
0x803F0F3C, 0x62D62800
0x803F0F44, 0x3EE09CB1
0x803F0F4C, 0x62F76AEB
0x803F0F34, 0x3F00E053
0x803F0F3C, 0x63185555
0x803F0F44, 0x3F20D696
0x803F0F4C, 0x63396B0B
0x803F0F34, 0x3F40FF5C
0x803F0F3C, 0x635A5555
0x803F0F44, 0x3F60736D
0x803F0F4C, 0x637B41C6
0x803F0F34, 0x3F800000
0x803F0F3C, 0x639C55AF
0x803F0F44, 0x3FA09CF3
0x803F0F4C, 0x63BD5A89
0x803F0F34, 0x3FC000D7
0x803F0F3C, 0x63DE5555
0x803F0F44, 0x3FE09CF3
0x803F0F4C, 0x63FF5A69
0x803F0F34, 0x60000000
0x803F0F3C, 0x60000000
0x803F0F44, 0x60000000
0x803F0F4C, 0xBE300000
0x803F0F34, 0x60000000
0x803F0F3C, 0x60000000
0x803F0F44, 0x60000000
0x803F0F4C, 0x60000000
0x803F0F4C, 0xBE300000
0x803F0F34, 0x3E008157
0x803F0F3C, 0x62108DEC
0x803F0F44, 0x3E2000F7
0x803F0F4C, 0x62315555
0x803F0F34, 0x3E407BAE
0x803F0F3C, 0x62524A27
0x803F0F44, 0x3E60AF00
0x803F0F4C, 0x62735557
0x803F0F34, 0x3E80942F
0x803F0F3C, 0x629462A9
0x803F0F44, 0x3EA05601
0x803F0F4C, 0x62B57771
0x803F0F34, 0x3EC09471
0x803F0F3C, 0x62D662A9
0x803F0F44, 0x3EE00055
0x803F0F4C, 0x62F75BEE
0x803F0F34, 0x3F00A4F1
0x803F0F3C, 0x6318732B
0x803F0F44, 0x3F202F53
0x803F0F4C, 0x63395B55
0x803F0F34, 0x3F40D656
0x803F0F3C, 0x635A62C9
0x803F0F44, 0x3F60DC55
0x803F0F4C, 0x637B1555
0x803F0F34, 0x3F8083CD
0x803F0F3C, 0x639C5A88
0x803F0F44, 0x3FA0D580
0x803F0F4C, 0x63BD5555
0x803F0F34, 0x3FC07B6C
0x803F0F3C, 0x63DE5A68
0x803F0F44, 0x3FE02B20
0x803F0F4C, 0x63FF5555
0x803F0F34, 0x60000000
0x803F0F3C, 0x60000000
0x803F0F44, 0x60000000
0x803F0F4C, 0xBE300000
0x803F0F34, 0x60000000
0x803F0F3C, 0x60000000
0x803F0F44, 0x60000000
0x803F0F4C, 0x60000000
0x803F0F4C, 0xBE300000
0x803F0F34, 0x3E008157
0x803F0F3C, 0x62108E28
0x803F0F44, 0x3E2094B1
0x803F0F4C, 0x623162A9
0x803F0F34, 0x3E407F00
0x803F0F3C, 0x62525555
0x803F0F44, 0x3E607BAD
0x803F0F4C, 0x627362A9
0x803F0F34, 0x3E805500
0x803F0F3C, 0x6294FA55
0x803F0F44, 0x3EA083CD
0x803F0F4C, 0x62B55A89
0x803F0F34, 0x3EC0FF02
0x803F0F3C, 0x62D60055
0x803F0F44, 0x3EE0840F
0x803F0F4C, 0x62F75A68
0x803F0F34, 0x3F00AA00
0x803F0F3C, 0x6318FF55
0x803F0F44, 0x3F20BDB5
0x803F0F4C, 0x633962CA
0x803F0F34, 0x3F40FDAA
0x803F0F3C, 0x635A4155
0x803F0F44, 0x3F607B8C
0x803F0F4C, 0x637B41A5
0x803F0F34, 0x3F80AA0A
0x803F0F3C, 0x639C0055
0x803F0F44, 0x3FA09C6F
0x803F0F4C, 0x63BD6ACA
0x803F0F34, 0x3FC055D5
0x803F0F3C, 0x63DE0275
0x803F0F44, 0x3FE083CE
0x803F0F4C, 0x63FF5227
0x803F0F34, 0x60000000
0x803F0F3C, 0x60000000
0x803F0F44, 0x60000000
0x803F0F4C, 0xBE300000
0x803F0F34, 0x60000000
0x803F0F3C, 0x60000000
0x803F0F44, 0x60000000
0x803F0F4C, 0x60000000
0x803F0F4C, 0xBE300000
0x803F0F34, 0x3E008157
0x803F0F3C, 0x62108E64
0x803F0F44, 0x3E20AA00
0x803F0F4C, 0x6231FF55
0x803F0F34, 0x3E40732B
0x803F0F3C, 0x625249C6
0x803F0F44, 0x3E600000
0x803F0F4C, 0x6273A85E
0x803F0F34, 0x3E807B2A
0x803F0F3C, 0x62945248
0x803F0F44, 0x3EA05540
0x803F0F4C, 0x62B52800
0x803F0F34, 0x3EC0F77C
0x803F0F3C, 0x62D6838B
0x803F0F44, 0x3EE05551
0x803F0F4C, 0x62F75555
0x803F0F34, 0x3F007B4B
0x803F0F3C, 0x63185AAA
0x803F0F44, 0x3F20D5AD
0x803F0F4C, 0x63398020
0x803F0F34, 0x3F40F77C
0x803F0F3C, 0x635A7B6B
0x803F0F44, 0x3F605555
0x803F0F4C, 0x637BD515
0x803F0F34, 0x3F808BCB
0x803F0F3C, 0x639C72E8
0x803F0F44, 0x3FA058F8
0x803F0F4C, 0x63BD00A0
0x803F0F34, 0x3FC0F79C
0x803F0F3C, 0x63DE93EB
0x803F0F44, 0x3FE05555
0x803F0F4C, 0x63FF5515
0x803F0F34, 0x60000000
0x803F0F3C, 0x60000000
0x803F0F44, 0x60000000
0x803F0F4C, 0xBE300000
0x803F0F34, 0x60000000
0x803F0F3C, 0x60000000
0x803F0F44, 0x60000000
0x803F0F4C, 0x60000000
0x803F0F4C, 0xBE300000
0x803F0F34, 0x3E008157
0x803F0F3C, 0x62108EA0
0x803F0F44, 0x3E20A4AF
0x803F0F4C, 0x6231838B
0x803F0F34, 0x3E40D657
0x803F0F3C, 0x62526055
0x803F0F44, 0x3E60FFFF
0x803F0F4C, 0x62738BEC
0x803F0F34, 0x3E801555
0x803F0F3C, 0x6294FF55
0x803F0F44, 0x3EA0A48D
0x803F0F4C, 0x62B58BAB
0x803F0F34, 0x3EC0FF80
0x803F0F3C, 0x62D65500
0x803F0F44, 0x3EE0AC8D
0x803F0F4C, 0x62F7732A
0x803F0F34, 0x3F00AA00
0x803F0F3C, 0x6318FD00
0x803F0F44, 0x3F20EF38
0x803F0F4C, 0x63399C2D
0x803F0F34, 0x3F405555
0x803F0F3C, 0x635AFD53
0x803F0F44, 0x3F60B4EF
0x803F0F4C, 0x637B940D
0x803F0F34, 0x3F80FEE8
0x803F0F3C, 0x639C5500
0x803F0F44, 0x3FA0ACAD
0x803F0F4C, 0x63BD5A88
0x803F0F34, 0x3FC00005
0x803F0F3C, 0x63DE7A00
0x803F0F44, 0x3FE0F77C
0x803F0F4C, 0x63FF9C4D
0x803F0F34, 0x60000000
0x803F0F3C, 0x60000000
0x803F0F44, 0x60000000
0x803F0F4C, 0xBE300000
0x803F0F34, 0x60000000
0x803F0F3C, 0x60000000
0x803F0F44, 0x60000000
0x803F0F4C, 0x60000000
0x803F0F4C, 0xBE300000
0x803F0F34, 0x3E008157
0x803F0F3C, 0x62108EDC
0x803F0F44, 0x3E207755
0x803F0F4C, 0x62317C55
0x803F0F34, 0x3E40BD30
0x803F0F3C, 0x625283CC
0x803F0F44, 0x3E60A800
0x803F0F4C, 0x62735500
0x803F0F34, 0x3E80BD30
0x803F0F3C, 0x6294734B
0x803F0F44, 0x3EA00080
0x803F0F4C, 0x62B5F502
0x803F0F34, 0x3EC0BD4F
0x803F0F3C, 0x62D68369
0x803F0F44, 0x3EE00080
0x803F0F4C, 0x62F7957E
0x803F0F34, 0x3F00DE54
0x803F0F3C, 0x6318ACAD
0x803F0F44, 0x3F20F457
0x803F0F4C, 0x63397E20
0x803F0F34, 0x3F40B50F
0x803F0F3C, 0x635A62CA
0x803F0F44, 0x3F60000D
0x803F0F4C, 0x637B7A80
0x803F0F34, 0x3F80B50F
0x803F0F3C, 0x639C5AA9
0x803F0F44, 0x3FA0255A
0x803F0F4C, 0x63BD8009
0x803F0F34, 0x3FC0CDB1
0x803F0F3C, 0x63DE9C0B
0x803F0F44, 0x3FE005D7
0x803F0F4C, 0x63FFA800
0x803F0F34, 0x60000000
0x803F0F3C, 0x60000000
0x803F0F44, 0x60000000
0x803F0F4C, 0xBE300000
0x803F0F34, 0x60000000
0x803F0F3C, 0x60000000
0x803F0F44, 0x60000000
0x803F0F4C, 0x60000000
0x803F0F4C, 0xBE300000
0x803F0F34, 0x3E008157
0x803F0F3C, 0x62108F18
0x803F0F44, 0x3E20D612
0x803F0F4C, 0x623193EB
0x803F0F34, 0x3E4055EA
0x803F0F3C, 0x62520000
0x803F0F44, 0x3E60CD70
0x803F0F4C, 0x6273B4AD
0x803F0F34, 0x3E800055
0x803F0F3C, 0x6294ABAA
0x803F0F44, 0x3EA0C52F
0x803F0F4C, 0x62B5A44C
0x803F0F34, 0x3EC00D55
0x803F0F3C, 0x62D68200
0x803F0F44, 0x3EE0CD4F
0x803F0F4C, 0x62F782E7
0x803F0F34, 0x3F000000
0x803F0F3C, 0x6318D554
0x803F0F44, 0x3F20C54F
0x803F0F4C, 0x63396A44
0x803F0F34, 0x3F400000
0x803F0F3C, 0x635A5500
0x803F0F44, 0x3F60B4CE
0x803F0F4C, 0x637B7B4A
0x803F0F34, 0x3F80F5AB
0x803F0F3C, 0x639C0000
0x803F0F44, 0x3FA0B4CE
0x803F0F4C, 0x63BD836A
0x803F0F34, 0x3FC075D5
0x803F0F3C, 0x63DE0000
0x803F0F44, 0x3FE0C52F
0x803F0F4C, 0x63FF6A45
0x803F0F34, 0x60000000
0x803F0F3C, 0x60000000
0x803F0F44, 0x60000000
0x803F0F4C, 0xBE300000
0x803F0F34, 0x60000000
0x803F0F3C, 0x60000000
0x803F0F44, 0x60000000
0x803F0F4C, 0x60000000
0x803F0F4C, 0xBE300000
0x803F0F34, 0x3E008157
0x803F0F3C, 0x62108F54
0x803F0F44, 0x3E200000
0x803F0F4C, 0x62315517
0x803F0F34, 0x3E40BCEE
0x803F0F3C, 0x62526245
0x803F0F44, 0x3E600000
0x803F0F4C, 0x62735500
0x803F0F34, 0x3E80ACAD
0x803F0F3C, 0x62947B6A
0x803F0F44, 0x3EA07D55
0x803F0F4C, 0x62B50200
0x803F0F34, 0x3EC0FFBB
0x803F0F3C, 0x62D6940C
0x803F0F44, 0x3EE05545
0x803F0F4C, 0x62F75555
0x803F0F34, 0x3F00B4AE
0x803F0F3C, 0x63186245
0x803F0F44, 0x3F200000
0x803F0F4C, 0x6339D500
0x803F0F34, 0x3F40AC8D
0x803F0F3C, 0x635A4982
0x803F0F44, 0x3F600000
0x803F0F4C, 0x637B5500
0x803F0F34, 0x3F809C4D
0x803F0F3C, 0x639C6AE9
0x803F0F44, 0x3FA0D580
0x803F0F4C, 0x63BD0000
0x803F0F34, 0x3FC09C4D
0x803F0F3C, 0x63DE62A8
0x803F0F44, 0x3FE05505
0x803F0F4C, 0x63FF0000
0x803F0F34, 0x60000000
0x803F0F3C, 0x60000000
0x803F0F44, 0x60000000
0x803F0F4C, 0xBE300000
0x803F0F34, 0x60000000
0x803F0F3C, 0x60000000
0x803F0F44, 0x60000000
0x803F0F4C, 0x60000000
0x803F0F4C, 0xBE300000
0x803F0F34, 0x3E008157
0x803F0F3C, 0x62108F90
0x803F0F44, 0x3E20AC6D
0x803F0F4C, 0x623151A3
0x803F0F34, 0x3E400000
0x803F0F3C, 0x62525500
0x803F0F44, 0x3E60A44D
0x803F0F4C, 0x62735A25
0x803F0F34, 0x3E800000
0x803F0F3C, 0x62945F01
0x803F0F44, 0x3EA08BAB
0x803F0F4C, 0x62B549E6
0x803F0F34, 0x3EC0D5B8
0x803F0F3C, 0x62D60000
0x803F0F44, 0x3EE07B6B
0x803F0F4C, 0x62F741C6
0x803F0F34, 0x3F0055A8
0x803F0F3C, 0x63180A00
0x803F0F44, 0x3F2093EC
0x803F0F4C, 0x63394163
0x803F0F34, 0x3F400000
0x803F0F3C, 0x635AA850
0x803F0F44, 0x3F60940C
0x803F0F4C, 0x637B838B
0x803F0F34, 0x3F800000
0x803F0F3C, 0x639CEA95
0x803F0F44, 0x3FA083AC
0x803F0F4C, 0x63BD5A68
0x803F0F34, 0x3FC0550A
0x803F0F3C, 0x63DEFF00
0x803F0F44, 0x3FE07B4B
0x803F0F4C, 0x63FF5227
0x803F0F34, 0x60000000
0x803F0F3C, 0x60000000
0x803F0F44, 0x60000000
0x803F0F4C, 0xBE300000
0x803F0F34, 0x60000000
0x803F0F3C, 0x60000000
0x803F0F44, 0x60000000
0x803F0F4C, 0x60000000
0x803F0F4C, 0xBE300000
0x803F0F34, 0x3E008157
0x803F0F3C, 0x62108FCC
0x803F0F44, 0x3E2055AE
0x803F0F4C, 0x6231FF00
0x803F0F34, 0x3E40942D
0x803F0F3C, 0x6252730A
0x803F0F44, 0x3E602000
0x803F0F4C, 0x627300D5
0x803F0F34, 0x3E80940D
0x803F0F3C, 0x62945A47
0x803F0F44, 0x3EA00000
0x803F0F4C, 0x62B50AD5
0x803F0F34, 0x3EC07B4B
0x803F0F3C, 0x62D65247
0x803F0F44, 0x3EE057BF
0x803F0F4C, 0x62F77D01
0x803F0F34, 0x3F00C5B4
0x803F0F3C, 0x631849A5
0x803F0F44, 0x3F206545
0x803F0F4C, 0x63395755
0x803F0F34, 0x3F4083AC
0x803F0F3C, 0x635A49C5
0x803F0F44, 0x3F600302
0x803F0F4C, 0x637B0255
0x803F0F34, 0x3F806205
0x803F0F3C, 0x639C4942
0x803F0F44, 0x3FA00604
0x803F0F4C, 0x63BD0404
0x803F0F34, 0x3FC07B4B
0x803F0F3C, 0x63DE4A07
0x803F0F44, 0x3FE05D55
0x803F0F4C, 0x63FFC060
0x803F0F34, 0x60000000
0x803F0F3C, 0x60000000
0x803F0F44, 0x60000000
0x803F0F4C, 0xBE300000
0x803F0F34, 0x60000000
0x803F0F3C, 0x60000000
0x803F0F44, 0x60000000
0x803F0F4C, 0x60000000
0x803F0F4C, 0xBE300000
0x803F0F34, 0x3E008157
0x803F0F3C, 0x62109008
0x803F0F44, 0x3E208BED
0x803F0F4C, 0x62315248
0x803F0F34, 0x3E405755
0x803F0F3C, 0x62520080
0x803F0F44, 0x3E60A46D
0x803F0F4C, 0x62735A05
0x803F0F34, 0x3E806060
0x803F0F3C, 0x62946057
0x803F0F44, 0x3EA0D613
0x803F0F4C, 0x62B572C7
0x803F0F34, 0x3EC08080
0x803F0F3C, 0x62D68055
0x803F0F44, 0x3EE083AC
0x803F0F4C, 0x62F75248
0x803F0F34, 0x3F0080F5
0x803F0F3C, 0x6318000A
0x803F0F44, 0x3F207B6C
0x803F0F4C, 0x633941A5
0x803F0F34, 0x3F400055
0x803F0F3C, 0x635A0AA2
0x803F0F44, 0x3F60CDD2
0x803F0F4C, 0x637B6A24
0x803F0F34, 0x3F800A00
0x803F0F3C, 0x639C0055
0x803F0F44, 0x3FA0C550
0x803F0F4C, 0x63BD72A6
0x803F0F34, 0x3FC0A800
0x803F0F3C, 0x63DE0057
0x803F0F44, 0x3FE09C6F
0x803F0F4C, 0x63FF6AC9
0x803F0F34, 0x60000000
0x803F0F3C, 0x60000000
0x803F0F44, 0x60000000
0x803F0F4C, 0xBE300000
0x803F0F34, 0x60000000
0x803F0F3C, 0x60000000
0x803F0F44, 0x60000000
0x803F0F4C, 0x60000000
0x803F0F4C, 0xBE300000
0x803F0F34, 0x3E008157
0x803F0F3C, 0x62109044
0x803F0F44, 0x3E202955
0x803F0F4C, 0x6231D1C7
0x803F0F34, 0x3E40730A
0x803F0F3C, 0x62525226
0x803F0F44, 0x3E60823D
0x803F0F4C, 0x62735700
0x803F0F34, 0x3E80D5D2
0x803F0F3C, 0x6294A44C
0x803F0F44, 0x3EA0AF0A
0x803F0F4C, 0x62B50057
0x803F0F34, 0x3EC0D5D1
0x803F0F3C, 0x62D6B4CE
0x803F0F44, 0x3EE055F8
0x803F0F4C, 0x62F70078
0x803F0F34, 0x3F00FFBE
0x803F0F3C, 0x631862C9
0x803F0F44, 0x3F205555
0x803F0F4C, 0x63395551
0x803F0F34, 0x3F40BD51
0x803F0F3C, 0x635A6AE9
0x803F0F44, 0x3F605F58
0x803F0F4C, 0x637B555F
0x803F0F34, 0x3F80DE12
0x803F0F3C, 0x639CB4CE
0x803F0F44, 0x3FA0D502
0x803F0F4C, 0x63BD002A
0x803F0F34, 0x3FC0C570
0x803F0F3C, 0x63DE9C0C
0x803F0F44, 0x3FE0552A
0x803F0F4C, 0x63FF0000
0x803F0F34, 0x60000000
0x803F0F3C, 0x60000000
0x803F0F44, 0x60000000
0x803F0F4C, 0xBE300000
0x803F0F34, 0x60000000
0x803F0F3C, 0x60000000
0x803F0F44, 0x60000000
0x803F0F4C, 0x60000000
0x803F0F4C, 0xBE300000
0x803F0F34, 0x3E008157
0x803F0F3C, 0x62109080
0x803F0F44, 0x3E207B4B
0x803F0F4C, 0x62315227
0x803F0F34, 0x3E4002FA
0x803F0F3C, 0x62525500
0x803F0F44, 0x3E608BCC
0x803F0F4C, 0x62736AEA
0x803F0F34, 0x3E8055E0
0x803F0F3C, 0x6294F3A0
0x803F0F44, 0x3EA0D5F2
0x803F0F4C, 0x62B5A46C
0x803F0F34, 0x3EC05582
0x803F0F3C, 0x62D60000
0x803F0F44, 0x3EE0C54F
0x803F0F4C, 0x62F79C2C
0x803F0F34, 0x3F00553D
0x803F0F3C, 0x63182B0B
0x803F0F44, 0x3F20A46E
0x803F0F4C, 0x63396AE9
0x803F0F34, 0x3F405DC5
0x803F0F3C, 0x635A45AA
0x803F0F44, 0x3F60ACF0
0x803F0F4C, 0x637B7B4A
0x803F0F34, 0x3F8005FA
0x803F0F3C, 0x639C55F5
0x803F0F44, 0x3FA09C2C
0x803F0F4C, 0x63BD93CB
0x803F0F34, 0x3FC055FD
0x803F0F3C, 0x63DE2A02
0x803F0F44, 0x3FE093EB
0x803F0F4C, 0x63FF8349
0x803F0F34, 0x60000000
0x803F0F3C, 0x60000000
0x803F0F44, 0x60000000
0x803F0F4C, 0xBE300000
0x803F0F34, 0x60000000
0x803F0F3C, 0x60000000
0x803F0F44, 0x60000000
0x803F0F4C, 0x60000000
0x803F0F4C, 0xBE300000
0x803F0F34, 0x3E008157
0x803F0F3C, 0x621090BC
0x803F0F44, 0x3E205588
0x803F0F4C, 0x62310000
0x803F0F34, 0x3E40942D
0x803F0F3C, 0x62526AC8
0x803F0F44, 0x3E60EA00
0x803F0F4C, 0x62735F55
0x803F0F34, 0x3E808BCB
0x803F0F3C, 0x629462A8
0x803F0F44, 0x3EA00002
0x803F0F4C, 0x62B5AB5E
0x803F0F34, 0x3EC093EB
0x803F0F3C, 0x62D67309
0x803F0F44, 0x3EE05500
0x803F0F4C, 0x62F70000
0x803F0F34, 0x3F008BAB
0x803F0F3C, 0x63187308
0x803F0F44, 0x3F205509
0x803F0F4C, 0x63390B03
0x803F0F34, 0x3F4093EB
0x803F0F3C, 0x635A7309
0x803F0F44, 0x3F6000F5
0x803F0F4C, 0x637BE829
0x803F0F34, 0x3F8093CB
0x803F0F3C, 0x639C5A66
0x803F0F44, 0x3FA00950
0x803F0F4C, 0x63BD017F
0x803F0F34, 0x3FC0D611
0x803F0F3C, 0x63DE7308
0x803F0F44, 0x3FE05555
0x803F0F4C, 0x63FF5552
0x803F0F34, 0x60000000
0x803F0F3C, 0x60000000
0x803F0F44, 0x60000000
0x803F0F4C, 0xBE300000
0x803F0F34, 0x60000000
0x803F0F3C, 0x60000000
0x803F0F44, 0x60000000
0x803F0F4C, 0x60000000
0x803F0F4C, 0xBE300000
0x803F0F34, 0x3E008157
0x803F0F3C, 0x621090F8
0x803F0F44, 0x3E207B29
0x803F0F4C, 0x62313942
0x803F0F34, 0x3E400000
0x803F0F3C, 0x62520015
0x803F0F44, 0x3E60940B
0x803F0F4C, 0x62736267
0x803F0F34, 0x3E807A00
0x803F0F3C, 0x629472E0
0x803F0F44, 0x3EA0ACAD
0x803F0F4C, 0x62B57B08
0x803F0F34, 0x3EC00055
0x803F0F3C, 0x62D657FE
0x803F0F44, 0x3EE0B4CD
0x803F0F4C, 0x62F76244
0x803F0F34, 0x3F00C280
0x803F0F3C, 0x63180775
0x803F0F44, 0x3F209C2B
0x803F0F4C, 0x633951C2
0x803F0F34, 0x3F402000
0x803F0F3C, 0x635A57A0
0x803F0F44, 0x3F60BD2E
0x803F0F4C, 0x637B8B89
0x803F0F34, 0x3F805557
0x803F0F3C, 0x639C78E0
0x803F0F44, 0x3FA0D5F1
0x803F0F4C, 0x63BDA46C
0x803F0F34, 0x3FC055FF
0x803F0F3C, 0x63DE0A00
0x803F0F44, 0x3FE0DDF0
0x803F0F4C, 0x63FFAC06
0x803F0F34, 0x60000000
0x803F0F3C, 0x60000000
0x803F0F44, 0x60000000
0x803F0F4C, 0xBE300000
0x803F0F34, 0x60000000
0x803F0F3C, 0x60000000
0x803F0F44, 0x60000000
0x803F0F4C, 0x60000000
0x803F0F4C, 0xBE300000
0x803F0F34, 0x3E008157
0x803F0F3C, 0x62109134
0x803F0F44, 0x3E208005
0x803F0F4C, 0x6231E2B0
0x803F0F34, 0x3E40EEF6
0x803F0F3C, 0x6252B447
0x803F0F44, 0x3E60A05F
0x803F0F4C, 0x62738085
0x803F0F34, 0x3E80DE32
0x803F0F3C, 0x6294B4CD
0x803F0F44, 0x3EA058E0
0x803F0F4C, 0x62B58000
0x803F0F34, 0x3EC0E694
0x803F0F3C, 0x62D69387
0x803F0F44, 0x3EE02000
0x803F0F4C, 0x62F70075
0x803F0F34, 0x3F00DDF0
0x803F0F3C, 0x63189BC7
0x803F0F44, 0x3F209500
0x803F0F4C, 0x6339B0F2
0x803F0F34, 0x3F40DE11
0x803F0F3C, 0x635A8306
0x803F0F44, 0x3F605555
0x803F0F4C, 0x637BF525
0x803F0F34, 0x3F80DE33
0x803F0F3C, 0x639C7284
0x803F0F44, 0x3FA00000
0x803F0F4C, 0x63BD0055
0x803F0F34, 0x3FC0E6B5
0x803F0F3C, 0x63DEA3E8
0x803F0F44, 0x3FE00000
0x803F0F4C, 0x63FF375C
0x803F0F34, 0x60000000
0x803F0F3C, 0x60000000
0x803F0F44, 0x60000000
0x803F0F4C, 0xBE300000
0x803F0F34, 0x60000000
0x803F0F3C, 0x60000000
0x803F0F44, 0x60000000
0x803F0F4C, 0x60000000
0x803F0F4C, 0xBE300000
0x803F0F34, 0x3E008157
0x803F0F3C, 0x62109170
0x803F0F44, 0x3E20C550
0x803F0F4C, 0x62316A44
0x803F0F34, 0x3E404040
0x803F0F3C, 0x62524040
0x803F0F44, 0x3E60FF9A
0x803F0F4C, 0x6273DE53
0x803F0F34, 0x3E807870
0x803F0F3C, 0x62947060
0x803F0F44, 0x3EA0E610
0x803F0F4C, 0x62B572C6
0x803F0F34, 0x3EC00606
0x803F0F3C, 0x62D60E02
0x803F0F44, 0x3EE0C54F
0x803F0F4C, 0x62F7C52E
0x803F0F34, 0x3F0011A4
0x803F0F3C, 0x63187D79
0x803F0F44, 0x3F20FF77
0x803F0F4C, 0x6339CD2F
0x803F0F34, 0x3F400101
0x803F0F3C, 0x635A0109
0x803F0F44, 0x3F60C52F
0x803F0F4C, 0x637BC52E
0x803F0F34, 0x3F800C35
0x803F0F3C, 0x639C1325
0x803F0F44, 0x3FA0C52E
0x803F0F4C, 0x63BD5A04
0x803F0F34, 0x3FC01715
0x803F0F3C, 0x63DE1515
0x803F0F44, 0x3FE0BD0E
0x803F0F4C, 0x63FFBCCE
0x803F0F34, 0x60000000
0x803F0F3C, 0x60000000
0x803F0F44, 0x60000000
0x803F0F4C, 0xBE300000
0x803F0F34, 0x60000000
0x803F0F3C, 0x60000000
0x803F0F44, 0x60000000
0x803F0F4C, 0x60000000
0x803F0F4C, 0xBE300000
0x803F0F34, 0x3E008157
0x803F0F3C, 0x621091AC
0x803F0F44, 0x3E20B5A5
0x803F0F4C, 0x62312F05
0x803F0F34, 0x3E40BCEE
0x803F0F3C, 0x625259E4
0x803F0F44, 0x3E603525
0x803F0F4C, 0x62730505
0x803F0F34, 0x3E80BCCE
0x803F0F3C, 0x62949389
0x803F0F44, 0x3EA00000
0x803F0F4C, 0x62B53A15
0x803F0F34, 0x3EC0B4CD
0x803F0F3C, 0x62D6B48D
0x803F0F44, 0x3EE09589
0x803F0F4C, 0x62F7252F
0x803F0F34, 0x3F00AC8D
0x803F0F3C, 0x6318AC6D
0x803F0F44, 0x3F2095AB
0x803F0F4C, 0x63390901
0x803F0F34, 0x3F40B48D
0x803F0F3C, 0x635A82E7
0x803F0F44, 0x3F600000
0x803F0F4C, 0x637BA055
0x803F0F34, 0x3F80B46D
0x803F0F3C, 0x639C6A66
0x803F0F44, 0x3FA00800
0x803F0F4C, 0x63BD00D5
0x803F0F34, 0x3FC0A44D
0x803F0F3C, 0x63DEA42C
0x803F0F44, 0x3FE0AD29
0x803F0F4C, 0x63FF3D0D
0x803F0F34, 0x60000000
0x803F0F3C, 0x60000000
0x803F0F44, 0x60000000
0x803F0F4C, 0xBE300000
0x803F0F34, 0x60000000
0x803F0F3C, 0x60000000
0x803F0F44, 0x60000000
0x803F0F4C, 0x60000000
0x803F0F4C, 0xBE300000
0x803F0F34, 0x3E008157
0x803F0F3C, 0x621091E8
0x803F0F44, 0x3E209C0C
0x803F0F4C, 0x623151E5
0x803F0F34, 0x3E400101
0x803F0F3C, 0x62520103
0x803F0F44, 0x3E60AC4D
0x803F0F4C, 0x627359E4
0x803F0F34, 0x3E800000
0x803F0F3C, 0x62940055
0x803F0F44, 0x3EA09C0C
0x803F0F4C, 0x62B549A4
0x803F0F34, 0x3EC00200
0x803F0F3C, 0x62D60054
0x803F0F44, 0x3EE093EC
0x803F0F4C, 0x62F73943
0x803F0F34, 0x3F005050
0x803F0F3C, 0x63185050
0x803F0F44, 0x3F209C4D
0x803F0F4C, 0x63396267
0x803F0F34, 0x3F40B5B0
0x803F0F3C, 0x635AA020
0x803F0F44, 0x3F609C0C
0x803F0F4C, 0x637B4142
0x803F0F34, 0x3F805050
0x803F0F3C, 0x639C5050
0x803F0F44, 0x3FA0E6D8
0x803F0F4C, 0x63BDA44D
0x803F0F34, 0x3FC0555F
0x803F0F3C, 0x63DE5B58
0x803F0F44, 0x3FE0A4AE
0x803F0F4C, 0x63FF49E6
0x803F0F34, 0x60000000
0x803F0F3C, 0x60000000
0x803F0F44, 0x60000000
0x803F0F4C, 0xBE300000
0x803F0F34, 0x60000000
0x803F0F3C, 0x60000000
0x803F0F44, 0x60000000
0x803F0F4C, 0x60000000
0x803F0F4C, 0xBE300000
0x803F0F34, 0x3E008157
0x803F0F3C, 0x62109224
0x803F0F44, 0x3E205504
0x803F0F4C, 0x6231040C
0x803F0F34, 0x3E40A4AE
0x803F0F3C, 0x62525227
0x803F0F44, 0x3E605701
0x803F0F4C, 0x62730101
0x803F0F34, 0x3E80D698
0x803F0F3C, 0x6294A4AE
0x803F0F44, 0x3EA055F7
0x803F0F4C, 0x62B50000
0x803F0F34, 0x3EC0CDF3
0x803F0F3C, 0x62D64A06
0x803F0F44, 0x3EE0A901
0x803F0F4C, 0x62F70101
0x803F0F34, 0x3F007B4B
0x803F0F3C, 0x63182903
0x803F0F44, 0x3F200101
0x803F0F4C, 0x63390101
0x803F0F34, 0x3F406A45
0x803F0F3C, 0x635A4982
0x803F0F44, 0x3F600404
0x803F0F4C, 0x637B0404
0x803F0F34, 0x3F807B6B
0x803F0F3C, 0x639C3122
0x803F0F44, 0x3FA00101
0x803F0F4C, 0x63BD0101
0x803F0F34, 0x3FC06A65
0x803F0F3C, 0x63DE5A04
0x803F0F44, 0x3FE08404
0x803F0F4C, 0x63FF0C04
0x803F0F34, 0x60000000
0x803F0F3C, 0x60000000
0x803F0F44, 0x60000000
0x803F0F4C, 0xBE300000
0x803F0F34, 0x60000000
0x803F0F3C, 0x60000000
0x803F0F44, 0x60000000
0x803F0F4C, 0x60000000
0x803F0F4C, 0xBE300000
0x803F0F34, 0x3E008157
0x803F0F3C, 0x62109260
0x803F0F44, 0x3E20A46D
0x803F0F4C, 0x62316A86
0x803F0F34, 0x3E407050
0x803F0F3C, 0x62525058
0x803F0F44, 0x3E60BD2F
0x803F0F4C, 0x62735A04
0x803F0F34, 0x3E800040
0x803F0F3C, 0x62944040
0x803F0F44, 0x3EA0940C
0x803F0F4C, 0x62B56245
0x803F0F34, 0x3EC05050
0x803F0F3C, 0x62D65850
0x803F0F44, 0x3EE0C591
0x803F0F4C, 0x62F75205
0x803F0F34, 0x3F006A40
0x803F0F3C, 0x63184040
0x803F0F44, 0x3F20C550
0x803F0F4C, 0x63399C2B
0x803F0F34, 0x3F400075
0x803F0F3C, 0x635A5557
0x803F0F44, 0x3F60CD91
0x803F0F4C, 0x637B9BEA
0x803F0F34, 0x3F800050
0x803F0F3C, 0x639CD0D0
0x803F0F44, 0x3FA0CDD1
0x803F0F4C, 0x63BD9C4B
0x803F0F34, 0x3FC05557
0x803F0F3C, 0x63DE2280
0x803F0F44, 0x3FE0BD0F
0x803F0F4C, 0x63FF7B08
0x803F0F34, 0x60000000
0x803F0F3C, 0x60000000
0x803F0F44, 0x60000000
0x803F0F4C, 0xBE300000
0x803F0F34, 0x60000000
0x803F0F3C, 0x60000000
0x803F0F44, 0x60000000
0x803F0F4C, 0x60000000
0x803F0F4C, 0xBE300000
0x803F0F34, 0x3E008157
0x803F0F3C, 0x6210929C
0x803F0F44, 0x3E209090
0x803F0F4C, 0x62311010
0x803F0F34, 0x3E40BD0F
0x803F0F3C, 0x625272A7
0x803F0F44, 0x3E60D0D0
0x803F0F4C, 0x6273D050
0x803F0F34, 0x3E80C54F
0x803F0F3C, 0x6294BD0F
0x803F0F44, 0x3EA05500
0x803F0F4C, 0x62B5A857
0x803F0F34, 0x3EC0B4CE
0x803F0F3C, 0x62D66245
0x803F0F44, 0x3EE0D050
0x803F0F4C, 0x62F75051
0x803F0F34, 0x3F00BCEE
0x803F0F3C, 0x631872E7
0x803F0F44, 0x3F200000
0x803F0F4C, 0x63390055
0x803F0F34, 0x3F40CD30
0x803F0F3C, 0x635AA40A
0x803F0F44, 0x3F60B500
0x803F0F4C, 0x637B000E
0x803F0F34, 0x3F80CD90
0x803F0F3C, 0x639C7AC6
0x803F0F44, 0x3FA0D500
0x803F0F4C, 0x63BD0000
0x803F0F34, 0x3FC0D5B5
0x803F0F3C, 0x63DEB48E
0x803F0F44, 0x3FE0F715
0x803F0F4C, 0x63FF1715
0x803F0F34, 0x60000000
0x803F0F3C, 0x60000000
0x803F0F44, 0x60000000
0x803F0F4C, 0xBE300000
0x803F0F34, 0x60000000
0x803F0F3C, 0x60000000
0x803F0F44, 0x60000000
0x803F0F4C, 0x60000000
0x803F0F4C, 0xBE300000
0x803F0F34, 0x3E008157
0x803F0F3C, 0x621092D8
0x803F0F44, 0x3E20DE32
0x803F0F4C, 0x6231C54F
0x803F0F34, 0x3E407878
0x803F0F3C, 0x6252785E
0x803F0F44, 0x3E60E654
0x803F0F4C, 0x62737AC5
0x803F0F34, 0x3E805501
0x803F0F3C, 0x62940181
0x803F0F44, 0x3EA0B4EE
0x803F0F4C, 0x62B56224
0x803F0F34, 0x3EC05540
0x803F0F3C, 0x62D640C0
0x803F0F44, 0x3EE0DE14
0x803F0F4C, 0x62F79BAA
0x803F0F34, 0x3F00A1C1
0x803F0F3C, 0x63180187
0x803F0F44, 0x3F20C54F
0x803F0F4C, 0x63397AC5
0x803F0F34, 0x3F404242
0x803F0F3C, 0x635A4042
0x803F0F44, 0x3F60AC4B
0x803F0F4C, 0x637B4982
0x803F0F34, 0x3F805505
0x803F0F3C, 0x639C0000
0x803F0F44, 0x3FA09BE7
0x803F0F4C, 0x63BD51A3
0x803F0F34, 0x3FC0557F
0x803F0F3C, 0x63DE0A00
0x803F0F44, 0x3FE0E5CD
0x803F0F4C, 0x63FFA40B
0x803F0F34, 0x60000000
0x803F0F3C, 0x60000000
0x803F0F44, 0x60000000
0x803F0F4C, 0xBE300000
0x803F0F34, 0x60000000
0x803F0F3C, 0x60000000
0x803F0F44, 0x60000000
0x803F0F4C, 0x60000000
0x803F0F4C, 0xBE300000
0x803F0F34, 0x3E008157
0x803F0F3C, 0x62109314
0x803F0F44, 0x3E205A50
0x803F0F4C, 0x62317050
0x803F0F34, 0x3E40F778
0x803F0F3C, 0x6252DD6C
0x803F0F44, 0x3E60D515
0x803F0F4C, 0x62731595
0x803F0F34, 0x3E808B68
0x803F0F3C, 0x62943921
0x803F0F44, 0x3EA055A0
0x803F0F4C, 0x62B5A000
0x803F0F34, 0x3EC08B89
0x803F0F3C, 0x62D64142
0x803F0F44, 0x3EE05502
0x803F0F4C, 0x62F70000
0x803F0F34, 0x3F00D54B
0x803F0F3C, 0x6318A40A
0x803F0F44, 0x3F20D535
0x803F0F4C, 0x63392515
0x803F0F34, 0x3F40A42B
0x803F0F3C, 0x635A93EB
0x803F0F44, 0x3F6055D7
0x803F0F4C, 0x637BD2A0
0x803F0F34, 0x3F80E672
0x803F0F3C, 0x639C6A64
0x803F0F44, 0x3FA05B70
0x803F0F4C, 0x63BD5050
0x803F0F34, 0x3FC0B4ED
0x803F0F3C, 0x63DE8B8A
0x803F0F44, 0x3FE05555
0x803F0F4C, 0x63FF575C
0x803F0F34, 0x60000000
0x803F0F3C, 0x60000000
0x803F0F44, 0x60000000
0x803F0F4C, 0xBE300000
0x803F0F34, 0x60000000
0x803F0F3C, 0x60000000
0x803F0F44, 0x60000000
0x803F0F4C, 0x60000000
0x803F0F4C, 0xBE300000
0x803F0F34, 0x3E008157
0x803F0F3C, 0x62109350
0x803F0F44, 0x3E20D5D0
0x803F0F4C, 0x62316A64
0x803F0F34, 0x3E405050
0x803F0F3C, 0x62525252
0x803F0F44, 0x3E60F77C
0x803F0F4C, 0x6273A3EB
0x803F0F34, 0x3E805654
0x803F0F3C, 0x62945454
0x803F0F44, 0x3EA0EF39
0x803F0F4C, 0x62B559E4
0x803F0F34, 0x3EC0D595
0x803F0F3C, 0x62D61515
0x803F0F44, 0x3EE0C52E
0x803F0F4C, 0x62F793C9
0x803F0F34, 0x3F005171
0x803F0F3C, 0x6318E18B
0x803F0F44, 0x3F20FFDD
0x803F0F4C, 0x633972A6
0x803F0F34, 0x3F401515
0x803F0F3C, 0x635A1717
0x803F0F44, 0x3F60CD4D
0x803F0F4C, 0x637BA3E8
0x803F0F34, 0x3F808784
0x803F0F3C, 0x639C060E
0x803F0F44, 0x3FA0E693
0x803F0F4C, 0x63BD9BE8
0x803F0F34, 0x3FC05250
0x803F0F3C, 0x63DE5050
0x803F0F44, 0x3FE0EEF5
0x803F0F4C, 0x63FFA449
0x803F0F34, 0x60000000
0x803F0F3C, 0x60000000
0x803F0F44, 0x60000000
0x803F0F4C, 0xBE300000
0x803F0F34, 0x60000000
0x803F0F3C, 0x60000000
0x803F0F44, 0x60000000
0x803F0F4C, 0x60000000
0x803F0F4C, 0xBE300000
0x803F0F34, 0x3E008157
0x803F0F3C, 0x6210938C
0x803F0F44, 0x3E208505
0x803F0F4C, 0x62310535
0x803F0F34, 0x3E40E652
0x803F0F3C, 0x6252A408
0x803F0F44, 0x3E6050D0
0x803F0F4C, 0x62735050
0x803F0F34, 0x3E80E673
0x803F0F3C, 0x62949BC8
0x803F0F44, 0x3EA03515
0x803F0F4C, 0x62B51515
0x803F0F34, 0x3EC0E695
0x803F0F3C, 0x62D693A7
0x803F0F44, 0x3EE0DA58
0x803F0F4C, 0x62F75858
0x803F0F34, 0x3F00FFDE
0x803F0F3C, 0x63188B47
0x803F0F44, 0x3F203535
0x803F0F4C, 0x63391515
0x803F0F34, 0x3F40F75B
0x803F0F3C, 0x635AAC4A
0x803F0F44, 0x3F605050
0x803F0F4C, 0x637B787C
0x803F0F34, 0x3F80F716
0x803F0F3C, 0x639C7AC6
0x803F0F44, 0x3FA03535
0x803F0F4C, 0x63BD1515
0x803F0F34, 0x3FC0C54F
0x803F0F3C, 0x63DE72C6
0x803F0F44, 0x3FE04080
0x803F0F4C, 0x63FF0000
0x803F0F34, 0x60000000
0x803F0F3C, 0x60000000
0x803F0F44, 0x60000000
0x803F0F4C, 0xBE300000
0x803F0F34, 0x60000000
0x803F0F3C, 0x60000000
0x803F0F44, 0x60000000
0x803F0F4C, 0x60000000
0x803F0F4C, 0xBE300000
0x803F0F34, 0x3E008157
0x803F0F3C, 0x621093C8
0x803F0F44, 0x3E20F758
0x803F0F4C, 0x6231EEB5
0x803F0F34, 0x3E406060
0x803F0F3C, 0x6252607A
0x803F0F44, 0x3E60DE12
0x803F0F4C, 0x6273B4CD
0x803F0F34, 0x3E805858
0x803F0F3C, 0x62947071
0x803F0F44, 0x3EA0EEB5
0x803F0F4C, 0x62B57AA5
0x803F0F34, 0x3EC00000
0x803F0F3C, 0x62D60055
0x803F0F44, 0x3EE0EE2F
0x803F0F4C, 0x62F78307
0x803F0F34, 0x3F000109
0x803F0F3C, 0x631809F5
0x803F0F44, 0x3F20E652
0x803F0F4C, 0x6339C52E
0x803F0F34, 0x3F405555
0x803F0F3C, 0x635A5554
0x803F0F44, 0x3F60C4AE
0x803F0F4C, 0x637B59C4
0x803F0F34, 0x3F800F5B
0x803F0F3C, 0x639CD151
0x803F0F44, 0x3FA0B44C
0x803F0F4C, 0x63BD3103
0x803F0F34, 0x3FC000D1
0x803F0F3C, 0x63DE56F5
0x803F0F44, 0x3FE0C50E
0x803F0F4C, 0x63FF59E4
0x803F0F34, 0x60000000
0x803F0F3C, 0x60000000
0x803F0F44, 0x60000000
0x803F0F4C, 0xBE300000
0x803F0F34, 0x60000000
0x803F0F3C, 0x60000000
0x803F0F44, 0x60000000
0x803F0F4C, 0x60000000
0x803F0F4C, 0xBE300000
0x803F0F34, 0x3E008157
0x803F0F3C, 0x62109404
0x803F0F44, 0x3E200505
0x803F0F4C, 0x62310505
0x803F0F34, 0x3E40B4AD
0x803F0F3C, 0x625259E4
0x803F0F44, 0x3E600505
0x803F0F4C, 0x627385C5
0x803F0F34, 0x3E80ABEB
0x803F0F3C, 0x62944984
0x803F0F44, 0x3EA006DB
0x803F0F4C, 0x62B5435D
0x803F0F34, 0x3EC0A3AA
0x803F0F3C, 0x62D628E3
0x803F0F44, 0x3EE04C11
0x803F0F4C, 0x62F79675
0x803F0F34, 0x3F007A25
0x803F0F3C, 0x63184101
0x803F0F44, 0x3F206704
0x803F0F4C, 0x63390402
0x803F0F34, 0x3F4061E4
0x803F0F3C, 0x635A4922
0x803F0F44, 0x3F604100
0x803F0F4C, 0x637B0A07
0x803F0F34, 0x3F80E5CF
0x803F0F3C, 0x639C4184
0x803F0F44, 0x3FA00076
0x803F0F4C, 0x63BD7755
0x803F0F34, 0x3FC0ABEB
0x803F0F3C, 0x63DE41A4
0x803F0F44, 0x3FE0489C
0x803F0F4C, 0x63FF5D55
0x803F0F34, 0x60000000
0x803F0F3C, 0x60000000
0x803F0F44, 0x60000000
0x803F0F4C, 0xBE300000
0x803F0F34, 0x60000000
0x803F0F3C, 0x60000000
0x803F0F44, 0x60000000
0x803F0F4C, 0x60000000
0x803F0F4C, 0xBE300000
0x803F0F34, 0x3E008157
0x803F0F3C, 0x62109440
0x803F0F44, 0x3E2069E5
0x803F0F4C, 0x62314122
0x803F0F34, 0x3E40550C
0x803F0F3C, 0x62520406
0x803F0F44, 0x3E60A44D
0x803F0F4C, 0x627359C4
0x803F0F34, 0x3E805454
0x803F0F3C, 0x62945464
0x803F0F44, 0x3EA09C0D
0x803F0F4C, 0x62B53123
0x803F0F34, 0x3EC01575
0x803F0F3C, 0x62D695F1
0x803F0F44, 0x3EE0AC2E
0x803F0F4C, 0x62F720A2
0x803F0F34, 0x3F004D65
0x803F0F3C, 0x63184541
0x803F0F44, 0x3F2093EB
0x803F0F4C, 0x63394163
0x803F0F34, 0x3F405050
0x803F0F3C, 0x635A5050
0x803F0F44, 0x3F60CE56
0x803F0F4C, 0x637B93EC
0x803F0F34, 0x3F80585C
0x803F0F3C, 0x639C5E55
0x803F0F44, 0x3FA09BAC
0x803F0F4C, 0x63BD3102
0x803F0F34, 0x3FC07855
0x803F0F3C, 0x63DE7489
0x803F0F44, 0x3FE09BCC
0x803F0F4C, 0x63FF28C2
0x803F0F34, 0x60000000
0x803F0F3C, 0x60000000
0x803F0F44, 0x60000000
0x803F0F4C, 0xBE300000
0x803F0F34, 0x60000000
0x803F0F3C, 0x60000000
0x803F0F44, 0x60000000
0x803F0F4C, 0x60000000
0x803F0F4C, 0xBE300000
0x803F0F34, 0x3E008157
0x803F0F3C, 0x6210947C
0x803F0F44, 0x3E200095
0x803F0F4C, 0x62310155
0x803F0F34, 0x3E40DEFA
0x803F0F3C, 0x6252ACCF
0x803F0F44, 0x3E60003B
0x803F0F4C, 0x6273B755
0x803F0F34, 0x3E80CE34
0x803F0F3C, 0x62947B2A
0x803F0F44, 0x3EA02901
0x803F0F4C, 0x62B581FD
0x803F0F34, 0x3EC09C0C
0x803F0F3C, 0x62D661E4
0x803F0F44, 0x3EE02A75
0x803F0F4C, 0x62F70F5F
0x803F0F34, 0x3F00A3CD
0x803F0F3C, 0x63184123
0x803F0F44, 0x3F20E191
0x803F0F4C, 0x63399111
0x803F0F34, 0x3F40834A
0x803F0F3C, 0x635A4184
0x803F0F44, 0x3F600101
0x803F0F4C, 0x637B0102
0x803F0F34, 0x3F806A65
0x803F0F3C, 0x639C6224
0x803F0F44, 0x3FA02404
0x803F0F4C, 0x63BDB400
0x803F0F34, 0x3FC07AA8
0x803F0F3C, 0x63DE4144
0x803F0F44, 0x3FE03C24
0x803F0F4C, 0x63FF3C56
0x803F0F34, 0x60000000
0x803F0F3C, 0x60000000
0x803F0F44, 0x60000000
0x803F0F4C, 0xBE300000
0x803F0F34, 0x60000000
0x803F0F3C, 0x60000000
0x803F0F44, 0x60000000
0x803F0F4C, 0x60000000
0x803F0F4C, 0xBE300000
0x803F0F34, 0x3E008157
0x803F0F3C, 0x621094B8
0x803F0F44, 0x3E20B46F
0x803F0F4C, 0x623151C4
0x803F0F34, 0x3E402507
0x803F0F3C, 0x62521785
0x803F0F44, 0x3E6093EC
0x803F0F4C, 0x62735A04
0x803F0F34, 0x3E80D0D0
0x803F0F3C, 0x6294D0D0
0x803F0F44, 0x3EA0C5B2
0x803F0F4C, 0x62B56AC8
0x803F0F34, 0x3EC0404A
0x803F0F3C, 0x62D6607F
0x803F0F44, 0x3EE0AC0E
0x803F0F4C, 0x62F759C4
0x803F0F34, 0x3F004EC9
0x803F0F3C, 0x63184260
0x803F0F44, 0x3F20AC4E
0x803F0F4C, 0x633949A4
0x803F0F34, 0x3F40DF54
0x803F0F3C, 0x635A5223
0x803F0F44, 0x3F60DE33
0x803F0F4C, 0x637BA46D
0x803F0F34, 0x3F80007F
0x803F0F3C, 0x639C7555
0x803F0F44, 0x3FA0B4CE
0x803F0F4C, 0x63BD72A7
0x803F0F34, 0x3FC01010
0x803F0F3C, 0x63DE9010
0x803F0F44, 0x3FE0B42E
0x803F0F4C, 0x63FF6205
0x803F0F34, 0x60000000
0x803F0F3C, 0x60000000
0x803F0F44, 0x60000000
0x803F0F4C, 0xBE300000
0x803F0F34, 0x60000000
0x803F0F3C, 0x60000000
0x803F0F44, 0x60000000
0x803F0F4C, 0x60000000
0x803F0F4C, 0xBE300000
0x803F0F34, 0x3E008157
0x803F0F3C, 0x621094F4
0x803F0F44, 0x3E207B64
0x803F0F4C, 0x6231545C
0x803F0F34, 0x3E40A3AB
0x803F0F3C, 0x62526A46
0x803F0F44, 0x3E60BC1F
0x803F0F4C, 0x6273C252
0x803F0F34, 0x3E809C0C
0x803F0F3C, 0x62945A04
0x803F0F44, 0x3EA0D250
0x803F0F4C, 0x62B55252
0x803F0F34, 0x3EC08B09
0x803F0F3C, 0x62D65162
0x803F0F44, 0x3EE05555
0x803F0F4C, 0x62F75654
0x803F0F34, 0x3F00A3EC
0x803F0F3C, 0x63183122
0x803F0F44, 0x3F203215
0x803F0F4C, 0x633945D5
0x803F0F34, 0x3F40A3AC
0x803F0F3C, 0x635A3923
0x803F0F44, 0x3F60ED71
0x803F0F4C, 0x637BD121
0x803F0F34, 0x3F80B450
0x803F0F3C, 0x639C51A4
0x803F0F44, 0x3FA01414
0x803F0F4C, 0x63BD2C18
0x803F0F34, 0x3FC09B6A
0x803F0F3C, 0x63DE5163
0x803F0F44, 0x3FE0A255
0x803F0F4C, 0x63FF2C04
0x803F0F34, 0x60000000
0x803F0F3C, 0x60000000
0x803F0F44, 0x60000000
0x803F0F4C, 0xBE300000
0x803F0F34, 0x60000000
0x803F0F3C, 0x60000000
0x803F0F44, 0x60000000
0x803F0F4C, 0x60000000
0x803F0F4C, 0xBE300000
0x803F0F34, 0x3E008157
0x803F0F3C, 0x62109530
0x803F0F44, 0x3E209B0D
0x803F0F4C, 0x623118C3
0x803F0F34, 0x3E409855
0x803F0F3C, 0x62525454
0x803F0F44, 0x3E608269
0x803F0F4C, 0x627318C2
0x803F0F34, 0x3E808515
0x803F0F3C, 0x6294A507
0x803F0F44, 0x3EA0B470
0x803F0F4C, 0x62B54184
0x803F0F34, 0x3EC02333
0x803F0F3C, 0x62D61515
0x803F0F44, 0x3EE0BCED
0x803F0F4C, 0x62F75A04
0x803F0F34, 0x3F00C0C0
0x803F0F3C, 0x631840C0
0x803F0F44, 0x3F206AEA
0x803F0F4C, 0x633920C2
0x803F0F34, 0x3F4031E1
0x803F0F3C, 0x635A6901
0x803F0F44, 0x3F60A3AC
0x803F0F4C, 0x637B3143
0x803F0F34, 0x3F80C048
0x803F0F3C, 0x639CB840
0x803F0F44, 0x3FA0B4AC
0x803F0F4C, 0x63BD7B08
0x803F0F34, 0x3FC00090
0x803F0F3C, 0x63DE8A8F
0x803F0F44, 0x3FE0FFFF
0x803F0F4C, 0x63FFAC29
0x803F0F34, 0x60000000
0x803F0F3C, 0x60000000
0x803F0F44, 0x60000000
0x803F0F4C, 0xBE300000
0x803F0F34, 0x60000000
0x803F0F3C, 0x60000000
0x803F0F44, 0x60000000
0x803F0F4C, 0x60000000
0x803F0F4C, 0xBE300000
0x803F0F34, 0x3E008157
0x803F0F3C, 0x6210956C
0x803F0F44, 0x3E203F75
0x803F0F4C, 0x62315555
0x803F0F34, 0x3E40942D
0x803F0F3C, 0x62524164
0x803F0F44, 0x3E60061F
0x803F0F4C, 0x62737975
0x803F0F34, 0x3E808B49
0x803F0F3C, 0x62944963
0x803F0F44, 0x3EA05551
0x803F0F4C, 0x62B5F448
0x803F0F34, 0x3EC09C0A
0x803F0F3C, 0x62D65A04
0x803F0F44, 0x3EE02010
0x803F0F4C, 0x62F7D0D0
0x803F0F34, 0x3F009C0B
0x803F0F3C, 0x63184144
0x803F0F44, 0x3F200000
0x803F0F4C, 0x63390072
0x803F0F34, 0x3F40A3CB
0x803F0F3C, 0x635A3902
0x803F0F44, 0x3F60D215
0x803F0F4C, 0x637B0506
0x803F0F34, 0x3F807AE9
0x803F0F3C, 0x639C20A1
0x803F0F44, 0x3FA01044
0x803F0F4C, 0x63BDB466
0x803F0F34, 0x3FC09BCA
0x803F0F3C, 0x63DE51C4
0x803F0F44, 0x3FE0B1B1
0x803F0F4C, 0x63FF119D
0x803F0F34, 0x60000000
0x803F0F3C, 0x60000000
0x803F0F44, 0x60000000
0x803F0F4C, 0xBE300000
0x803F0F34, 0x60000000
0x803F0F3C, 0x60000000
0x803F0F44, 0x60000000
0x803F0F4C, 0x60000000
0x803F0F4C, 0xBE300000
0x803F0F34, 0x3E008157
0x803F0F3C, 0x621095A8
0x803F0F44, 0x3E20CD53
0x803F0F4C, 0x623151C4
0x803F0F34, 0x3E406457
0x803F0F3C, 0x62526575
0x803F0F44, 0x3E60A42E
0x803F0F4C, 0x62733943
0x803F0F34, 0x3E80B712
0x803F0F3C, 0x62942904
0x803F0F44, 0x3EA0A42E
0x803F0F4C, 0x62B54983
0x803F0F34, 0x3EC015BD
0x803F0F3C, 0x62D605B5
0x803F0F44, 0x3EE0B4AB
0x803F0F4C, 0x62F759E3
0x803F0F34, 0x3F0014D4
0x803F0F3C, 0x6318545B
0x803F0F44, 0x3F20C54E
0x803F0F4C, 0x63398307
0x803F0F34, 0x3F400705
0x803F0F3C, 0x635A0D05
0x803F0F44, 0x3F60938A
0x803F0F4C, 0x637B4963
0x803F0F34, 0x3F805C5F
0x803F0F3C, 0x639C5975
0x803F0F44, 0x3FA0AC4C
0x803F0F4C, 0x63BD3924
0x803F0F34, 0x3FC00907
0x803F0F3C, 0x63DEF477
0x803F0F44, 0x3FE0CD8F
0x803F0F4C, 0x63FF7AE5
0x803F0F34, 0x60000000
0x803F0F3C, 0x60000000
0x803F0F44, 0x60000000
0x803F0F4C, 0xBE300000
0x803F0F34, 0x60000000
0x803F0F3C, 0x60000000
0x803F0F44, 0x60000000
0x803F0F4C, 0x60000000
0x803F0F4C, 0xBE300000
0x803F0F34, 0x3E008157
0x803F0F3C, 0x621095E4
0x803F0F44, 0x3E205070
0x803F0F4C, 0x62316060
0x803F0F34, 0x3E40DDD0
0x803F0F3C, 0x625272A5
0x803F0F44, 0x3E601F15
0x803F0F4C, 0x62731515
0x803F0F34, 0x3E80B4AD
0x803F0F3C, 0x629451C4
0x803F0F44, 0x3EA0C040
0x803F0F4C, 0x62B58E55
0x803F0F34, 0x3EC09BAA
0x803F0F3C, 0x62D66A45
0x803F0F44, 0x3EE005EC
0x803F0F4C, 0x62F7E04D
0x803F0F34, 0x3F00CD90
0x803F0F3C, 0x63186A85
0x803F0F44, 0x3F20C84E
0x803F0F4C, 0x63394545
0x803F0F34, 0x3F40B48C
0x803F0F3C, 0x635A6244
0x803F0F44, 0x3F6017D6
0x803F0F4C, 0x637B5454
0x803F0F34, 0x3F80B46C
0x803F0F3C, 0x639C51A3
0x803F0F44, 0x3FA04545
0x803F0F4C, 0x63BD095F
0x803F0F34, 0x3FC0AC2C
0x803F0F3C, 0x63DE59E4
0x803F0F44, 0x3FE05450
0x803F0F4C, 0x63FF903C
0x803F0F34, 0x60000000
0x803F0F3C, 0x60000000
0x803F0F44, 0x60000000
0x803F0F4C, 0xBE300000
0x803F0F34, 0x60000000
0x803F0F3C, 0x60000000
0x803F0F44, 0x60000000
0x803F0F4C, 0x60000000
0x803F0F4C, 0xBE300000
0x803F0F34, 0x3E008157
0x803F0F3C, 0x62109620
0x803F0F44, 0x3E20C52F
0x803F0F4C, 0x62317AA4
0x803F0F34, 0x3E408181
0x803F0F3C, 0x62528181
0x803F0F44, 0x3E607244
0x803F0F4C, 0x62735161
0x803F0F34, 0x3E80F595
0x803F0F3C, 0x62942F13
0x803F0F44, 0x3EA0BCED
0x803F0F4C, 0x62B561E2
0x803F0F34, 0x3EC00101
0x803F0F3C, 0x62D60181
0x803F0F44, 0x3EE0A368
0x803F0F4C, 0x62F74982
0x803F0F34, 0x3F00D0C8
0x803F0F3C, 0x63186540
0x803F0F44, 0x3F20D553
0x803F0F4C, 0x63393145
0x803F0F34, 0x3F404143
0x803F0F3C, 0x635A6054
0x803F0F44, 0x3F60D552
0x803F0F4C, 0x637B3967
0x803F0F34, 0x3F805D35
0x803F0F3C, 0x639C1514
0x803F0F44, 0x3FA0E5B5
0x803F0F4C, 0x63BD62CA
0x803F0F34, 0x3FC05E50
0x803F0F3C, 0x63DE7250
0x803F0F44, 0x3FE0D532
0x803F0F4C, 0x63FF4164
0x803F0F34, 0x60000000
0x803F0F3C, 0x60000000
0x803F0F44, 0x60000000
0x803F0F4C, 0xBE300000
0x803F0F34, 0x60000000
0x803F0F3C, 0x60000000
0x803F0F44, 0x60000000
0x803F0F4C, 0x60000000
0x803F0F4C, 0xBE300000
0x803F0F34, 0x3E008157
0x803F0F3C, 0x6210965C
0x803F0F44, 0x3E200402
0x803F0F4C, 0x62310309
0x803F0F34, 0x3E40A346
0x803F0F3C, 0x625220C2
0x803F0F44, 0x3E601535
0x803F0F4C, 0x62732525
0x803F0F34, 0x3E80BC6F
0x803F0F3C, 0x62942903
0x803F0F44, 0x3EA05555
0x803F0F4C, 0x62B55B5C
0x803F0F34, 0x3EC08B6A
0x803F0F3C, 0x62D63143
0x803F0F44, 0x3EE0156F
0x803F0F4C, 0x62F74072
0x803F0F34, 0x3F00C4B0
0x803F0F3C, 0x631859E6
0x803F0F44, 0x3F205400
0x803F0F4C, 0x6339F8B8
0x803F0F34, 0x3F40CD32
0x803F0F3C, 0x635A3123
0x803F0F44, 0x3F606D49
0x803F0F4C, 0x637B0101
0x803F0F34, 0x3F80B3EB
0x803F0F3C, 0x639C4184
0x803F0F44, 0x3FA04774
0x803F0F4C, 0x63BD66FC
0x803F0F34, 0x3FC0B490
0x803F0F3C, 0x63DE6227
0x803F0F44, 0x3FE010BC
0x803F0F4C, 0x63FF2820
0x803F0F34, 0x60000000
0x803F0F3C, 0x60000000
0x803F0F44, 0x60000000
0x803F0F4C, 0xBE300000
0x803F0F34, 0x60000000
0x803F0F3C, 0x60000000
0x803F0F44, 0x60000000
0x803F0F4C, 0x60000000
0x803F0F4C, 0xBE300000
0x803F0F34, 0x3E008157
0x803F0F3C, 0x62109698
0x803F0F44, 0x3E20C48E
0x803F0F4C, 0x623139C7
0x803F0F34, 0x3E402002
0x803F0F3C, 0x62520517
0x803F0F44, 0x3E60ABED
0x803F0F4C, 0x627349C5
0x803F0F34, 0x3E80E13C
0x803F0F3C, 0x62948550
0x803F0F44, 0x3EA0ABED
0x803F0F4C, 0x62B54964
0x803F0F34, 0x3EC0CC90
0x803F0F3C, 0x62D65059
0x803F0F44, 0x3EE0ABCD
0x803F0F4C, 0x62F741A6
0x803F0F34, 0x3F00705D
0x803F0F3C, 0x63185256
0x803F0F44, 0x3F20D5F1
0x803F0F4C, 0x63396268
0x803F0F34, 0x3F407040
0x803F0F3C, 0x635A80BE
0x803F0F44, 0x3F60B4B0
0x803F0F4C, 0x637B20E3
0x803F0F34, 0x3F80018D
0x803F0F3C, 0x639C8500
0x803F0F44, 0x3FA09B4B
0x803F0F4C, 0x63BD3123
0x803F0F34, 0x3FC02521
0x803F0F3C, 0x63DE8322
0x803F0F44, 0x3FE0BD53
0x803F0F4C, 0x63FF5227
0x803F0F34, 0x60000000
0x803F0F3C, 0x60000000
0x803F0F44, 0x60000000
0x803F0F4C, 0xBE300000
0x803F0F34, 0x60000000
0x803F0F3C, 0x60000000
0x803F0F44, 0x60000000
0x803F0F4C, 0x60000000
0x803F0F4C, 0xBE300000
0x803F0F34, 0x3E008157
0x803F0F3C, 0x621096D4
0x803F0F44, 0x3E208C81
0x803F0F4C, 0x62311503
0x803F0F34, 0x3E40B42E
0x803F0F3C, 0x62523944
0x803F0F44, 0x3E605C77
0x803F0F4C, 0x62737541
0x803F0F34, 0x3E80D553
0x803F0F3C, 0x62943945
0x803F0F44, 0x3EA05755
0x803F0F4C, 0x62B55D17
0x803F0F34, 0x3EC0934C
0x803F0F3C, 0x62D651C7
0x803F0F44, 0x3EE0C4C4
0x803F0F4C, 0x62F776F9
0x803F0F34, 0x3F00830B
0x803F0F3C, 0x63184164
0x803F0F44, 0x3F201E14
0x803F0F4C, 0x63395F4E
0x803F0F34, 0x3F408B2B
0x803F0F3C, 0x635A2944
0x803F0F44, 0x3F608787
0x803F0F4C, 0x637B55D5
0x803F0F34, 0x3F80BC90
0x803F0F3C, 0x639C4185
0x803F0F44, 0x3FA0534E
0x803F0F4C, 0x63BD4590
0x803F0F34, 0x3FC09B2A
0x803F0F3C, 0x63DE4964
0x803F0F44, 0x3FE08F82
0x803F0F4C, 0x63FF4542
0x803F0F34, 0x60000000
0x803F0F3C, 0x60000000
0x803F0F44, 0x60000000
0x803F0F4C, 0xBE300000
0x803F0F34, 0x60000000
0x803F0F3C, 0x60000000
0x803F0F44, 0x60000000
0x803F0F4C, 0x60000000
0x803F0F4C, 0xBE300000
0x803F0F34, 0x3E008157
0x803F0F3C, 0x62109710
0x803F0F44, 0x3E20CD12
0x803F0F4C, 0x62313965
0x803F0F34, 0x3E409CD0
0x803F0F3C, 0x625290D0
0x803F0F44, 0x3E60ABCC
0x803F0F4C, 0x627349A6
0x803F0F34, 0x3E804B60
0x803F0F3C, 0x62944D5B
0x803F0F44, 0x3EA0AC0D
0x803F0F4C, 0x62B551C6
0x803F0F34, 0x3EC0F062
0x803F0F3C, 0x62D62905
0x803F0F44, 0x3EE0B44F
0x803F0F4C, 0x62F74185
0x803F0F34, 0x3F00063C
0x803F0F3C, 0x63182657
0x803F0F44, 0x3F20B4D1
0x803F0F4C, 0x63395206
0x803F0F34, 0x3F40E518
0x803F0F3C, 0x635A0F59
0x803F0F44, 0x3F6051E6
0x803F0F4C, 0x637B20C2
0x803F0F34, 0x3F80555C
0x803F0F3C, 0x639C5059
0x803F0F44, 0x3FA0BD94
0x803F0F4C, 0x63BD7AA5
0x803F0F34, 0x3FC0555F
0x803F0F3C, 0x63DE5145
0x803F0F44, 0x3FE0BCB0
0x803F0F4C, 0x63FF6227
0x803F0F34, 0x60000000
0x803F0F3C, 0x60000000
0x803F0F44, 0x60000000
0x803F0F4C, 0xBE300000
0x803F0F34, 0x60000000
0x803F0F3C, 0x60000000
0x803F0F44, 0x60000000
0x803F0F4C, 0x60000000
0x803F0F4C, 0xBE300000
0x803F0F34, 0x3E008157
0x803F0F3C, 0x6210974C
0x803F0F44, 0x3E207D82
0x803F0F4C, 0x623147C7
0x803F0F34, 0x3E408BEE
0x803F0F3C, 0x625239C7
0x803F0F44, 0x3E606151
0x803F0F4C, 0x6273557D
0x803F0F34, 0x3E80B42F
0x803F0F3C, 0x629451E6
0x803F0F44, 0x3EA07155
0x803F0F4C, 0x62B5C785
0x803F0F34, 0x3EC082A9
0x803F0F3C, 0x62D638E3
0x803F0F44, 0x3EE04534
0x803F0F4C, 0x62F7848A
0x803F0F34, 0x3F0072A8
0x803F0F3C, 0x63182903
0x803F0F44, 0x3F202215
0x803F0F4C, 0x633921BD
0x803F0F34, 0x3F40A38B
0x803F0F3C, 0x635A3145
0x803F0F44, 0x3F60EC54
0x803F0F4C, 0x637B5456
0x803F0F34, 0x3F8072A9
0x803F0F3C, 0x639C18C3
0x803F0F44, 0x3FA03535
0x803F0F4C, 0x63BDD5D1
0x803F0F34, 0x3FC082AA
0x803F0F3C, 0x63DE18C3
0x803F0F44, 0x3FE01415
0x803F0F4C, 0x63FF9595
0x803F0F34, 0x60000000
0x803F0F3C, 0x60000000
0x803F0F44, 0x60000000
0x803F0F4C, 0xBE300000
0x803F0F34, 0x60000000
0x803F0F3C, 0x60000000
0x803F0F44, 0x60000000
0x803F0F4C, 0x60000000
0x803F0F4C, 0xBE300000
0x803F0F34, 0x3E008157
0x803F0F3C, 0x62109788
0x803F0F44, 0x3E20938E
0x803F0F4C, 0x623118A2
0x803F0F34, 0x3E400545
0x803F0F3C, 0x62525555
0x803F0F44, 0x3E60B450
0x803F0F4C, 0x62732104
0x803F0F34, 0x3E805754
0x803F0F3C, 0x6294543C
0x803F0F44, 0x3EA0BBED
0x803F0F4C, 0x62B54984
0x803F0F34, 0x3EC0353D
0x803F0F3C, 0x62D6090C
0x803F0F44, 0x3EE06AEA
0x803F0F4C, 0x62F720E2
0x803F0F34, 0x3F002545
0x803F0F3C, 0x63185151
0x803F0F44, 0x3F20B42E
0x803F0F4C, 0x633918A2
0x803F0F34, 0x3F405058
0x803F0F3C, 0x635A5850
0x803F0F44, 0x3F60934B
0x803F0F4C, 0x637B28C2
0x803F0F34, 0x3F809F59
0x803F0F3C, 0x639C9414
0x803F0F44, 0x3FA0B3ED
0x803F0F4C, 0x63BD1862
0x803F0F34, 0x3FC05080
0x803F0F3C, 0x63DE0010
0x803F0F44, 0x3FE09B8C
0x803F0F4C, 0x63FF2904
0x803F0F34, 0x60000000
0x803F0F3C, 0x60000000
0x803F0F44, 0x60000000
0x803F0F4C, 0xBE300000
0x803F0F34, 0x60000000
0x803F0F3C, 0x60000000
0x803F0F44, 0x60000000
0x803F0F4C, 0x60000000
0x803F0F4C, 0xBE300000
0x803F0F34, 0x3E008157
0x803F0F3C, 0x621097C4
0x803F0F44, 0x3E2015A5
0x803F0F4C, 0x623152DC
0x803F0F34, 0x3E4072E9
0x803F0F3C, 0x625220E2
0x803F0F44, 0x3E607E46
0x803F0F4C, 0x6273541C
0x803F0F34, 0x3E80834B
0x803F0F3C, 0x629430C3
0x803F0F44, 0x3EA0105F
0x803F0F4C, 0x62B51F95
0x803F0F34, 0x3EC09B8C
0x803F0F3C, 0x62D64124
0x803F0F44, 0x3EE006D6
0x803F0F4C, 0x62F7D716
0x803F0F34, 0x3F00AC0D
0x803F0F3C, 0x631841A5
0x803F0F44, 0x3F202139
0x803F0F4C, 0x63393D1D
0x803F0F34, 0x3F40B3AD
0x803F0F3C, 0x635A3943
0x803F0F44, 0x3F60555F
0x803F0F4C, 0x637B5040
0x803F0F34, 0x3F80DDB5
0x803F0F3C, 0x639CA3AC
0x803F0F44, 0x3FA0D2C3
0x803F0F4C, 0x63BD4440
0x803F0F34, 0x3FC0BC70
0x803F0F3C, 0x63DE51C6
0x803F0F44, 0x3FE017B9
0x803F0F4C, 0x63FF3E14
0x803F0F34, 0x60000000
0x803F0F3C, 0x60000000
0x803F0F44, 0x60000000
0x803F0F4C, 0xBE300000
0x803F0F34, 0x60000000
0x803F0F3C, 0x60000000
0x803F0F44, 0x60000000
0x803F0F4C, 0x60000000
0x803F0F4C, 0xBE300000
0x803F0F34, 0x3E008157
0x803F0F3C, 0x62109800
0x803F0F44, 0x3E20936C
0x803F0F4C, 0x62313924
0x803F0F34, 0x3E404429
0x803F0F3C, 0x62527D71
0x803F0F44, 0x3E60AC2D
0x803F0F4C, 0x627328E2
0x803F0F34, 0x3E801400
0x803F0F3C, 0x62949E55
0x803F0F44, 0x3EA09BCD
0x803F0F4C, 0x62B518C3
0x803F0F34, 0x3EC04209
0x803F0F3C, 0x62D60589
0x803F0F44, 0x3EE051E5
0x803F0F4C, 0x62F718A2
0x803F0F34, 0x3F005CD7
0x803F0F3C, 0x6318D76D
0x803F0F44, 0x3F209329
0x803F0F4C, 0x63393923
0x803F0F34, 0x3F40475C
0x803F0F3C, 0x635A9052
0x803F0F44, 0x3F609B47
0x803F0F4C, 0x637B5144
0x803F0F34, 0x3F805C26
0x803F0F3C, 0x639CA704
0x803F0F44, 0x3FA0A2E9
0x803F0F4C, 0x63BD59A4
0x803F0F34, 0x3FC04922
0x803F0F3C, 0x63DE0EC2
0x803F0F44, 0x3FE0A36A
0x803F0F4C, 0x63FF40C2
0x803F0F34, 0x60000000
0x803F0F3C, 0x60000000
0x803F0F44, 0x60000000
0x803F0F4C, 0xBE300000
0x803F0F34, 0x60000000
0x803F0F3C, 0x60000000
0x803F0F44, 0x60000000
0x803F0F4C, 0x60000000
0x803F0F4C, 0xBE300000
0x803F0F34, 0x3E008157
0x803F0F3C, 0x6210983C
0x803F0F44, 0x3E200435
0x803F0F4C, 0x6231A5F0
0x803F0F34, 0x3E409BAC
0x803F0F3C, 0x62525185
0x803F0F44, 0x3E60241D
0x803F0F4C, 0x62735756
0x803F0F34, 0x3E808B0A
0x803F0F3C, 0x62944944
0x803F0F44, 0x3EA0A936
0x803F0F4C, 0x62B51038
0x803F0F34, 0x3EC083CD
0x803F0F3C, 0x62D64924
0x803F0F44, 0x3EE07C42
0x803F0F4C, 0x62F74088
0x803F0F34, 0x3F00830A
0x803F0F3C, 0x63184165
0x803F0F44, 0x3F202867
0x803F0F4C, 0x63398DC1
0x803F0F34, 0x3F40A3ED
0x803F0F3C, 0x635A3103
0x803F0F44, 0x3F605C02
0x803F0F4C, 0x637BF165
0x803F0F34, 0x3F80936B
0x803F0F3C, 0x639C28E3
0x803F0F44, 0x3FA0090C
0x803F0F4C, 0x63BD2554
0x803F0F34, 0x3FC0936B
0x803F0F3C, 0x63DE20C2
0x803F0F44, 0x3FE0A352
0x803F0F4C, 0x63FF5640
0x803F0F34, 0x60000000
0x803F0F3C, 0x60000000
0x803F0F44, 0x60000000
0x803F0F4C, 0xBE300000
0x803F0F34, 0x60000000
0x803F0F3C, 0x60000000
0x803F0F44, 0x60000000
0x803F0F4C, 0x60000000
0x803F0F4C, 0xBE300000
0x803F0F34, 0x3E008157
0x803F0F3C, 0x62109878
0x803F0F44, 0x3E20C532
0x803F0F4C, 0x62315A06
0x803F0F34, 0x3E407600
0x803F0F3C, 0x62528097
0x803F0F44, 0x3E60A368
0x803F0F4C, 0x627351C5
0x803F0F34, 0x3E80577F
0x803F0F3C, 0x62940594
0x803F0F44, 0x3EA08B4B
0x803F0F4C, 0x62B53144
0x803F0F34, 0x3EC05B19
0x803F0F3C, 0x62D60D14
0x803F0F44, 0x3EE0B470
0x803F0F4C, 0x62F728E3
0x803F0F34, 0x3F009717
0x803F0F3C, 0x6318D515
0x803F0F44, 0x3F2062A9
0x803F0F4C, 0x63391882
0x803F0F34, 0x3F405155
0x803F0F3C, 0x635A5552
0x803F0F44, 0x3F60DDF7
0x803F0F4C, 0x637B3144
0x803F0F34, 0x3F80D0D4
0x803F0F3C, 0x639C54D4
0x803F0F44, 0x3FA0BCD2
0x803F0F4C, 0x63BD3144
0x803F0F34, 0x3FC0010B
0x803F0F3C, 0x63DE080A
0x803F0F44, 0x3FE0C512
0x803F0F4C, 0x63FF7206
0x803F0F34, 0x60000000
0x803F0F3C, 0x60000000
0x803F0F44, 0x60000000
0x803F0F4C, 0xBE300000
0x803F0F34, 0x60000000
0x803F0F3C, 0x60000000
0x803F0F44, 0x60000000
0x803F0F4C, 0x60000000
0x803F0F4C, 0xBE300000
0x803F0F34, 0x3E008157
0x803F0F3C, 0x621098B4
0x803F0F44, 0x3E205456
0x803F0F4C, 0x6231577F
0x803F0F34, 0x3E40D5F7
0x803F0F3C, 0x6252938C
0x803F0F44, 0x3E600D09
0x803F0F4C, 0x62730903
0x803F0F34, 0x3E80A46F
0x803F0F3C, 0x62944963
0x803F0F44, 0x3EA05955
0x803F0F4C, 0x62B50013
0x803F0F34, 0x3EC0C574
0x803F0F3C, 0x62D67AA9
0x803F0F44, 0x3EE09C94
0x803F0F4C, 0x62F72043
0x803F0F34, 0x3F00BC6F
0x803F0F3C, 0x63186A88
0x803F0F44, 0x3F2040C0
0x803F0F4C, 0x63396048
0x803F0F34, 0x3F40BD13
0x803F0F3C, 0x635A4984
0x803F0F44, 0x3F607052
0x803F0F4C, 0x637B52D5
0x803F0F34, 0x3F80BCF2
0x803F0F3C, 0x639C830B
0x803F0F44, 0x3FA04289
0x803F0F4C, 0x63BD090B
0x803F0F34, 0x3FC0A3EE
0x803F0F3C, 0x63DE2945
0x803F0F44, 0x3FE0755E
0x803F0F4C, 0x63FF607A
0x803F0F34, 0x60000000
0x803F0F3C, 0x60000000
0x803F0F44, 0x60000000
0x803F0F4C, 0xBE300000
0x803F0F34, 0x60000000
0x803F0F3C, 0x60000000
0x803F0F44, 0x60000000
0x803F0F4C, 0x60000000
0x803F0F4C, 0xBE300000
0x803F0F34, 0x3E008157
0x803F0F3C, 0x621098F0
0x803F0F44, 0x3E209C2F
0x803F0F4C, 0x623141CB
0x803F0F34, 0x3E400000
0x803F0F3C, 0x6252A9E5
0x803F0F44, 0x3E609BAE
0x803F0F4C, 0x6273294A
0x803F0F34, 0x3E80A072
0x803F0F3C, 0x629454D5
0x803F0F44, 0x3EA0ABCD
0x803F0F4C, 0x62B549A6
0x803F0F34, 0x3EC0569E
0x803F0F3C, 0x62D63301
0x803F0F44, 0x3EE0936B
0x803F0F4C, 0x62F73145
0x803F0F34, 0x3F004848
0x803F0F3C, 0x63186342
0x803F0F44, 0x3F208B0B
0x803F0F4C, 0x63392969
0x803F0F34, 0x3F40293D
0x803F0F3C, 0x635A8557
0x803F0F44, 0x3F60B4F2
0x803F0F4C, 0x637B3987
0x803F0F34, 0x3F805614
0x803F0F3C, 0x639C64D0
0x803F0F44, 0x3FA0DD93
0x803F0F4C, 0x63BDB3A4
0x803F0F34, 0x3FC00D01
0x803F0F3C, 0x63DE09B9
0x803F0F44, 0x3FE0B42D
0x803F0F4C, 0x63FF51E5
0x803F0F34, 0x60000000
0x803F0F3C, 0x60000000
0x803F0F44, 0x60000000
0x803F0F4C, 0xBE300000
0x803F0F34, 0x60000000
0x803F0F3C, 0x60000000
0x803F0F44, 0x60000000
0x803F0F4C, 0x60000000
0x803F0F4C, 0xBE300000
0x803F0F34, 0x3E008157
0x803F0F3C, 0x6210992C
0x803F0F44, 0x3E204256
0x803F0F4C, 0x6231C03F
0x803F0F34, 0x3E40CD12
0x803F0F3C, 0x62526248
0x803F0F44, 0x3E600006
0x803F0F4C, 0x62731802
0x803F0F34, 0x3E80CD52
0x803F0F3C, 0x62943964
0x803F0F44, 0x3EA057D5
0x803F0F4C, 0x62B53105
0x803F0F34, 0x3EC0BC4E
0x803F0F3C, 0x62D651A5
0x803F0F44, 0x3EE01005
0x803F0F4C, 0x62F707C6
0x803F0F34, 0x3F008B0A
0x803F0F3C, 0x631820C2
0x803F0F44, 0x3F201517
0x803F0F4C, 0x63395D54
0x803F0F34, 0x3F408B6A
0x803F0F3C, 0x635A2903
0x803F0F44, 0x3F609657
0x803F0F4C, 0x637B87C0
0x803F0F34, 0x3F80C4D1
0x803F0F3C, 0x639C2903
0x803F0F44, 0x3FA05860
0x803F0F4C, 0x63BDC000
0x803F0F34, 0x3FC0CD12
0x803F0F3C, 0x63DE6A89
0x803F0F44, 0x3FE09043
0x803F0F4C, 0x63FF8F0D
0x803F0F34, 0x60000000
0x803F0F3C, 0x60000000
0x803F0F44, 0x60000000
0x803F0F4C, 0xBE300000
0x803F0F34, 0x60000000
0x803F0F3C, 0x60000000
0x803F0F44, 0x60000000
0x803F0F4C, 0x60000000
0x803F0F4C, 0xBE300000
0x803F0F34, 0x3E008157
0x803F0F3C, 0x62109968
0x803F0F44, 0x3E20CD12
0x803F0F4C, 0x623172A9
0x803F0F34, 0x3E405E07
0x803F0F3C, 0x62524380
0x803F0F44, 0x3E60BCF2
0x803F0F4C, 0x627382A9
0x803F0F34, 0x3E803D11
0x803F0F3C, 0x6294E8EB
0x803F0F44, 0x3EA0BCF2
0x803F0F4C, 0x62B549C6
0x803F0F34, 0x3EC090D8
0x803F0F3C, 0x62D675D5
0x803F0F44, 0x3EE0936B
0x803F0F4C, 0x62F718A2
0x803F0F34, 0x3F00B165
0x803F0F3C, 0x63185515
0x803F0F44, 0x3F209C2E
0x803F0F4C, 0x63392904
0x803F0F34, 0x3F404148
0x803F0F3C, 0x635A41C3
0x803F0F44, 0x3F60BC90
0x803F0F4C, 0x637B1062
0x803F0F34, 0x3F800509
0x803F0F3C, 0x639C0109
0x803F0F44, 0x3FA0B42E
0x803F0F4C, 0x63BD5289
0x803F0F34, 0x3FC02DB5
0x803F0F3C, 0x63DE7574
0x803F0F44, 0x3FE0A36C
0x803F0F4C, 0x63FF2125
0x803F0F34, 0x60000000
0x803F0F3C, 0x60000000
0x803F0F44, 0x60000000
0x803F0F4C, 0xBE300000
0x803F0F34, 0x60000000
0x803F0F3C, 0x60000000
0x803F0F44, 0x60000000
0x803F0F4C, 0x60000000
0x803F0F4C, 0xBE300000
0x803F0F34, 0x3E008157
0x803F0F3C, 0x621099A4
0x803F0F44, 0x3E20D474
0x803F0F4C, 0x6231555F
0x803F0F34, 0x3E4082EA
0x803F0F3C, 0x625218E4
0x803F0F44, 0x3E600905
0x803F0F4C, 0x62731D5E
0x803F0F34, 0x3E80C532
0x803F0F3C, 0x62945207
0x803F0F44, 0x3EA04102
0x803F0F4C, 0x62B53300
0x803F0F34, 0x3EC09C11
0x803F0F3C, 0x62D63124
0x803F0F44, 0x3EE05567
0x803F0F4C, 0x62F74360
0x803F0F34, 0x3F00A451
0x803F0F3C, 0x63182104
0x803F0F44, 0x3F205556
0x803F0F4C, 0x6339CD01
0x803F0F34, 0x3F405249
0x803F0F3C, 0x635A1061
0x803F0F44, 0x3F60129D
0x803F0F4C, 0x637B1C95
0x803F0F34, 0x3F80AC70
0x803F0F3C, 0x639C3A2A
0x803F0F44, 0x3FA0BD56
0x803F0F4C, 0x63BDC140
0x803F0F34, 0x3FC0BCB2
0x803F0F3C, 0x63DE3144
0x803F0F44, 0x3FE0555F
0x803F0F4C, 0x63FF58D0
0x803F0F34, 0x60000000
0x803F0F3C, 0x60000000
0x803F0F44, 0x60000000
0x803F0F4C, 0xBE300000
0x803F0F34, 0x60000000
0x803F0F3C, 0x60000000
0x803F0F44, 0x60000000
0x803F0F4C, 0x60000000
0x803F0F4C, 0xBE300000
0x803F0F34, 0x3E008157
0x803F0F3C, 0x621099E0
0x803F0F44, 0x3E20C4D0
0x803F0F4C, 0x62314229
0x803F0F34, 0x3E407545
0x803F0F3C, 0x62524A40
0x803F0F44, 0x3E60B40D
0x803F0F4C, 0x62735185
0x803F0F34, 0x3E801D1C
0x803F0F3C, 0x62941A10
0x803F0F44, 0x3EA0C4F1
0x803F0F4C, 0x62B56A68
0x803F0F34, 0x3EC0CA40
0x803F0F3C, 0x62D62016
0x803F0F44, 0x3EE09B8B
0x803F0F4C, 0x62F74143
0x803F0F34, 0x3F001814
0x803F0F3C, 0x631894D4
0x803F0F44, 0x3F208B2B
0x803F0F4C, 0x63393103
0x803F0F34, 0x3F401521
0x803F0F3C, 0x635A9028
0x803F0F44, 0x3F60A3ED
0x803F0F4C, 0x637B6227
0x803F0F34, 0x3F801A1C
0x803F0F3C, 0x639C0C8E
0x803F0F44, 0x3FA082C9
0x803F0F4C, 0x63BD3103
0x803F0F34, 0x3FC09A17
0x803F0F3C, 0x63DE109F
0x803F0F44, 0x3FE09349
0x803F0F4C, 0x63FF10E6
0x803F0F34, 0x60000000
0x803F0F3C, 0x60000000
0x803F0F44, 0x60000000
0x803F0F4C, 0xBE300000
0x803F0F34, 0x60000000
0x803F0F3C, 0x60000000
0x803F0F44, 0x60000000
0x803F0F4C, 0x60000000
0x803F0F4C, 0xBE300000
0x803F0F34, 0x3E008157
0x803F0F3C, 0x62109A1C
0x803F0F44, 0x3E208141
0x803F0F4C, 0x62310155
0x803F0F34, 0x3E40B40E
0x803F0F3C, 0x62524124
0x803F0F44, 0x3E60505E
0x803F0F4C, 0x62737B50
0x803F0F34, 0x3E80B44F
0x803F0F3C, 0x62942968
0x803F0F44, 0x3EA02408
0x803F0F4C, 0x62B5181C
0x803F0F34, 0x3EC0BCF2
0x803F0F3C, 0x62D63949
0x803F0F44, 0x3EE06072
0x803F0F4C, 0x62F75250
0x803F0F34, 0x3F0029AC
0x803F0F3C, 0x631810A7
0x803F0F44, 0x3F2053E9
0x803F0F4C, 0x63393141
0x803F0F34, 0x3F40D5B6
0x803F0F3C, 0x635A9329
0x803F0F44, 0x3F604040
0x803F0F4C, 0x637B4042
0x803F0F34, 0x3F80BCF2
0x803F0F3C, 0x639C5207
0x803F0F44, 0x3FA01739
0x803F0F4C, 0x63BD0535
0x803F0F34, 0x3FC0D595
0x803F0F3C, 0x63DE9B6C
0x803F0F44, 0x3FE040C2
0x803F0F4C, 0x63FFC2C2
0x803F0F34, 0x60000000
0x803F0F3C, 0x60000000
0x803F0F44, 0x60000000
0x803F0F4C, 0xBE300000
0x803F0F34, 0x60000000
0x803F0F3C, 0x60000000
0x803F0F44, 0x60000000
0x803F0F4C, 0x60000000
0x803F0F4C, 0xBE300000
0x803F0F34, 0x3E008157
0x803F0F3C, 0x62109A58
0x803F0F44, 0x3E208B6B
0x803F0F4C, 0x62312924
0x803F0F34, 0x3E40A416
0x803F0F3C, 0x62523637
0x803F0F44, 0x3E60A4D1
0x803F0F4C, 0x627349E6
0x803F0F34, 0x3E808A8F
0x803F0F3C, 0x6294C141
0x803F0F44, 0x3EA0832A
0x803F0F4C, 0x62B520C3
0x803F0F34, 0x3EC05B5D
0x803F0F3C, 0x62D65404
0x803F0F44, 0x3EE09C90
0x803F0F4C, 0x62F759E5
0x803F0F34, 0x3F000907
0x803F0F3C, 0x6318B556
0x803F0F44, 0x3F20C46F
0x803F0F4C, 0x63396206
0x803F0F34, 0x3F408101
0x803F0F3C, 0x635A0816
0x803F0F44, 0x3F60BC6F
0x803F0F4C, 0x637B3964
0x803F0F34, 0x3F805C02
0x803F0F3C, 0x639C2F55
0x803F0F44, 0x3FA0940D
0x803F0F4C, 0x63BD2924
0x803F0F34, 0x3FC0030D
0x803F0F3C, 0x63DEE969
0x803F0F44, 0x3FE0C4D2
0x803F0F4C, 0x63FF28C2
0x803F0F34, 0x60000000
0x803F0F3C, 0x60000000
0x803F0F44, 0x60000000
0x803F0F4C, 0xBE300000
0x803F0F34, 0x60000000
0x803F0F3C, 0x60000000
0x803F0F44, 0x60000000
0x803F0F4C, 0x60000000
0x803F0F4C, 0xBE300000
0x803F0F34, 0x3E008157
0x803F0F3C, 0x62109A94
0x803F0F44, 0x3E2055D5
0x803F0F4C, 0x62315774
0x803F0F34, 0x3E40A3ED
0x803F0F3C, 0x625220A2
0x803F0F44, 0x3E606909
0x803F0F4C, 0x62730D07
0x803F0F34, 0x3E80732B
0x803F0F3C, 0x629439A6
0x803F0F44, 0x3EA023B0
0x803F0F4C, 0x62B5BF95
0x803F0F34, 0x3EC0C4F2
0x803F0F3C, 0x62D63965
0x803F0F44, 0x3EE0EDD0
0x803F0F4C, 0x62F74A40
0x803F0F34, 0x3F00B4F3
0x803F0F3C, 0x63182903
0x803F0F44, 0x3F20D556
0x803F0F4C, 0x63395C50
0x803F0F34, 0x3F40AC50
0x803F0F3C, 0x635A20E3
0x803F0F44, 0x3F600101
0x803F0F4C, 0x637B97B4
0x803F0F34, 0x3F80D573
0x803F0F3C, 0x639C834B
0x803F0F44, 0x3FA06845
0x803F0F4C, 0x63BD3C50
0x803F0F34, 0x3FC0C534
0x803F0F3C, 0x63DE5A05
0x803F0F44, 0x3FE0080D
0x803F0F4C, 0x63FF2527
0x803F0F34, 0x60000000
0x803F0F3C, 0x60000000
0x803F0F44, 0x60000000
0x803F0F4C, 0xBE300000
0x803F0F34, 0x60000000
0x803F0F3C, 0x60000000
0x803F0F44, 0x60000000
0x803F0F4C, 0x60000000
0x803F0F4C, 0xBE300000
0x803F0F34, 0x3E008157
0x803F0F3C, 0x62109AD0
0x803F0F44, 0x3E20CD75
0x803F0F4C, 0x62318B4C
0x803F0F34, 0x3E4040C0
0x803F0F3C, 0x6252C97D
0x803F0F44, 0x3E60BD75
0x803F0F4C, 0x62735A69
0x803F0F34, 0x3E806D01
0x803F0F3C, 0x629401E9
0x803F0F44, 0x3EA0C534
0x803F0F4C, 0x62B549E6
0x803F0F34, 0x3EC00583
0x803F0F3C, 0x62D67070
0x803F0F44, 0x3EE0A3ED
0x803F0F4C, 0x62F730E2
0x803F0F34, 0x3F005539
0x803F0F3C, 0x6318802D
0x803F0F44, 0x3F20A450
0x803F0F4C, 0x63392966
0x803F0F34, 0x3F40A86C
0x803F0F3C, 0x635A7250
0x803F0F44, 0x3F60B471
0x803F0F4C, 0x637B59C5
0x803F0F34, 0x3F800B0B
0x803F0F3C, 0x639C0929
0x803F0F44, 0x3FA0A40D
0x803F0F4C, 0x63BD6A26
0x803F0F34, 0x3FC0A555
0x803F0F3C, 0x63DE4170
0x803F0F44, 0x3FE0DE18
0x803F0F4C, 0x63FFC4B1
0x803F0F34, 0x60000000
0x803F0F3C, 0x60000000
0x803F0F44, 0x60000000
0x803F0F4C, 0xBE300000
0x803F0F34, 0x60000000
0x803F0F3C, 0x60000000
0x803F0F44, 0x60000000
0x803F0F4C, 0x60000000
0x803F0F4C, 0xBE300000
0x803F0F34, 0x3E008157
0x803F0F3C, 0x62109B0C
0x803F0F44, 0x3E200909
0x803F0F4C, 0x62310909
0x803F0F34, 0x3E40CC6E
0x803F0F3C, 0x625241A6
0x803F0F44, 0x3E60FD55
0x803F0F4C, 0x62735515
0x803F0F34, 0x3E80DDD7
0x803F0F3C, 0x6294BCB1
0x803F0F44, 0x3EA08343
0x803F0F4C, 0x62B54103
0x803F0F34, 0x3EC07AA8
0x803F0F3C, 0x62D628A1
0x803F0F44, 0x3EE09295
0x803F0F4C, 0x62F73D15
0x803F0F34, 0x3F00BCF2
0x803F0F3C, 0x63186A27
0x803F0F44, 0x3F205560
0x803F0F4C, 0x63394BB0
0x803F0F34, 0x3F40A38B
0x803F0F3C, 0x635A6267
0x803F0F44, 0x3F6014EC
0x803F0F4C, 0x637B852D
0x803F0F34, 0x3F807537
0x803F0F3C, 0x639C3944
0x803F0F44, 0x3FA08040
0x803F0F4C, 0x63BD7097
0x803F0F34, 0x3FC0A470
0x803F0F3C, 0x63DE4166
0x803F0F44, 0x3FE05557
0x803F0F4C, 0x63FF9725
0x803F0F34, 0x60000000
0x803F0F3C, 0x60000000
0x803F0F44, 0x60000000
0x803F0F4C, 0xBE300000
0x803F0F34, 0x60000000
0x803F0F3C, 0x60000000
0x803F0F44, 0x60000000
0x803F0F4C, 0x60000000
0x803F0F4C, 0xBE300000
0x803F0F34, 0x3E008157
0x803F0F3C, 0x62109B48
0x803F0F44, 0x3E20B4B6
0x803F0F4C, 0x62314A0E
0x803F0F34, 0x3E405151
0x803F0F3C, 0x6252716F
0x803F0F44, 0x3E608D15
0x803F0F4C, 0x62734166
0x803F0F34, 0x3E803505
0x803F0F3C, 0x62949D44
0x803F0F44, 0x3EA08BD2
0x803F0F4C, 0x62B5520D
0x803F0F34, 0x3EC06749
0x803F0F3C, 0x62D65334
0x803F0F44, 0x3EE0BCF4
0x803F0F4C, 0x62F749EC
0x803F0F34, 0x3F005549
0x803F0F3C, 0x6318D8D0
0x803F0F44, 0x3F20D554
0x803F0F4C, 0x63394188
0x803F0F34, 0x3F40C201
0x803F0F3C, 0x635A090B
0x803F0F44, 0x3F60B4D2
0x803F0F4C, 0x637B5A2B
0x803F0F34, 0x3F80D0B0
0x803F0F3C, 0x639CB297
0x803F0F44, 0x3FA0ABEE
0x803F0F4C, 0x63BD61E9
0x803F0F34, 0x3FC02506
0x803F0F3C, 0x63DE07D7
0x803F0F44, 0x3FE0B42F
0x803F0F4C, 0x63FF4986
0x803F0F34, 0x60000000
0x803F0F3C, 0x60000000
0x803F0F44, 0x60000000
0x803F0F4C, 0xBE300000
0x803F0F34, 0x60000000
0x803F0F3C, 0x60000000
0x803F0F44, 0x60000000
0x803F0F4C, 0x60000000
0x803F0F4C, 0xBE300000
0x803F0F34, 0x3E008157
0x803F0F3C, 0x62109B84
0x803F0F44, 0x3E200B00
0x803F0F4C, 0x62314240
0x803F0F34, 0x3E40DDB4
0x803F0F3C, 0x62525A48
0x803F0F44, 0x3E600982
0x803F0F4C, 0x62730070
0x803F0F34, 0x3E8082CD
0x803F0F3C, 0x629451E8
0x803F0F44, 0x3EA04333
0x803F0F4C, 0x62B51000
0x803F0F34, 0x3EC0C534
0x803F0F3C, 0x62D67A8C
0x803F0F44, 0x3EE0507A
0x803F0F4C, 0x62F7E705
0x803F0F34, 0x3F00BCCF
0x803F0F3C, 0x63188283
0x803F0F44, 0x3F200515
0x803F0F4C, 0x6339F616
0x803F0F34, 0x3F40BC91
0x803F0F3C, 0x635A20C2
0x803F0F44, 0x3F600201
0x803F0F4C, 0x637B0109
0x803F0F34, 0x3F80ABCE
0x803F0F3C, 0x639C6206
0x803F0F44, 0x3FA03E37
0x803F0F4C, 0x63BDD5B5
0x803F0F34, 0x3FC0BCB1
0x803F0F3C, 0x63DE49C8
0x803F0F44, 0x3FE00D05
0x803F0F4C, 0x63FF1F57
0x803F0F34, 0x60000000
0x803F0F3C, 0x60000000
0x803F0F44, 0x60000000
0x803F0F4C, 0xBE300000
0x803F0F34, 0x60000000
0x803F0F3C, 0x60000000
0x803F0F44, 0x60000000
0x803F0F4C, 0x60000000
0x803F0F4C, 0xBE300000
0x803F0F34, 0x3E008157
0x803F0F3C, 0x62109BC0
0x803F0F44, 0x3E20B3CD
0x803F0F4C, 0x623128E3
0x803F0F34, 0x3E403055
0x803F0F3C, 0x62526555
0x803F0F44, 0x3E60B4B2
0x803F0F4C, 0x62733966
0x803F0F34, 0x3E801474
0x803F0F3C, 0x62945C7D
0x803F0F44, 0x3EA0BD30
0x803F0F4C, 0x62B528E4
0x803F0F34, 0x3EC05555
0x803F0F3C, 0x62D657CC
0x803F0F44, 0x3EE0628B
0x803F0F4C, 0x62F73987
0x803F0F34, 0x3F006343
0x803F0F3C, 0x6318E203
0x803F0F44, 0x3F20B491
0x803F0F4C, 0x633920E3
0x803F0F34, 0x3F400909
0x803F0F3C, 0x635A0F05
0x803F0F44, 0x3F605AEB
0x803F0F4C, 0x637B29A5
0x803F0F34, 0x3F802131
0x803F0F3C, 0x639CFF55
0x803F0F44, 0x3FA039E7
0x803F0F4C, 0x63BD0841
0x803F0F34, 0x3FC00404
0x803F0F3C, 0x63DE141E
0x803F0F44, 0x3FE0C533
0x803F0F4C, 0x63FF19A6
0x803F0F34, 0x60000000
0x803F0F3C, 0x60000000
0x803F0F44, 0x60000000
0x803F0F4C, 0xBE300000
0x803F0F34, 0x60000000
0x803F0F3C, 0x60000000
0x803F0F44, 0x60000000
0x803F0F4C, 0x60000000
0x803F0F4C, 0xBE300000
0x803F0F34, 0x3E008157
0x803F0F3C, 0x62109BFC
0x803F0F44, 0x3E205455
0x803F0F4C, 0x62315555
0x803F0F34, 0x3E40CD54
0x803F0F3C, 0x6252A3AD
0x803F0F44, 0x3E600079
0x803F0F4C, 0x6273A68C
0x803F0F34, 0x3E807390
0x803F0F3C, 0x62942125
0x803F0F44, 0x3EA05052
0x803F0F4C, 0x62B5B87D
0x803F0F34, 0x3EC0C4F2
0x803F0F3C, 0x62D61945
0x803F0F44, 0x3EE00155
0x803F0F4C, 0x62F75555
0x803F0F34, 0x3F0021C6
0x803F0F3C, 0x63181104
0x803F0F44, 0x3F20205C
0x803F0F4C, 0x6339DEDD
0x803F0F34, 0x3F40830B
0x803F0F3C, 0x635A3124
0x803F0F44, 0x3F604044
0x803F0F4C, 0x637B8071
0x803F0F34, 0x3F80AC0F
0x803F0F3C, 0x639C49A6
0x803F0F44, 0x3FA07080
0x803F0F4C, 0x63BD905A
0x803F0F34, 0x3FC08207
0x803F0F3C, 0x63DE28E4
0x803F0F44, 0x3FE049EC
0x803F0F4C, 0x63FF5070
0x803F0F34, 0x60000000
0x803F0F3C, 0x60000000
0x803F0F44, 0x60000000
0x803F0F4C, 0xBE300000
0x803F0F34, 0x60000000
0x803F0F3C, 0x60000000
0x803F0F44, 0x60000000
0x803F0F4C, 0x60000000
0x803F0F4C, 0xBE300000
0x803F0F34, 0x3E008157
0x803F0F3C, 0x62109C38
0x803F0F44, 0x3E20B491
0x803F0F4C, 0x62317A29
0x803F0F34, 0x3E405854
0x803F0F3C, 0x6252D4F4
0x803F0F44, 0x3E60D595
0x803F0F4C, 0x62737AA9
0x803F0F34, 0x3E807141
0x803F0F3C, 0x62944183
0x803F0F44, 0x3EA051A4
0x803F0F4C, 0x62B51861
0x803F0F34, 0x3EC0AC85
0x803F0F3C, 0x62D68505
0x803F0F44, 0x3EE0CD54
0x803F0F4C, 0x62F73187
0x803F0F34, 0x3F008101
0x803F0F3C, 0x63180203
0x803F0F44, 0x3F2052AC
0x803F0F4C, 0x63390862
0x803F0F34, 0x3F402515
0x803F0F3C, 0x635A058E
0x803F0F44, 0x3F60932B
0x803F0F4C, 0x637B3103
0x803F0F34, 0x3F801FD4
0x803F0F3C, 0x639C5ED0
0x803F0F44, 0x3FA0B3ED
0x803F0F4C, 0x63BD2948
0x803F0F34, 0x3FC00901
0x803F0F3C, 0x63DE5DA1
0x803F0F44, 0x3FE051C6
0x803F0F4C, 0x63FF1082
0x803F0F34, 0x60000000
0x803F0F3C, 0x60000000
0x803F0F44, 0x60000000
0x803F0F4C, 0xBE300000
0x803F0F34, 0x60000000
0x803F0F3C, 0x60000000
0x803F0F44, 0x60000000
0x803F0F4C, 0x60000000
0x803F0F4C, 0xBE300000
0x803F0F34, 0x3E008157
0x803F0F3C, 0x62109C74
0x803F0F44, 0x3E20D694
0x803F0F4C, 0x6231D4D5
0x803F0F34, 0x3E40930A
0x803F0F3C, 0x625228C3
0x803F0F44, 0x3E60814D
0x803F0F4C, 0x6273510D
0x803F0F34, 0x3E80C513
0x803F0F3C, 0x629410E8
0x803F0F44, 0x3EA05850
0x803F0F4C, 0x62B55050
0x803F0F34, 0x3EC09BEF
0x803F0F3C, 0x62D62969
0x803F0F44, 0x3EE06555
0x803F0F4C, 0x62F7D415
0x803F0F34, 0x3F00C4F3
0x803F0F3C, 0x631810C7
0x803F0F44, 0x3F205050
0x803F0F4C, 0x63395050
0x803F0F34, 0x3F40B430
0x803F0F3C, 0x635A2147
0x803F0F44, 0x3F601714
0x803F0F4C, 0x637B1515
0x803F0F34, 0x3F80C4F3
0x803F0F3C, 0x639C82CA
0x803F0F44, 0x3FA0C082
0x803F0F4C, 0x63BD8181
0x803F0F34, 0x3FC0B3AD
0x803F0F3C, 0x63DE5923
0x803F0F44, 0x3FE0957F
0x803F0F4C, 0x63FF5B50
0x803F0F34, 0x60000000
0x803F0F3C, 0x60000000
0x803F0F44, 0x60000000
0x803F0F4C, 0xBE300000
0x803F0F34, 0x60000000
0x803F0F3C, 0x60000000
0x803F0F44, 0x60000000
0x803F0F4C, 0x60000000
0x803F0F4C, 0xBE300000
0x803F0F34, 0x3E008157
0x803F0F3C, 0x62109CB0
0x803F0F44, 0x3E20BCB2
0x803F0F4C, 0x623130C3
0x803F0F34, 0x3E400101
0x803F0F3C, 0x62520105
0x803F0F44, 0x3E60C471
0x803F0F4C, 0x62735904
0x803F0F34, 0x3E805070
0x803F0F3C, 0x62947078
0x803F0F44, 0x3EA0C470
0x803F0F4C, 0x62B55124
0x803F0F34, 0x3EC056F5
0x803F0F3C, 0x62D65505
0x803F0F44, 0x3EE0932B
0x803F0F4C, 0x62F73166
0x803F0F34, 0x3F00833D
0x803F0F3C, 0x63188955
0x803F0F44, 0x3F20C491
0x803F0F4C, 0x633951A7
0x803F0F34, 0x3F408101
0x803F0F3C, 0x635A8053
0x803F0F44, 0x3F608BAA
0x803F0F4C, 0x637B19CA
0x803F0F34, 0x3F80475F
0x803F0F3C, 0x639C5555
0x803F0F44, 0x3FA0C4D2
0x803F0F4C, 0x63BD3166
0x803F0F34, 0x3FC07454
0x803F0F3C, 0x63DEF041
0x803F0F44, 0x3FE0A470
0x803F0F4C, 0x63FF3164
0x803F0F34, 0x60000000
0x803F0F3C, 0x60000000
0x803F0F44, 0x60000000
0x803F0F4C, 0xBE300000
0x803F0F34, 0x60000000
0x803F0F3C, 0x60000000
0x803F0F44, 0x60000000
0x803F0F4C, 0x60000000
0x803F0F4C, 0xBE300000
0x803F0F34, 0x3E008157
0x803F0F3C, 0x62109CEC
0x803F0F44, 0x3E201D96
0x803F0F4C, 0x62315474
0x803F0F34, 0x3E406B70
0x803F0F3C, 0x62521989
0x803F0F44, 0x3E6081D5
0x803F0F4C, 0x62735754
0x803F0F34, 0x3E80C4F2
0x803F0F3C, 0x62943986
0x803F0F44, 0x3EA05040
0x803F0F4C, 0x62B50000
0x803F0F34, 0x3EC0BD33
0x803F0F3C, 0x62D65207
0x803F0F44, 0x3EE08302
0x803F0F4C, 0x62F70F05
0x803F0F34, 0x3F0092E9
0x803F0F3C, 0x631828E3
0x803F0F44, 0x3F2007E5
0x803F0F4C, 0x633995D5
0x803F0F34, 0x3F40C4B1
0x803F0F3C, 0x635A41A6
0x803F0F44, 0x3F601501
0x803F0F4C, 0x637B0101
0x803F0F34, 0x3F80A3EC
0x803F0F3C, 0x639C20E3
0x803F0F44, 0x3FA05557
0x803F0F4C, 0x63BD6471
0x803F0F34, 0x3FC0834C
0x803F0F3C, 0x63DE3944
0x803F0F44, 0x3FE08575
0x803F0F4C, 0x63FF5454
0x803F0F34, 0x60000000
0x803F0F3C, 0x60000000
0x803F0F44, 0x60000000
0x803F0F4C, 0xBE300000
0x803F0F34, 0x60000000
0x803F0F3C, 0x60000000
0x803F0F44, 0x60000000
0x803F0F4C, 0x60000000
0x803F0F4C, 0xBE300000
0x803F0F34, 0x3E008157
0x803F0F3C, 0x62109D28
0x803F0F44, 0x3E20AC30
0x803F0F4C, 0x623149C5
0x803F0F34, 0x3E405D87
0x803F0F3C, 0x6252010E
0x803F0F44, 0x3E609B6C
0x803F0F4C, 0x62733103
0x803F0F34, 0x3E806080
0x803F0F3C, 0x629498D2
0x803F0F44, 0x3EA0D513
0x803F0F4C, 0x62B5B3EF
0x803F0F34, 0x3EC0BBB5
0x803F0F3C, 0x62D61470
0x803F0F44, 0x3EE0836D
0x803F0F4C, 0x62F71082
0x803F0F34, 0x3F005050
0x803F0F3C, 0x63181595
0x803F0F44, 0x3F206A69
0x803F0F4C, 0x633920E3
0x803F0F34, 0x3F402715
0x803F0F3C, 0x635A7555
0x803F0F44, 0x3F60830C
0x803F0F4C, 0x637B20E4
0x803F0F34, 0x3F800584
0x803F0F3C, 0x639C47E9
0x803F0F44, 0x3FA093CC
0x803F0F4C, 0x63BD20E3
0x803F0F34, 0x3FC05D14
0x803F0F3C, 0x63DE14D8
0x803F0F44, 0x3FE0A36C
0x803F0F4C, 0x63FF2904
0x803F0F34, 0x60000000
0x803F0F3C, 0x60000000
0x803F0F44, 0x60000000
0x803F0F4C, 0xBE300000
0x803F0F34, 0x60000000
0x803F0F3C, 0x60000000
0x803F0F44, 0x60000000
0x803F0F4C, 0x60000000
0x803F0F4C, 0xBE300000
0x803F0F34, 0x3E008157
0x803F0F3C, 0x62109D64
0x803F0F44, 0x3E200587
0x803F0F4C, 0x62310509
0x803F0F34, 0x3E40DE18
0x803F0F3C, 0x6252CD54
0x803F0F44, 0x3E608909
0x803F0F4C, 0x62730103
0x803F0F34, 0x3E80ACB2
0x803F0F3C, 0x62944145
0x803F0F44, 0x3EA028A4
0x803F0F4C, 0x62B5A0B0
0x803F0F34, 0x3EC0B5D7
0x803F0F3C, 0x62D6A450
0x803F0F44, 0x3EE0008C
0x803F0F4C, 0x62F70128
0x803F0F34, 0x3F00A44F
0x803F0F3C, 0x63184A4A
0x803F0F44, 0x3F203D1B
0x803F0F4C, 0x63391103
0x803F0F34, 0x3F40ABEE
0x803F0F3C, 0x635A2925
0x803F0F44, 0x3F6055D0
0x803F0F4C, 0x637BB280
0x803F0F34, 0x3F809C91
0x803F0F3C, 0x639C2988
0x803F0F44, 0x3FA02F06
0x803F0F4C, 0x63BD0585
0x803F0F34, 0x3FC0828A
0x803F0F3C, 0x63DE28C4
0x803F0F44, 0x3FE00068
0x803F0F4C, 0x63FF5B54
0x803F0F34, 0x60000000
0x803F0F3C, 0x60000000
0x803F0F44, 0x60000000
0x803F0F4C, 0xBE300000
0x803F0F34, 0x60000000
0x803F0F3C, 0x60000000
0x803F0F44, 0x60000000
0x803F0F4C, 0x60000000
0x803F0F4C, 0xBE300000
0x803F0F34, 0x3E008157
0x803F0F3C, 0x62109DA0
0x803F0F44, 0x3E20938F
0x803F0F4C, 0x623120E3
0x803F0F34, 0x3E405E54
0x803F0F3C, 0x62523800
0x803F0F44, 0x3E6073D0
0x803F0F4C, 0x62732147
0x803F0F34, 0x3E801515
0x803F0F3C, 0x62941505
0x803F0F44, 0x3EA082AB
0x803F0F4C, 0x62B528C5
0x803F0F34, 0x3EC080C7
0x803F0F3C, 0x62D6D599
0x803F0F44, 0x3EE07BEF
0x803F0F4C, 0x62F72168
0x803F0F34, 0x3F000585
0x803F0F3C, 0x63185F55
0x803F0F44, 0x3F209B4B
0x803F0F4C, 0x63393947
0x803F0F34, 0x3F401716
0x803F0F3C, 0x635A436D
0x803F0F44, 0x3F607A6C
0x803F0F4C, 0x637B51C9
0x803F0F34, 0x3F803002
0x803F0F3C, 0x639C8040
0x803F0F44, 0x3FA0426B
0x803F0F4C, 0x63BD2168
0x803F0F34, 0x3FC052D1
0x803F0F3C, 0x63DED1D4
0x803F0F44, 0x3FE082AD
0x803F0F4C, 0x63FF3986
0x803F0F34, 0x60000000
0x803F0F3C, 0x60000000
0x803F0F44, 0x60000000
0x803F0F4C, 0xBE300000
0x803F0F34, 0x60000000
0x803F0F3C, 0x60000000
0x803F0F44, 0x60000000
0x803F0F4C, 0x60000000
0x803F0F4C, 0xBE300000
0x803F0F34, 0x3E008157
0x803F0F3C, 0x62109DDC
0x803F0F44, 0x3E2040C0
0x803F0F4C, 0x6231BD55
0x803F0F34, 0x3E408ACD
0x803F0F3C, 0x62527A29
0x803F0F44, 0x3E600C88
0x803F0F4C, 0x627384A5
0x803F0F34, 0x3E80930F
0x803F0F3C, 0x62946A0A
0x803F0F44, 0x3EA00705
0x803F0F4C, 0x62B5C585
0x803F0F34, 0x3EC0CE78
0x803F0F3C, 0x62D67A4B
0x803F0F44, 0x3EE05550
0x803F0F4C, 0x62F75050
0x803F0F34, 0x3F008B0D
0x803F0F3C, 0x6318720A
0x803F0F44, 0x3F20C5E5
0x803F0F4C, 0x63393515
0x803F0F34, 0x3F407248
0x803F0F3C, 0x635A30E2
0x803F0F44, 0x3F602039
0x803F0F4C, 0x637B151C
0x803F0F34, 0x3F805A4B
0x803F0F3C, 0x639C2061
0x803F0F44, 0x3FA08000
0x803F0F4C, 0x63BD4040
0x803F0F34, 0x3FC0BCCF
0x803F0F3C, 0x63DE4944
0x803F0F44, 0x3FE0D5D4
0x803F0F4C, 0x63FFF5F5
0x803F0F34, 0x60000000
0x803F0F3C, 0x60000000
0x803F0F44, 0x60000000
0x803F0F4C, 0xBE300000
0x803F0F34, 0x60000000
0x803F0F3C, 0x60000000
0x803F0F44, 0x60000000
0x803F0F4C, 0x60000000
0x803F0F4C, 0xBE300000
0x803F0F34, 0x3E008157
0x803F0F3C, 0x62109E18
0x803F0F44, 0x3E204A0A
0x803F0F4C, 0x62311041
0x803F0F34, 0x3E404040
0x803F0F3C, 0x62524040
0x803F0F44, 0x3E60DDF3
0x803F0F4C, 0x62735A4B
0x803F0F34, 0x3E804048
0x803F0F3C, 0x629450C0
0x803F0F44, 0x3EA0DD92
0x803F0F4C, 0x62B5522A
0x803F0F34, 0x3EC01515
0x803F0F3C, 0x62D61555
0x803F0F44, 0x3EE0B5B7
0x803F0F4C, 0x62F74A69
0x803F0F34, 0x3F004165
0x803F0F3C, 0x63185555
0x803F0F44, 0x3F2049E8
0x803F0F4C, 0x63392105
0x803F0F34, 0x3F400208
0x803F0F3C, 0x635A0A1B
0x803F0F44, 0x3F6094D1
0x803F0F4C, 0x637B1924
0x803F0F34, 0x3F80D5D5
0x803F0F3C, 0x639C5554
0x803F0F44, 0x3FA08CF2
0x803F0F4C, 0x63BD2228
0x803F0F34, 0x3FC05557
0x803F0F3C, 0x63DE5B7C
0x803F0F44, 0x3FE03146
0x803F0F4C, 0x63FF18C3
0x803F0F34, 0x60000000
0x803F0F3C, 0x60000000
0x803F0F44, 0x60000000
0x803F0F4C, 0xBE300000
0x803F0F34, 0x60000000
0x803F0F3C, 0x60000000
0x803F0F44, 0x60000000
0x803F0F4C, 0x60000000
0x803F0F4C, 0xBE300000
0x803F0F34, 0x3E008157
0x803F0F3C, 0x62109E54
0x803F0F44, 0x3E20163D
0x803F0F4C, 0x62313F9D
0x803F0F34, 0x3E409CD3
0x803F0F3C, 0x625242AA
0x803F0F44, 0x3E605476
0x803F0F4C, 0x627354F5
0x803F0F34, 0x3E806BEF
0x803F0F3C, 0x629442AA
0x803F0F44, 0x3EA07993
0x803F0F4C, 0x62B5101A
0x803F0F34, 0x3EC03ACB
0x803F0F3C, 0x62D610C3
0x803F0F44, 0x3EE0D7D5
0x803F0F4C, 0x62F71595
0x803F0F34, 0x3F00ACF3
0x803F0F3C, 0x63183A48
0x803F0F44, 0x3F203FB5
0x803F0F4C, 0x63393574
0x803F0F34, 0x3F40B40E
0x803F0F3C, 0x635A2104
0x803F0F44, 0x3F60D655
0x803F0F4C, 0x637B5501
0x803F0F34, 0x3F806B0D
0x803F0F3C, 0x639C2904
0x803F0F44, 0x3FA0F757
0x803F0F4C, 0x63BD9515
0x803F0F34, 0x3FC06228
0x803F0F3C, 0x63DE18C3
0x803F0F44, 0x3FE0F056
0x803F0F4C, 0x63FF5650
0x803F0F34, 0x60000000
0x803F0F3C, 0x60000000
0x803F0F44, 0x60000000
0x803F0F4C, 0xBE300000
0x803F0F34, 0x60000000
0x803F0F3C, 0x60000000
0x803F0F44, 0x60000000
0x803F0F4C, 0x60000000
0x803F0F4C, 0xBE300000
0x803F0F34, 0x3E008157
0x803F0F3C, 0x62109E90
0x803F0F44, 0x3E2038E3
0x803F0F4C, 0x62311882
0x803F0F34, 0x3E4059D0
0x803F0F3C, 0x62527015
0x803F0F44, 0x3E607A8A
0x803F0F4C, 0x627338E4
0x803F0F34, 0x3E804350
0x803F0F3C, 0x6294CFD5
0x803F0F44, 0x3EA0CCF2
0x803F0F4C, 0x62B531E9
0x803F0F34, 0x3EC00301
0x803F0F3C, 0x62D60182
0x803F0F44, 0x3EE0532A
0x803F0F4C, 0x62F718C4
0x803F0F34, 0x3F005B5D
0x803F0F3C, 0x63185452
0x803F0F44, 0x3F20C4F3
0x803F0F4C, 0x6339BC91
0x803F0F34, 0x3F4041F9
0x803F0F3C, 0x635A4143
0x803F0F44, 0x3F6093D0
0x803F0F4C, 0x637B49C6
0x803F0F34, 0x3F805E76
0x803F0F3C, 0x639C17F4
0x803F0F44, 0x3FA08C4F
0x803F0F4C, 0x63BD3144
0x803F0F34, 0x3FC00D35
0x803F0F3C, 0x63DE0800
0x803F0F44, 0x3FE0834B
0x803F0F4C, 0x63FF3944
0x803F0F34, 0x60000000
0x803F0F3C, 0x60000000
0x803F0F44, 0x60000000
0x803F0F4C, 0xBE300000
0x803F0F34, 0x60000000
0x803F0F3C, 0x60000000
0x803F0F44, 0x60000000
0x803F0F4C, 0x60000000
0x803F0F4C, 0xBE300000
0x803F0F34, 0x3E008157
0x803F0F3C, 0x62109ECC
0x803F0F44, 0x3E20014D
0x803F0F4C, 0x623126B7
0x803F0F34, 0x3E40ACD6
0x803F0F3C, 0x62524193
0x803F0F44, 0x3E60D855
0x803F0F4C, 0x62735554
0x803F0F34, 0x3E809B6C
0x803F0F3C, 0x629420E4
0x803F0F44, 0x3EA01615
0x803F0F4C, 0x62B535D5
0x803F0F34, 0x3EC0CD14
0x803F0F3C, 0x62D67269
0x803F0F44, 0x3EE0D0E0
0x803F0F4C, 0x62F7C000
0x803F0F34, 0x3F00A38D
0x803F0F3C, 0x631818A4
0x803F0F44, 0x3F20151D
0x803F0F4C, 0x63392525
0x803F0F34, 0x3F40B4B2
0x803F0F3C, 0x635A6AAC
0x803F0F44, 0x3F603306
0x803F0F4C, 0x637B3442
0x803F0F34, 0x3F8082EA
0x803F0F3C, 0x639C1061
0x803F0F44, 0x3FA00509
0x803F0F4C, 0x63BD6159
0x803F0F34, 0x3FC06AAA
0x803F0F3C, 0x63DE18C3
0x803F0F44, 0x3FE02555
0x803F0F4C, 0x63FF5555
0x803F0F34, 0x60000000
0x803F0F3C, 0x60000000
0x803F0F44, 0x60000000
0x803F0F4C, 0xBE300000
0x803F0F34, 0x60000000
0x803F0F3C, 0x60000000
0x803F0F44, 0x60000000
0x803F0F4C, 0x60000000
0x803F0F4C, 0xBE300000
0x803F0F34, 0x3E008157
0x803F0F3C, 0x62109F08
0x803F0F44, 0x3E20B3EF
0x803F0F4C, 0x623138C2
0x803F0F34, 0x3E405058
0x803F0F3C, 0x62525757
0x803F0F44, 0x3E6018C3
0x803F0F4C, 0x62731082
0x803F0F34, 0x3E800981
0x803F0F3C, 0x62947C72
0x803F0F44, 0x3EA0D446
0x803F0F4C, 0x62B528C3
0x803F0F34, 0x3EC05757
0x803F0F3C, 0x62D65454
0x803F0F44, 0x3EE0BC50
0x803F0F4C, 0x62F750A2
0x803F0F34, 0x3F008101
0x803F0F3C, 0x6318250D
0x803F0F44, 0x3F208AA9
0x803F0F4C, 0x633918A4
0x803F0F34, 0x3F405555
0x803F0F3C, 0x635A10E8
0x803F0F44, 0x3F60BC09
0x803F0F4C, 0x637B4164
0x803F0F34, 0x3F804DDD
0x803F0F3C, 0x639CDD2D
0x803F0F44, 0x3FA048C2
0x803F0F4C, 0x63BD20C3
0x803F0F34, 0x3FC00281
0x803F0F3C, 0x63DE8175
0x803F0F44, 0x3FE09BEE
0x803F0F4C, 0x63FF10A3
0x803F0F34, 0x60000000
0x803F0F3C, 0x60000000
0x803F0F44, 0x60000000
0x803F0F4C, 0xBE300000
0x803F0F34, 0x60000000
0x803F0F3C, 0x60000000
0x803F0F44, 0x60000000
0x803F0F4C, 0x60000000
0x803F0F4C, 0xBE300000
0x803F0F34, 0x3E008157
0x803F0F3C, 0x62109F44
0x803F0F44, 0x3E205850
0x803F0F4C, 0x62315C55
0x803F0F34, 0x3E40AC91
0x803F0F3C, 0x625221A7
0x803F0F44, 0x3E600810
0x803F0F4C, 0x62737479
0x803F0F34, 0x3E8018C3
0x803F0F3C, 0x62941062
0x803F0F44, 0x3EA05D72
0x803F0F4C, 0x62B53230
0x803F0F34, 0x3EC0B3B4
0x803F0F3C, 0x62D62166
0x803F0F44, 0x3EE05B45
0x803F0F4C, 0x62F74441
0x803F0F34, 0x3F00BCB1
0x803F0F3C, 0x63182966
0x803F0F44, 0x3F2001CD
0x803F0F4C, 0x63391595
0x803F0F34, 0x3F40A4D2
0x803F0F3C, 0x635A3944
0x803F0F44, 0x3F6079E4
0x803F0F4C, 0x637B4000
0x803F0F34, 0x3F80A554
0x803F0F3C, 0x639C29A7
0x803F0F44, 0x3FA05755
0x803F0F4C, 0x63BD97D1
0x803F0F34, 0x3FC0A575
0x803F0F3C, 0x63DE8431
0x803F0F44, 0x3FE040D2
0x803F0F4C, 0x63FF8B10
0x803F0F34, 0x60000000
0x803F0F3C, 0x60000000
0x803F0F44, 0x60000000
0x803F0F4C, 0xBE300000
0x803F0F34, 0x60000000
0x803F0F3C, 0x60000000
0x803F0F44, 0x60000000
0x803F0F4C, 0x60000000
0x803F0F4C, 0xBE300000
0x803F0F34, 0x3E008157
0x803F0F3C, 0x62109F80
0x803F0F44, 0x3E20B534
0x803F0F4C, 0x623131C6
0x803F0F34, 0x3E401010
0x803F0F3C, 0x62521008
0x803F0F44, 0x3E60B534
0x803F0F4C, 0x62733986
0x803F0F34, 0x3E800604
0x803F0F3C, 0x62940010
0x803F0F44, 0x3EA0B512
0x803F0F4C, 0x62B561A5
0x803F0F34, 0x3EC00408
0x803F0F3C, 0x62D6061E
0x803F0F44, 0x3EE0A533
0x803F0F4C, 0x62F741C8
0x803F0F34, 0x3F0020A0
0x803F0F3C, 0x63186454
0x803F0F44, 0x3F20B596
0x803F0F4C, 0x633939C7
0x803F0F34, 0x3F4015D5
0x803F0F3C, 0x635A0100
0x803F0F44, 0x3F6052AA
0x803F0F4C, 0x637B4208
0x803F0F34, 0x3F80C0C4
0x803F0F3C, 0x639CA053
0x803F0F44, 0x3FA0AD96
0x803F0F4C, 0x63BD39E8
0x803F0F34, 0x3FC00000
0x803F0F3C, 0x63DE0040
0x803F0F44, 0x3FE08C92
0x803F0F4C, 0x63FF4229
0x803F0F34, 0x60000000
0x803F0F3C, 0x60000000
0x803F0F44, 0x60000000
0x803F0F4C, 0xBE300000
0x803F0F34, 0x60000000
0x803F0F3C, 0x60000000
0x803F0F44, 0x60000000
0x803F0F4C, 0x60000000
0x803F0F4C, 0xBE300000
0x803F0F34, 0x3E008157
0x803F0F3C, 0x62109FBC
0x803F0F44, 0x3E205517
0x803F0F4C, 0x62311556
0x803F0F34, 0x3E40BE19
0x803F0F3C, 0x62526208
0x803F0F44, 0x3E604000
0x803F0F4C, 0x62730000
0x803F0F34, 0x3E80ADB7
0x803F0F3C, 0x62948471
0x803F0F44, 0x3EA0068A
0x803F0F4C, 0x62B50103
0x803F0F34, 0x3EC0BE18
0x803F0F3C, 0x62D6BC11
0x803F0F44, 0x3EE00000
0x803F0F4C, 0x62F70840
0x803F0F34, 0x3F00BE39
0x803F0F3C, 0x6318AD96
0x803F0F44, 0x3F203D15
0x803F0F4C, 0x6339956D
0x803F0F34, 0x3F409CF4
0x803F0F3C, 0x635A1906
0x803F0F44, 0x3F600505
0x803F0F4C, 0x637B0505
0x803F0F34, 0x3F80528E
0x803F0F3C, 0x639C1883
0x803F0F44, 0x3FA0DD58
0x803F0F4C, 0x63BD5858
0x803F0F34, 0x3FC08C2F
0x803F0F3C, 0x63DE1062
0x803F0F44, 0x3FE00506
0x803F0F4C, 0x63FF0A00
0x803F0F34, 0x60000000
0x803F0F3C, 0x60000000
0x803F0F44, 0x60000000
0x803F0F4C, 0xBE300000
0x803F0F34, 0x60000000
0x803F0F3C, 0x60000000
0x803F0F44, 0x60000000
0x803F0F4C, 0x60000000
0x803F0F4C, 0xBE300000
0x803F0F34, 0x3E008157
0x803F0F3C, 0x62109FF8
0x803F0F44, 0x3E209C0B
0x803F0F4C, 0x6231526A
0x803F0F34, 0x3E407380
0x803F0F3C, 0x6252820B
0x803F0F44, 0x3E6051CC
0x803F0F4C, 0x62731063
0x803F0F34, 0x3E80A1D5
0x803F0F3C, 0x62941595
0x803F0F44, 0x3EA01927
0x803F0F4C, 0x62B50862
0x803F0F34, 0x3EC0C058
0x803F0F3C, 0x62D65754
0x803F0F44, 0x3EE0938A
0x803F0F4C, 0x62F749C5
0x803F0F34, 0x3F008925
0x803F0F3C, 0x631810F0
0x803F0F44, 0x3F2093AB
0x803F0F4C, 0x633918C3
0x803F0F34, 0x3F405600
0x803F0F3C, 0x635A000A
0x803F0F44, 0x3F60DD54
0x803F0F4C, 0x637B2946
0x803F0F34, 0x3F805D54
0x803F0F3C, 0x639C5454
0x803F0F44, 0x3FA0D513
0x803F0F4C, 0x63BD49C6
0x803F0F34, 0x3FC07500
0x803F0F3C, 0x63DE0089
0x803F0F44, 0x3FE0D513
0x803F0F4C, 0x63FF3124
0x803F0F34, 0x60000000
0x803F0F3C, 0x60000000
0x803F0F44, 0x60000000
0x803F0F4C, 0xBE300000
0x803F0F34, 0x60000000
0x803F0F3C, 0x60000000
0x803F0F44, 0x60000000
0x803F0F4C, 0x60000000
0x803F0F4C, 0xBE300000
0x803F0F34, 0x3E008157
0x803F0F3C, 0x6210A034
0x803F0F44, 0x3E205CDC
0x803F0F4C, 0x6231D4D4
0x803F0F34, 0x3E40DD33
0x803F0F3C, 0x6252A2EC
0x803F0F44, 0x3E600800
0x803F0F4C, 0x62730107
0x803F0F34, 0x3E809BAE
0x803F0F3C, 0x629420A2
0x803F0F44, 0x3EA05012
0x803F0F4C, 0x62B51A00
0x803F0F34, 0x3EC08BCC
0x803F0F3C, 0x62D661C9
0x803F0F44, 0x3EE015D5
0x803F0F4C, 0x62F7550A
0x803F0F34, 0x3F00DCB0
0x803F0F3C, 0x631862A8
0x803F0F44, 0x3F202F25
0x803F0F4C, 0x6339050A
0x803F0F34, 0x3F40C40B
0x803F0F3C, 0x635A838B
0x803F0F44, 0x3F605555
0x803F0F4C, 0x637B5525
0x803F0F34, 0x3F8072AA
0x803F0F3C, 0x639C2082
0x803F0F44, 0x3FA0A585
0x803F0F4C, 0x63BD070B
0x803F0F34, 0x3FC051C6
0x803F0F3C, 0x63DE1882
0x803F0F44, 0x3FE04040
0x803F0F4C, 0x63FF8E00
0x803F0F34, 0x60000000
0x803F0F3C, 0x60000000
0x803F0F44, 0x60000000
0x803F0F4C, 0xBE300000
0x803F0F34, 0x60000000
0x803F0F3C, 0x60000000
0x803F0F44, 0x60000000
0x803F0F4C, 0x60000000
0x803F0F4C, 0xBE300000
0x803F0F34, 0x3E008157
0x803F0F3C, 0x6210A070
0x803F0F44, 0x3E2072C8
0x803F0F4C, 0x623128C2
0x803F0F34, 0x3E400109
0x803F0F3C, 0x62522D2E
0x803F0F44, 0x3E60DDB5
0x803F0F4C, 0x62737224
0x803F0F34, 0x3E805555
0x803F0F3C, 0x62945754
0x803F0F44, 0x3EA0C4AD
0x803F0F4C, 0x62B52945
0x803F0F34, 0x3EC0D055
0x803F0F3C, 0x62D65042
0x803F0F44, 0x3EE0BCD0
0x803F0F4C, 0x62F75A04
0x803F0F34, 0x3F00F5A5
0x803F0F3C, 0x63183D01
0x803F0F44, 0x3F20CC2F
0x803F0F4C, 0x63393124
0x803F0F34, 0x3F404055
0x803F0F3C, 0x635A2521
0x803F0F44, 0x3F60CB2C
0x803F0F4C, 0x637B3924
0x803F0F34, 0x3F8007D7
0x803F0F3C, 0x639C5752
0x803F0F44, 0x3FA061E2
0x803F0F4C, 0x63BD1062
0x803F0F34, 0x3FC0D5F5
0x803F0F3C, 0x63DE3501
0x803F0F44, 0x3FE093EC
0x803F0F4C, 0x63FF52CA
0x803F0F34, 0x60000000
0x803F0F3C, 0x60000000
0x803F0F44, 0x60000000
0x803F0F4C, 0xBE300000
0x803F0F34, 0x60000000
0x803F0F3C, 0x60000000
0x803F0F44, 0x60000000
0x803F0F4C, 0x60000000
0x803F0F4C, 0xBE300000
0x803F0F34, 0x3E008157
0x803F0F3C, 0x6210A0AC
0x803F0F44, 0x3E20F550
0x803F0F4C, 0x6231C0EA
0x803F0F34, 0x3E40BCB0
0x803F0F3C, 0x62524983
0x803F0F44, 0x3E60555D
0x803F0F4C, 0x62731527
0x803F0F34, 0x3E805A8B
0x803F0F3C, 0x629428A6
0x803F0F44, 0x3EA08044
0x803F0F4C, 0x62B521D0
0x803F0F34, 0x3EC0B44F
0x803F0F3C, 0x62D639E7
0x803F0F44, 0x3EE0F0A0
0x803F0F4C, 0x62F752A0
0x803F0F34, 0x3F00CCB0
0x803F0F3C, 0x63187AC9
0x803F0F44, 0x3F20011F
0x803F0F4C, 0x63392A22
0x803F0F34, 0x3F40C450
0x803F0F3C, 0x635A39EA
0x803F0F44, 0x3F60B060
0x803F0F4C, 0x637B4041
0x803F0F34, 0x3F80C470
0x803F0F3C, 0x639C7208
0x803F0F44, 0x3FA00050
0x803F0F4C, 0x63BD038A
0x803F0F34, 0x3FC08B4D
0x803F0F3C, 0x63DE2105
0x803F0F44, 0x3FE0555D
0x803F0F4C, 0x63FF1B1F
0x803F0F34, 0x60000000
0x803F0F3C, 0x60000000
0x803F0F44, 0x60000000
0x803F0F4C, 0xBE300000
0x803F0F34, 0x60000000
0x803F0F3C, 0x60000000
0x803F0F44, 0x60000000
0x803F0F4C, 0x60000000
0x803F0F4C, 0xBE300000
0x803F0F34, 0x3E008157
0x803F0F3C, 0x6210A0E8
0x803F0F44, 0x3E20AC10
0x803F0F4C, 0x62313145
0x803F0F34, 0x3E40B5D5
0x803F0F3C, 0x625203A0
0x803F0F44, 0x3E609BF0
0x803F0F4C, 0x62731968
0x803F0F34, 0x3E801555
0x803F0F3C, 0x62947455
0x803F0F44, 0x3EA0CD76
0x803F0F4C, 0x62B5C3EF
0x803F0F34, 0x3EC01C58
0x803F0F3C, 0x62D6F878
0x803F0F44, 0x3EE0BB90
0x803F0F4C, 0x62F738E5
0x803F0F34, 0x3F000304
0x803F0F3C, 0x63185526
0x803F0F44, 0x3F20C22C
0x803F0F4C, 0x633951E6
0x803F0F34, 0x3F403615
0x803F0F3C, 0x635A575F
0x803F0F44, 0x3F60A3B0
0x803F0F4C, 0x637B28C5
0x803F0F34, 0x3F803D15
0x803F0F3C, 0x639C1554
0x803F0F44, 0x3FA09368
0x803F0F4C, 0x63BD39E7
0x803F0F34, 0x3FC053D2
0x803F0F3C, 0x63DE535C
0x803F0F44, 0x3FE0D4D2
0x803F0F4C, 0x63FF51CA
0x803F0F34, 0x60000000
0x803F0F3C, 0x60000000
0x803F0F44, 0x60000000
0x803F0F4C, 0xBE300000
0x803F0F34, 0x60000000
0x803F0F3C, 0x60000000
0x803F0F44, 0x60000000
0x803F0F4C, 0x60000000
0x803F0F4C, 0xBE300000
0x803F0F34, 0x3E008157
0x803F0F3C, 0x6210A124
0x803F0F44, 0x3E20D482
0x803F0F4C, 0x62314153
0x803F0F34, 0x3E404C4D
0x803F0F3C, 0x62522146
0x803F0F44, 0x3E605515
0x803F0F4C, 0x62736547
0x803F0F34, 0x3E80CC8F
0x803F0F3C, 0x629482A6
0x803F0F44, 0x3EA054DC
0x803F0F4C, 0x62B55476
0x803F0F34, 0x3EC0B32E
0x803F0F3C, 0x62D649E9
0x803F0F44, 0x3EE0A4CC
0x803F0F4C, 0x62F7D9B4
0x803F0F34, 0x3F00A40F
0x803F0F3C, 0x63182146
0x803F0F44, 0x3F206057
0x803F0F4C, 0x63395757
0x803F0F34, 0x3F403124
0x803F0F3C, 0x635A1061
0x803F0F44, 0x3F600329
0x803F0F4C, 0x637B2525
0x803F0F34, 0x3F80818A
0x803F0F3C, 0x639C2966
0x803F0F44, 0x3FA09757
0x803F0F4C, 0x63BD6515
0x803F0F34, 0x3FC020E3
0x803F0F3C, 0x63DE1082
0x803F0F44, 0x3FE0058D
0x803F0F4C, 0x63FFBDF5
0x803F0F34, 0x60000000
0x803F0F3C, 0x60000000
0x803F0F44, 0x60000000
0x803F0F4C, 0xBE300000
0x803F0F34, 0x60000000
0x803F0F3C, 0x60000000
0x803F0F44, 0x60000000
0x803F0F4C, 0x60000000
0x803F0F4C, 0xBE300000
0x803F0F34, 0x3E008157
0x803F0F3C, 0x6210A160
0x803F0F44, 0x3E2018C3
0x803F0F4C, 0x62311082
0x803F0F34, 0x3E40B870
0x803F0F3C, 0x62527856
0x803F0F44, 0x3E60AA91
0x803F0F4C, 0x627320E4
0x803F0F34, 0x3E805654
0x803F0F3C, 0x62945455
0x803F0F44, 0x3EA018A3
0x803F0F4C, 0x62B51082
0x803F0F34, 0x3EC05DFE
0x803F0F3C, 0x62D64040
0x803F0F44, 0x3EE08AAD
0x803F0F4C, 0x62F718A3
0x803F0F34, 0x3F005854
0x803F0F3C, 0x63185954
0x803F0F44, 0x3F20D44F
0x803F0F4C, 0x63394944
0x803F0F34, 0x3F403C91
0x803F0F3C, 0x635A4D21
0x803F0F44, 0x3F60DBD6
0x803F0F4C, 0x637B2104
0x803F0F34, 0x3F805555
0x803F0F3C, 0x639C0D01
0x803F0F44, 0x3FA06288
0x803F0F4C, 0x63BD2C98
0x803F0F34, 0x3FC00037
0x803F0F3C, 0x63DE36A4
0x803F0F44, 0x3FE08306
0x803F0F4C, 0x63FF2942
0x803F0F34, 0x60000000
0x803F0F3C, 0x60000000
0x803F0F44, 0x60000000
0x803F0F4C, 0xBE300000
0x803F0F34, 0x60000000
0x803F0F3C, 0x60000000
0x803F0F44, 0x60000000
0x803F0F4C, 0x60000000
0x803F0F4C, 0xBE300000
0x803F0F34, 0x3E008157
0x803F0F3C, 0x6210A19C
0x803F0F44, 0x3E200D01
0x803F0F4C, 0x62310686
0x803F0F34, 0x3E4018E3
0x803F0F3C, 0x62521082
0x803F0F44, 0x3E601386
0x803F0F4C, 0x627386C4
0x803F0F34, 0x3E80AAB2
0x803F0F3C, 0x62943167
0x803F0F44, 0x3EA041C5
0x803F0F4C, 0x62B5719D
0x803F0F34, 0x3EC0B470
0x803F0F3C, 0x62D620E4
0x803F0F44, 0x3EE07181
0x803F0F4C, 0x62F70101
0x803F0F34, 0x3F009AAF
0x803F0F3C, 0x631839A8
0x803F0F44, 0x3F2071DD
0x803F0F4C, 0x63394967
0x803F0F34, 0x3F40C574
0x803F0F3C, 0x635A4249
0x803F0F44, 0x3F6070F1
0x803F0F4C, 0x637BD179
0x803F0F34, 0x3F80AD75
0x803F0F3C, 0x639C8C51
0x803F0F44, 0x3FA010AF
0x803F0F4C, 0x63BD4E50
0x803F0F34, 0x3FC07431
0x803F0F3C, 0x63DE1945
0x803F0F44, 0x3FE0C165
0x803F0F4C, 0x63FFF515
0x803F0F34, 0x60000000
0x803F0F3C, 0x60000000
0x803F0F44, 0x60000000
0x803F0F4C, 0xBE300000
0x803F0F34, 0x60000000
0x803F0F3C, 0x60000000
0x803F0F44, 0x60000000
0x803F0F4C, 0x60000000
0x803F0F4C, 0xBE300000
0x803F0F34, 0x3E008157
0x803F0F3C, 0x6210A1D8
0x803F0F44, 0x3E20BCB1
0x803F0F4C, 0x62315A28
0x803F0F34, 0x3E406070
0x803F0F3C, 0x6252705A
0x803F0F44, 0x3E6083EF
0x803F0F4C, 0x627349C7
0x803F0F34, 0x3E802721
0x803F0F3C, 0x6294043C
0x803F0F44, 0x3EA0B470
0x803F0F4C, 0x62B551E8
0x803F0F34, 0x3EC00065
0x803F0F3C, 0x62D60082
0x803F0F44, 0x3EE0C534
0x803F0F4C, 0x62F75AAA
0x803F0F34, 0x3F0052D0
0x803F0F3C, 0x63180080
0x803F0F44, 0x3F20BCF2
0x803F0F4C, 0x63397A27
0x803F0F34, 0x3F40D709
0x803F0F3C, 0x635AAA00
0x803F0F44, 0x3F60AD34
0x803F0F4C, 0x637B4965
0x803F0F34, 0x3F800040
0x803F0F3C, 0x639C000A
0x803F0F44, 0x3FA0A4D3
0x803F0F4C, 0x63BD31A7
0x803F0F34, 0x3FC07515
0x803F0F3C, 0x63DE1F45
0x803F0F44, 0x3FE0B430
0x803F0F4C, 0x63FF8AA9
0x803F0F34, 0x60000000
0x803F0F3C, 0x60000000
0x803F0F44, 0x60000000
0x803F0F4C, 0xBE300000
0x803F0F34, 0x60000000
0x803F0F3C, 0x60000000
0x803F0F44, 0x60000000
0x803F0F4C, 0x60000000
0x803F0F4C, 0xBE300000
0x803F0F34, 0x3E008157
0x803F0F3C, 0x6210A214
0x803F0F44, 0x3E2040D0
0x803F0F4C, 0x6231E329
0x803F0F34, 0x3E40CD54
0x803F0F3C, 0x625239E9
0x803F0F44, 0x3E602D01
0x803F0F4C, 0x62730515
0x803F0F34, 0x3E80D3CF
0x803F0F3C, 0x6294BE18
0x803F0F44, 0x3EA075B5
0x803F0F4C, 0x62B51555
0x803F0F34, 0x3EC0B5F8
0x803F0F3C, 0x62D6A555
0x803F0F44, 0x3EE0BD19
0x803F0F4C, 0x62F7B151
0x803F0F34, 0x3F00C679
0x803F0F3C, 0x63188451
0x803F0F44, 0x3F200301
0x803F0F4C, 0x6339010A
0x803F0F34, 0x3F40B5D7
0x803F0F3C, 0x635A9D13
0x803F0F44, 0x3F608B87
0x803F0F4C, 0x637B1931
0x803F0F34, 0x3F809CD3
0x803F0F3C, 0x639C4185
0x803F0F44, 0x3FA02707
0x803F0F4C, 0x63BD0705
0x803F0F34, 0x3FC08B6A
0x803F0F3C, 0x63DE5A26
0x803F0F44, 0x3FE04140
0x803F0F4C, 0x63FF425D
0x803F0F34, 0x60000000
0x803F0F3C, 0x60000000
0x803F0F44, 0x60000000
0x803F0F4C, 0xBE300000
0x803F0F34, 0x60000000
0x803F0F3C, 0x60000000
0x803F0F44, 0x60000000
0x803F0F4C, 0x60000000
0x803F0F4C, 0xBE300000
0x803F0F34, 0x3E008157
0x803F0F3C, 0x6210A250
0x803F0F44, 0x3E2094B2
0x803F0F4C, 0x623141A6
0x803F0F34, 0x3E400D09
0x803F0F3C, 0x62520909
0x803F0F44, 0x3E606267
0x803F0F4C, 0x627320A2
0x803F0F34, 0x3E800301
0x803F0F3C, 0x629405A7
0x803F0F44, 0x3EA0836A
0x803F0F4C, 0x62B53943
0x803F0F34, 0x3EC06040
0x803F0F3C, 0x62D6F65E
0x803F0F44, 0x3EE0E48C
0x803F0F4C, 0x62F76AC8
0x803F0F34, 0x3F00B5F5
0x803F0F3C, 0x6318D040
0x803F0F44, 0x3F20ED10
0x803F0F4C, 0x63393923
0x803F0F34, 0x3F405F5C
0x803F0F3C, 0x635A5C50
0x803F0F44, 0x3F60F46B
0x803F0F4C, 0x637BDAE6
0x803F0F34, 0x3F800229
0x803F0F3C, 0x639C0C0F
0x803F0F44, 0x3FA0E3CA
0x803F0F4C, 0x63BD51E5
0x803F0F34, 0x3FC05621
0x803F0F3C, 0x63DE0B03
0x803F0F44, 0x3FE0DD33
0x803F0F4C, 0x63FFBBAC
0x803F0F34, 0x60000000
0x803F0F3C, 0x60000000
0x803F0F44, 0x60000000
0x803F0F4C, 0xBE300000
0x803F0F34, 0x60000000
0x803F0F3C, 0x60000000
0x803F0F44, 0x60000000
0x803F0F4C, 0x60000000
0x803F0F4C, 0xBE300000
0x803F0F34, 0x3E008157
0x803F0F3C, 0x6210A28C
0x803F0F44, 0x3E20008F
0x803F0F4C, 0x62314D45
0x803F0F34, 0x3E40EE37
0x803F0F3C, 0x6252DB48
0x803F0F44, 0x3E60D8D8
0x803F0F4C, 0x62734050
0x803F0F34, 0x3E80DDD5
0x803F0F3C, 0x6294AB6C
0x803F0F44, 0x3EA01303
0x803F0F4C, 0x62B50828
0x803F0F34, 0x3EC0E42B
0x803F0F3C, 0x62D6A2C8
0x803F0F44, 0x3EE08FD0
0x803F0F4C, 0x62F76000
0x803F0F34, 0x3F00FCED
0x803F0F3C, 0x6318F44A
0x803F0F44, 0x3F2020F0
0x803F0F4C, 0x63391001
0x803F0F34, 0x3F40D46E
0x803F0F3C, 0x635A8205
0x803F0F44, 0x3F600008
0x803F0F4C, 0x637B1801
0x803F0F34, 0x3F80F50E
0x803F0F3C, 0x639CD389
0x803F0F44, 0x3FA0A8C2
0x803F0F4C, 0x63BD6070
0x803F0F34, 0x3FC0EC4C
0x803F0F3C, 0x63DE41C6
0x803F0F44, 0x3FE01505
0x803F0F4C, 0x63FF0501
0x803F0F34, 0x60000000
0x803F0F3C, 0x60000000
0x803F0F44, 0x60000000
0x803F0F4C, 0xBE300000
0x803F0F34, 0x60000000
0x803F0F3C, 0x60000000
0x803F0F44, 0x60000000
0x803F0F4C, 0x60000000
0x803F0F4C, 0xBE300000
0x803F0F34, 0x3E008157
0x803F0F3C, 0x6210A2C8
0x803F0F44, 0x3E20CCD1
0x803F0F4C, 0x62313144
0x803F0F34, 0x3E407CD4
0x803F0F3C, 0x62525455
0x803F0F44, 0x3E60DC4D
0x803F0F4C, 0x62731882
0x803F0F34, 0x3E800101
0x803F0F3C, 0x62940109
0x803F0F44, 0x3EA0738D
0x803F0F4C, 0x62B518E3
0x803F0F34, 0x3EC05555
0x803F0F3C, 0x62D65754
0x803F0F44, 0x3EE0B470
0x803F0F4C, 0x62F72104
0x803F0F34, 0x3F002805
0x803F0F3C, 0x63180B05
0x803F0F44, 0x3F20D3EF
0x803F0F4C, 0x63394145
0x803F0F34, 0x3F40505C
0x803F0F3C, 0x635A5C54
0x803F0F44, 0x3F602105
0x803F0F4C, 0x637B18C3
0x803F0F34, 0x3F8084B7
0x803F0F3C, 0x639C951F
0x803F0F44, 0x3FA06A6A
0x803F0F4C, 0x63BD18E3
0x803F0F34, 0x3FC05557
0x803F0F3C, 0x63DE1505
0x803F0F44, 0x3FE0C513
0x803F0F4C, 0x63FF2925
0x803F0F34, 0x60000000
0x803F0F3C, 0x60000000
0x803F0F44, 0x60000000
0x803F0F4C, 0xBE300000
0x803F0F34, 0x60000000
0x803F0F3C, 0x60000000
0x803F0F44, 0x60000000
0x803F0F4C, 0x60000000
0x803F0F4C, 0xBE300000
0x803F0F34, 0x3E008157
0x803F0F3C, 0x6210A304
0x803F0F44, 0x3E203715
0x803F0F4C, 0x62311515
0x803F0F34, 0x3E401AD0
0x803F0F3C, 0x6252114B
0x803F0F44, 0x3E6040CA
0x803F0F4C, 0x627300B8
0x803F0F34, 0x3E8010A3
0x803F0F3C, 0x62940A0C
0x803F0F44, 0x3EA00201
0x803F0F4C, 0x62B50101
0x803F0F34, 0x3EC01B73
0x803F0F3C, 0x62D60A8E
0x803F0F44, 0x3EE05050
0x803F0F4C, 0x62F7700A
0x803F0F34, 0x3F00DD54
0x803F0F3C, 0x6318124D
0x803F0F44, 0x3F204141
0x803F0F4C, 0x63394555
0x803F0F34, 0x3F408C50
0x803F0F3C, 0x635A328C
0x803F0F44, 0x3F60C06B
0x803F0F4C, 0x637B515D
0x803F0F34, 0x3F801332
0x803F0F3C, 0x639C026E
0x803F0F44, 0x3FA02719
0x803F0F4C, 0x63BD1CFD
0x803F0F34, 0x3FC01AAE
0x803F0F3C, 0x63DE10C4
0x803F0F44, 0x3FE00302
0x803F0F4C, 0x63FF0182
0x803F0F34, 0x60000000
0x803F0F3C, 0x60000000
0x803F0F44, 0x60000000
0x803F0F4C, 0xBE300000
0x803F0F34, 0x60000000
0x803F0F3C, 0x60000000
0x803F0F44, 0x60000000
0x803F0F4C, 0x60000000
0x803F0F4C, 0xBE300000
0x803F0F34, 0x3E008157
0x803F0F3C, 0x6210A340
0x803F0F44, 0x3E201A4C
0x803F0F4C, 0x62310128
0x803F0F34, 0x3E40671E
0x803F0F3C, 0x625250C0
0x803F0F44, 0x3E60A3D0
0x803F0F4C, 0x6273124D
0x803F0F34, 0x3E804169
0x803F0F3C, 0x62945D55
0x803F0F44, 0x3EA03AAE
0x803F0F4C, 0x62B50A8E
0x803F0F34, 0x3EC056D5
0x803F0F3C, 0x62D615D5
0x803F0F44, 0x3EE00A8F
0x803F0F4C, 0x62F70085
0x803F0F34, 0x3F00A010
0x803F0F3C, 0x63181020
0x803F0F44, 0x3F207ACD
0x803F0F4C, 0x63392168
0x803F0F34, 0x3F40545F
0x803F0F3C, 0x635A56DF
0x803F0F44, 0x3F609C2F
0x803F0F4C, 0x637B3248
0x803F0F34, 0x3F806C50
0x803F0F3C, 0x639C5E6E
0x803F0F44, 0x3FA010C4
0x803F0F4C, 0x63BD0A4E
0x803F0F34, 0x3FC0505C
0x803F0F3C, 0x63DE5C54
0x803F0F44, 0x3FE052AB
0x803F0F4C, 0x63FF1905
0x803F0F34, 0x60000000
0x803F0F3C, 0x60000000
0x803F0F44, 0x60000000
0x803F0F4C, 0xBE300000
0x803F0F34, 0x60000000
0x803F0F3C, 0x60000000
0x803F0F44, 0x60000000
0x803F0F4C, 0x60000000
0x803F0F4C, 0xBE300000
0x803F0F34, 0x3E008157
0x803F0F3C, 0x6210A37C
0x803F0F44, 0x3E207191
0x803F0F4C, 0x62317141
0x803F0F34, 0x3E40A349
0x803F0F3C, 0x62525184
0x803F0F44, 0x3E600C27
0x803F0F4C, 0x62730D09
0x803F0F34, 0x3E80BBCB
0x803F0F3C, 0x62942946
0x803F0F44, 0x3EA09515
0x803F0F4C, 0x62B51554
0x803F0F34, 0x3EC09493
0x803F0F3C, 0x62D62924
0x803F0F44, 0x3EE04D54
0x803F0F4C, 0x62F75755
0x803F0F34, 0x3F007CB7
0x803F0F3C, 0x631849EA
0x803F0F44, 0x3F20D425
0x803F0F4C, 0x63398A8B
0x803F0F34, 0x3F40B454
0x803F0F3C, 0x635A3227
0x803F0F44, 0x3F603515
0x803F0F4C, 0x637B7535
0x803F0F34, 0x3F8039E8
0x803F0F3C, 0x639C1062
0x803F0F44, 0x3FA05555
0x803F0F4C, 0x63BD150B
0x803F0F34, 0x3FC06C6F
0x803F0F3C, 0x63DE31A7
0x803F0F44, 0x3FE00F4B
0x803F0F4C, 0x63FFC515
0x803F0F34, 0x60000000
0x803F0F3C, 0x60000000
0x803F0F44, 0x60000000
0x803F0F4C, 0xBE300000
0x803F0F34, 0x60000000
0x803F0F3C, 0x60000000
0x803F0F44, 0x60000000
0x803F0F4C, 0x60000000
0x803F0F4C, 0xBE300000
0x803F0F34, 0x3E008157
0x803F0F3C, 0x6210A3B8
0x803F0F44, 0x3E204228
0x803F0F4C, 0x62312166
0x803F0F34, 0x3E408128
0x803F0F3C, 0x625200C0
0x803F0F44, 0x3E6010A3
0x803F0F4C, 0x62730841
0x803F0F34, 0x3E80807C
0x803F0F3C, 0x62945570
0x803F0F44, 0x3EA0C2D6
0x803F0F4C, 0x62B518A3
0x803F0F34, 0x3EC05455
0x803F0F3C, 0x62D65555
0x803F0F44, 0x3EE042EE
0x803F0F4C, 0x62F731E9
0x803F0F34, 0x3F00E878
0x803F0F3C, 0x631854D5
0x803F0F44, 0x3F2063F2
0x803F0F4C, 0x633942ED
0x803F0F34, 0x3F40759F
0x803F0F3C, 0x635A80C0
0x803F0F44, 0x3F60942E
0x803F0F4C, 0x637B3123
0x803F0F34, 0x3F800381
0x803F0F3C, 0x639C2D57
0x803F0F44, 0x3FA0BC50
0x803F0F4C, 0x63BD3944
0x803F0F34, 0x3FC0B4D0
0x803F0F3C, 0x63DE4000
0x803F0F44, 0x3FE081A6
0x803F0F4C, 0x63FF2925
0x803F0F34, 0x60000000
0x803F0F3C, 0x60000000
0x803F0F44, 0x60000000
0x803F0F4C, 0xBE300000
0x803F0F34, 0x60000000
0x803F0F3C, 0x60000000
0x803F0F44, 0x60000000
0x803F0F4C, 0x60000000
0x803F0F4C, 0xBE300000
0x803F0F34, 0x3E008157
0x803F0F3C, 0x6210A3F4
0x803F0F44, 0x3E2050C0
0x803F0F4C, 0x62318080
0x803F0F34, 0x3E40CCF2
0x803F0F3C, 0x62527AC9
0x803F0F44, 0x3E60D655
0x803F0F4C, 0x6273F9C0
0x803F0F34, 0x3E80B470
0x803F0F3C, 0x62941082
0x803F0F44, 0x3EA00525
0x803F0F4C, 0x62B51515
0x803F0F34, 0x3EC018C3
0x803F0F3C, 0x62D61082
0x803F0F44, 0x3EE08941
0x803F0F4C, 0x62F7ED7D
0x803F0F34, 0x3F006BD0
0x803F0F3C, 0x631849C8
0x803F0F44, 0x3F20186F
0x803F0F4C, 0x63394BD1
0x803F0F34, 0x3F406433
0x803F0F3C, 0x635A430E
0x803F0F44, 0x3F608080
0x803F0F4C, 0x637B605F
0x803F0F34, 0x3F807CF6
0x803F0F3C, 0x639C2147
0x803F0F44, 0x3FA005F5
0x803F0F4C, 0x63BD35C0
0x803F0F34, 0x3FC07C32
0x803F0F3C, 0x63DE41E8
0x803F0F44, 0x3FE054B8
0x803F0F4C, 0x63FF5A00
0x803F0F34, 0x60000000
0x803F0F3C, 0x60000000
0x803F0F44, 0x60000000
0x803F0F4C, 0xBE300000
0x803F0F34, 0x60000000
0x803F0F3C, 0x60000000
0x803F0F44, 0x60000000
0x803F0F4C, 0x60000000
0x803F0F4C, 0xBE300000
0x803F0F34, 0x3E008157
0x803F0F3C, 0x6210A430
0x803F0F44, 0x3E2074F7
0x803F0F4C, 0x623143B2
0x803F0F34, 0x3E400000
0x803F0F3C, 0x6252EA54
0x803F0F44, 0x3E608558
0x803F0F4C, 0x62736CB6
0x803F0F34, 0x3E802A27
0x803F0F3C, 0x62947302
0x803F0F44, 0x3EA09431
0x803F0F4C, 0x62B51A4D
0x803F0F34, 0x3EC0000B
0x803F0F3C, 0x62D63555
0x803F0F44, 0x3EE0A411
0x803F0F4C, 0x62F709AC
0x803F0F34, 0x3F000055
0x803F0F3C, 0x63185557
0x803F0F44, 0x3F208558
0x803F0F4C, 0x6339098A
0x803F0F34, 0x3F40050D
0x803F0F3C, 0x635A0101
0x803F0F44, 0x3F600A2E
0x803F0F4C, 0x637B0129
0x803F0F34, 0x3F809D61
0x803F0F3C, 0x639C4614
0x803F0F44, 0x3FA093AF
0x803F0F4C, 0x63BD094A
0x803F0F34, 0x3FC00955
0x803F0F3C, 0x63DED5D5
0x803F0F44, 0x3FE01270
0x803F0F4C, 0x63FF0129
0x803F0F34, 0x60000000
0x803F0F3C, 0x60000000
0x803F0F44, 0x60000000
0x803F0F4C, 0xBE300000
0x803F0F34, 0x60000000
0x803F0F3C, 0x60000000
0x803F0F44, 0x60000000
0x803F0F4C, 0x60000000
0x803F0F4C, 0xBE300000
0x803F0F34, 0x3E008157
0x803F0F3C, 0x6210A46C
0x803F0F44, 0x3E204498
0x803F0F4C, 0x62314F61
0x803F0F34, 0x3E40126F
0x803F0F3C, 0x62520109
0x803F0F44, 0x3E60C94D
0x803F0F4C, 0x62730659
0x803F0F34, 0x3E800A91
0x803F0F3C, 0x62940109
0x803F0F44, 0x3EA04E60
0x803F0F4C, 0x62B5607C
0x803F0F34, 0x3EC0BE38
0x803F0F3C, 0x62D69514
0x803F0F44, 0x3EE00618
0x803F0F4C, 0x62F7A200
0x803F0F34, 0x3F00B5B6
0x803F0F3C, 0x631894B2
0x803F0F44, 0x3F20A101
0x803F0F4C, 0x633909E6
0x803F0F34, 0x3F40AD96
0x803F0F3C, 0x635A4AAB
0x803F0F44, 0x3F600002
0x803F0F4C, 0x637B8356
0x803F0F34, 0x3F809CF3
0x803F0F3C, 0x639C6B4B
0x803F0F44, 0x3FA002AC
0x803F0F4C, 0x63BD6103
0x803F0F34, 0x3FC09491
0x803F0F3C, 0x63DE20A1
0x803F0F44, 0x3FE00101
0x803F0F4C, 0x63FF0109
0x803F0F34, 0x60000000
0x803F0F3C, 0x60000000
0x803F0F44, 0x60000000
0x803F0F4C, 0xBE300000
0x803F0F34, 0x60000000
0x803F0F3C, 0x60000000
0x803F0F44, 0x60000000
0x803F0F4C, 0x60000000
0x803F0F4C, 0xBE300000
0x803F0F34, 0x3E008157
0x803F0F3C, 0x6210A4A8
0x803F0F44, 0x3E20D575
0x803F0F4C, 0x62314144
0x803F0F34, 0x3E407575
0x803F0F3C, 0x62525454
0x803F0F44, 0x3E608C2F
0x803F0F4C, 0x62732103
0x803F0F34, 0x3E800109
0x803F0F3C, 0x6294E135
0x803F0F44, 0x3EA0D596
0x803F0F4C, 0x62B53964
0x803F0F34, 0x3EC05C5D
0x803F0F3C, 0x62D65557
0x803F0F44, 0x3EE0D594
0x803F0F4C, 0x62F730C1
0x803F0F34, 0x3F006A00
0x803F0F3C, 0x63180000
0x803F0F44, 0x3F20DE37
0x803F0F4C, 0x6339B329
0x803F0F34, 0x3F405700
0x803F0F3C, 0x635A000A
0x803F0F44, 0x3F60BD34
0x803F0F4C, 0x637B39E9
0x803F0F34, 0x3F80007A
0x803F0F3C, 0x639C5F75
0x803F0F44, 0x3FA0C554
0x803F0F4C, 0x63BD4A28
0x803F0F34, 0x3FC00155
0x803F0F3C, 0x63DED555
0x803F0F44, 0x3FE0DDB5
0x803F0F4C, 0x63FFA2E9
0x803F0F34, 0x60000000
0x803F0F3C, 0x60000000
0x803F0F44, 0x60000000
0x803F0F4C, 0xBE300000
0x803F0F34, 0x60000000
0x803F0F3C, 0x60000000
0x803F0F44, 0x60000000
0x803F0F4C, 0x60000000
0x803F0F4C, 0xBE300000
0x803F0F34, 0x3E008157
0x803F0F3C, 0x6210A4E4
0x803F0F44, 0x3E200203
0x803F0F4C, 0x62310D56
0x803F0F34, 0x3E40DCAF
0x803F0F3C, 0x62523944
0x803F0F44, 0x3E600021
0x803F0F4C, 0x62730100
0x803F0F34, 0x3E80C2C8
0x803F0F3C, 0x62944124
0x803F0F44, 0x3EA06050
0x803F0F4C, 0x62B5585C
0x803F0F34, 0x3EC0F42B
0x803F0F3C, 0x62D6DB69
0x803F0F44, 0x3EE0034A
0x803F0F4C, 0x62F74140
0x803F0F34, 0x3F00D5B5
0x803F0F3C, 0x63185A49
0x803F0F44, 0x3F204000
0x803F0F4C, 0x633900E0
0x803F0F34, 0x3F40D5B5
0x803F0F3C, 0x635AC44F
0x803F0F44, 0x3F60552F
0x803F0F4C, 0x637B0302
0x803F0F34, 0x3F80F48D
0x803F0F3C, 0x639CDB69
0x803F0F44, 0x3FA050DF
0x803F0F4C, 0x63BD1080
0x803F0F34, 0x3FC0DB69
0x803F0F3C, 0x63DECD13
0x803F0F44, 0x3FE05535
0x803F0F4C, 0x63FF0200
0x803F0F34, 0x60000000
0x803F0F3C, 0x60000000
0x803F0F44, 0x60000000
0x803F0F4C, 0xBE300000
0x803F0F34, 0x60000000
0x803F0F3C, 0x60000000
0x803F0F44, 0x60000000
0x803F0F4C, 0x60000000
0x803F0F4C, 0xBE300000
0x803F0F34, 0x3E008157
0x803F0F3C, 0x6210A520
0x803F0F44, 0x3E20B44F
0x803F0F4C, 0x623118A3
0x803F0F34, 0x3E400101
0x803F0F3C, 0x62520905
0x803F0F44, 0x3E602125
0x803F0F4C, 0x627318C4
0x803F0F34, 0x3E807040
0x803F0F3C, 0x62948975
0x803F0F44, 0x3EA0BBCD
0x803F0F4C, 0x62B54124
0x803F0F34, 0x3EC00525
0x803F0F3C, 0x62D63D0D
0x803F0F44, 0x3EE02125
0x803F0F4C, 0x62F71083
0x803F0F34, 0x3F00ED35
0x803F0F3C, 0x631801B1
0x803F0F44, 0x3F2018C4
0x803F0F4C, 0x63391082
0x803F0F34, 0x3F403038
0x803F0F3C, 0x635A5070
0x803F0F44, 0x3F60CB27
0x803F0F4C, 0x637B18C3
0x803F0F34, 0x3F805754
0x803F0F3C, 0x639C5454
0x803F0F44, 0x3FA03186
0x803F0F4C, 0x63BD10A3
0x803F0F34, 0x3FC05F48
0x803F0F3C, 0x63DE4072
0x803F0F44, 0x3FE073AF
0x803F0F4C, 0x63FF2124
0x803F0F34, 0x60000000
0x803F0F3C, 0x60000000
0x803F0F44, 0x60000000
0x803F0F4C, 0xBE300000
0x803F0F34, 0x60000000
0x803F0F3C, 0x60000000
0x803F0F44, 0x60000000
0x803F0F4C, 0x60000000
0x803F0F4C, 0xBE300000
0x803F0F34, 0x3E008157
0x803F0F3C, 0x6210A55C
0x803F0F44, 0x3E205458
0x803F0F4C, 0x6231D654
0x803F0F34, 0x3E4010A3
0x803F0F3C, 0x6252024E
0x803F0F44, 0x3E600101
0x803F0F4C, 0x62730100
0x803F0F34, 0x3E800B12
0x803F0F3C, 0x6294028F
0x803F0F44, 0x3EA00203
0x803F0F4C, 0x62B5CD65
0x803F0F34, 0x3EC08411
0x803F0F3C, 0x62D61083
0x803F0F44, 0x3EE05515
0x803F0F4C, 0x62F715D5
0x803F0F34, 0x3F0001AB
0x803F0F3C, 0x63180064
0x803F0F44, 0x3F204060
0x803F0F4C, 0x63395E60
0x803F0F34, 0x3F400A8F
0x803F0F3C, 0x635A0148
0x803F0F44, 0x3F60161C
0x803F0F4C, 0x637BD068
0x803F0F34, 0x3F806577
0x803F0F3C, 0x639C2AAE
0x803F0F44, 0x3FA07454
0x803F0F4C, 0x63BD7ADC
0x803F0F34, 0x3FC0126E
0x803F0F3C, 0x63DE0928
0x803F0F44, 0x3FE060A6
0x803F0F4C, 0x63FF7000
0x803F0F34, 0x60000000
0x803F0F3C, 0x60000000
0x803F0F44, 0x60000000
0x803F0F4C, 0xBE300000
0x803F0F34, 0x60000000
0x803F0F3C, 0x60000000
0x803F0F44, 0x60000000
0x803F0F4C, 0x60000000
0x803F0F4C, 0xBE300000
0x803F0F34, 0x3E008157
0x803F0F3C, 0x6210A598
0x803F0F44, 0x3E208C74
0x803F0F4C, 0x62311A8E
0x803F0F34, 0x3E405457
0x803F0F3C, 0x62525555
0x803F0F44, 0x3E6075B8
0x803F0F4C, 0x62731ACF
0x803F0F34, 0x3E805595
0x803F0F3C, 0x6294152D
0x803F0F44, 0x3EA00AAF
0x803F0F4C, 0x62B501EC
0x803F0F34, 0x3EC02C02
0x803F0F3C, 0x62D6AC37
0x803F0F44, 0x3EE0A5D6
0x803F0F4C, 0x62F73B6F
0x803F0F34, 0x3F002539
0x803F0F3C, 0x6318094F
0x803F0F44, 0x3F20122C
0x803F0F4C, 0x633900E6
0x803F0F34, 0x3F400F25
0x803F0F3C, 0x635A075A
0x803F0F44, 0x3F603125
0x803F0F4C, 0x637B024E
0x803F0F34, 0x3F805454
0x803F0F3C, 0x639C5CD8
0x803F0F44, 0x3FA05A0A
0x803F0F4C, 0x63BD18C3
0x803F0F34, 0x3FC08545
0x803F0F3C, 0x63DE7595
0x803F0F44, 0x3FE01A0B
0x803F0F4C, 0x63FF1084
0x803F0F34, 0x60000000
0x803F0F3C, 0x60000000
0x803F0F44, 0x60000000
0x803F0F4C, 0xBE300000
0x803F0F34, 0x60000000
0x803F0F3C, 0x60000000
0x803F0F44, 0x60000000
0x803F0F4C, 0x60000000
0x803F0F4C, 0xBE300000
0x803F0F34, 0x3E008157
0x803F0F3C, 0x6210A5D4
0x803F0F44, 0x3E2067D5
0x803F0F4C, 0x6231D505
0x803F0F34, 0x3E40826D
0x803F0F3C, 0x62521082
0x803F0F44, 0x3E601555
0x803F0F4C, 0x62735555
0x803F0F34, 0x3E802945
0x803F0F3C, 0x629418C3
0x803F0F44, 0x3EA08000
0x803F0F4C, 0x62B5557D
0x803F0F34, 0x3EC0A4D6
0x803F0F3C, 0x62D618C3
0x803F0F44, 0x3EE00089
0x803F0F4C, 0x62F75555
0x803F0F34, 0x3F0018E4
0x803F0F3C, 0x63181082
0x803F0F44, 0x3F2000E8
0x803F0F4C, 0x633955EF
0x803F0F34, 0x3F4018C3
0x803F0F3C, 0x635A1082
0x803F0F44, 0x3F6029B7
0x803F0F4C, 0x637BF858
0x803F0F34, 0x3F805B0D
0x803F0F3C, 0x639C18A4
0x803F0F44, 0x3FA0D1C1
0x803F0F4C, 0x63BD0965
0x803F0F34, 0x3FC04A29
0x803F0F3C, 0x63DE2987
0x803F0F44, 0x3FE04060
0x803F0F4C, 0x63FF707E
0x803F0F34, 0x60000000
0x803F0F3C, 0x60000000
0x803F0F44, 0x60000000
0x803F0F4C, 0xBE300000
0x803F0F34, 0x60000000
0x803F0F3C, 0x60000000
0x803F0F44, 0x60000000
0x803F0F4C, 0x60000000
0x803F0F4C, 0xBE300000
0x803F0F34, 0x3E008157
0x803F0F3C, 0x6210A610
0x803F0F44, 0x3E2018C3
0x803F0F4C, 0x62310861
0x803F0F34, 0x3E40508D
0x803F0F3C, 0x6252830A
0x803F0F44, 0x3E6039A8
0x803F0F4C, 0x627318C3
0x803F0F34, 0x3E80C040
0x803F0F3C, 0x6294785C
0x803F0F44, 0x3EA0528A
0x803F0F4C, 0x62B539C8
0x803F0F34, 0x3EC0290B
0x803F0F3C, 0x62D62300
0x803F0F44, 0x3EE07A8B
0x803F0F4C, 0x62F739E8
0x803F0F34, 0x3F00605E
0x803F0F3C, 0x6318D4F4
0x803F0F44, 0x3F205AEC
0x803F0F4C, 0x63394209
0x803F0F34, 0x3F404040
0x803F0F3C, 0x635A5379
0x803F0F44, 0x3F60B125
0x803F0F4C, 0x637B3945
0x803F0F34, 0x3F805454
0x803F0F3C, 0x639C5C55
0x803F0F44, 0x3FA0B289
0x803F0F4C, 0x63BD8904
0x803F0F34, 0x3FC07C74
0x803F0F3C, 0x63DE5A54
0x803F0F44, 0x3FE0DD75
0x803F0F4C, 0x63FF7269
0x803F0F34, 0x60000000
0x803F0F3C, 0x60000000
0x803F0F44, 0x60000000
0x803F0F4C, 0xBE300000
0x803F0F34, 0x60000000
0x803F0F3C, 0x60000000
0x803F0F44, 0x60000000
0x803F0F4C, 0x60000000
0x803F0F4C, 0xBE300000
0x803F0F34, 0x3E008157
0x803F0F3C, 0x6210A64C
0x803F0F44, 0x3E200000
0x803F0F4C, 0x62315680
0x803F0F34, 0x3E40B32B
0x803F0F3C, 0x625298C4
0x803F0F44, 0x3E60D4D4
0x803F0F4C, 0x62735A50
0x803F0F34, 0x3E80DD34
0x803F0F3C, 0x6294B3AE
0x803F0F44, 0x3EA03883
0x803F0F4C, 0x62B58540
0x803F0F34, 0x3EC09431
0x803F0F3C, 0x62D65965
0x803F0F44, 0x3EE01A14
0x803F0F4C, 0x62F7943E
0x803F0F34, 0x3F005BF2
0x803F0F3C, 0x63183165
0x803F0F44, 0x3F205E15
0x803F0F4C, 0x63390507
0x803F0F34, 0x3F40AB8D
0x803F0F3C, 0x635A41A8
0x803F0F44, 0x3F600735
0x803F0F4C, 0x637BB555
0x803F0F34, 0x3F80536F
0x803F0F3C, 0x639C3986
0x803F0F44, 0x3FA00785
0x803F0F4C, 0x63BDA0E7
0x803F0F34, 0x3FC04B4F
0x803F0F3C, 0x63DE2924
0x803F0F44, 0x3FE02854
0x803F0F4C, 0x63FF58DC
0x803F0F34, 0x60000000
0x803F0F3C, 0x60000000
0x803F0F44, 0x60000000
0x803F0F4C, 0xBE300000
0x803F0F34, 0x60000000
0x803F0F3C, 0x60000000
0x803F0F44, 0x60000000
0x803F0F4C, 0x60000000
0x803F0F4C, 0xBE300000
0x803F0F34, 0x3E008157
0x803F0F3C, 0x6210A688
0x803F0F44, 0x3E207517
0x803F0F4C, 0x62314BB2
0x803F0F34, 0x3E400382
0x803F0F3C, 0x6252C1B9
0x803F0F44, 0x3E6052EC
0x803F0F4C, 0x627320A2
0x803F0F34, 0x3E80A4F6
0x803F0F3C, 0x62942454
0x803F0F44, 0x3EA064D6
0x803F0F4C, 0x62B5222C
0x803F0F34, 0x3EC00101
0x803F0F3C, 0x62D691C1
0x803F0F44, 0x3EE07538
0x803F0F4C, 0x62F72965
0x803F0F34, 0x3F000181
0x803F0F3C, 0x63180101
0x803F0F44, 0x3F207C2D
0x803F0F4C, 0x63392146
0x803F0F34, 0x3F405575
0x803F0F3C, 0x635A5D15
0x803F0F44, 0x3F607537
0x803F0F4C, 0x637B6B8C
0x803F0F34, 0x3F800101
0x803F0F3C, 0x639C0101
0x803F0F44, 0x3FA052A8
0x803F0F4C, 0x63BD2082
0x803F0F34, 0x3FC08355
0x803F0F3C, 0x63DE7555
0x803F0F44, 0x3FE0096A
0x803F0F4C, 0x63FF0863
0x803F0F34, 0x60000000
0x803F0F3C, 0x60000000
0x803F0F44, 0x60000000
0x803F0F4C, 0xBE300000
0x803F0F34, 0x60000000
0x803F0F3C, 0x60000000
0x803F0F44, 0x60000000
0x803F0F4C, 0x60000000
0x803F0F4C, 0xBE300000
0x803F0F34, 0x3E008157
0x803F0F3C, 0x6210A6C4
0x803F0F44, 0x3E200A14
0x803F0F4C, 0x62314756
0x803F0F34, 0x3E400B13
0x803F0F3C, 0x62520129
0x803F0F44, 0x3E605C58
0x803F0F4C, 0x6273785C
0x803F0F34, 0x3E8039A6
0x803F0F3C, 0x62941062
0x803F0F44, 0x3EA03F45
0x803F0F4C, 0x62B5414E
0x803F0F34, 0x3EC00A2F
0x803F0F3C, 0x62D60862
0x803F0F44, 0x3EE0C04A
0x803F0F4C, 0x62F74240
0x803F0F34, 0x3F003A4A
0x803F0F3C, 0x631810C4
0x803F0F44, 0x3F200201
0x803F0F4C, 0x633909B1
0x803F0F34, 0x3F408C51
0x803F0F3C, 0x635A2105
0x803F0F44, 0x3F600068
0x803F0F4C, 0x637B5376
0x803F0F34, 0x3F809C2C
0x803F0F3C, 0x639C31C8
0x803F0F44, 0x3FA0D5FA
0x803F0F4C, 0x63BD0002
0x803F0F34, 0x3FC08BCC
0x803F0F3C, 0x63DE2146
0x803F0F44, 0x3FE054F5
0x803F0F4C, 0x63FF9525
0x803F0F34, 0x60000000
0x803F0F3C, 0x60000000
0x803F0F44, 0x60000000
0x803F0F4C, 0xBE300000
0x803F0F34, 0x60000000
0x803F0F3C, 0x60000000
0x803F0F44, 0x60000000
0x803F0F4C, 0x60000000
0x803F0F4C, 0xBE300000
0x803F0F34, 0x3E008157
0x803F0F3C, 0x6210A700
0x803F0F44, 0x3E2094F3
0x803F0F4C, 0x62314184
0x803F0F34, 0x3E40E535
0x803F0F3C, 0x62520501
0x803F0F44, 0x3E60838C
0x803F0F4C, 0x62733964
0x803F0F34, 0x3E80579D
0x803F0F3C, 0x62941F14
0x803F0F44, 0x3EA08472
0x803F0F4C, 0x62B52104
0x803F0F34, 0x3EC08120
0x803F0F3C, 0x62D64050
0x803F0F44, 0x3EE06B4C
0x803F0F4C, 0x62F720C2
0x803F0F34, 0x3F001410
0x803F0F3C, 0x63189050
0x803F0F44, 0x3F205269
0x803F0F4C, 0x63392945
0x803F0F34, 0x3F40E000
0x803F0F3C, 0x635A8555
0x803F0F44, 0x3F605248
0x803F0F4C, 0x637B3945
0x803F0F34, 0x3F80A389
0x803F0F3C, 0x639C4D05
0x803F0F44, 0x3FA06B8E
0x803F0F4C, 0x63BD5B2D
0x803F0F34, 0x3FC0E183
0x803F0F3C, 0x63DE4C95
0x803F0F44, 0x3FE08431
0x803F0F4C, 0x63FF3986
0x803F0F34, 0x60000000
0x803F0F3C, 0x60000000
0x803F0F44, 0x60000000
0x803F0F4C, 0xBE300000
0x803F0F34, 0x60000000
0x803F0F3C, 0x60000000
0x803F0F44, 0x60000000
0x803F0F4C, 0x60000000
0x803F0F4C, 0xBE300000
0x803F0F34, 0x3E008157
0x803F0F3C, 0x6210A73C
0x803F0F44, 0x3E20D595
0x803F0F4C, 0x6231D4D0
0x803F0F34, 0x3E40A246
0x803F0F3C, 0x62522882
0x803F0F44, 0x3E605C58
0x803F0F4C, 0x6273585F
0x803F0F34, 0x3E80E3C9
0x803F0F3C, 0x629451A6
0x803F0F44, 0x3EA08000
0x803F0F4C, 0x62B5A05D
0x803F0F34, 0x3EC0736D
0x803F0F3C, 0x62D62924
0x803F0F44, 0x3EE07A00
0x803F0F4C, 0x62F70002
0x803F0F34, 0x3F005AAA
0x803F0F3C, 0x631841E8
0x803F0F44, 0x3F2025D4
0x803F0F4C, 0x6339241B
0x803F0F34, 0x3F40FC6B
0x803F0F3C, 0x635A526A
0x803F0F44, 0x3F600000
0x803F0F4C, 0x637B0055
0x803F0F34, 0x3F80F40B
0x803F0F3C, 0x639C6A69
0x803F0F44, 0x3FA00300
0x803F0F4C, 0x63BD0055
0x803F0F34, 0x3FC06B6E
0x803F0F3C, 0x63DE52AB
0x803F0F44, 0x3FE05C78
0x803F0F4C, 0x63FF7070
0x803F0F34, 0x60000000
0x803F0F3C, 0x60000000
0x803F0F44, 0x60000000
0x803F0F4C, 0xBE300000
0x803F0F34, 0x60000000
0x803F0F3C, 0x60000000
0x803F0F44, 0x60000000
0x803F0F4C, 0x60000000
0x803F0F4C, 0xBE300000
0x803F0F34, 0x3E008157
0x803F0F3C, 0x6210A778
0x803F0F44, 0x3E206B6D
0x803F0F4C, 0x62314A49
0x803F0F34, 0x3E40D600
0x803F0F3C, 0x62520000
0x803F0F44, 0x3E60A246
0x803F0F4C, 0x627328A2
0x803F0F34, 0x3E800101
0x803F0F3C, 0x629409EE
0x803F0F44, 0x3EA01083
0x803F0F4C, 0x62B50841
0x803F0F34, 0x3EC00355
0x803F0F3C, 0x62D6BCAD
0x803F0F44, 0x3EE06AEB
0x803F0F4C, 0x62F741C7
0x803F0F34, 0x3F003489
0x803F0F3C, 0x63180002
0x803F0F44, 0x3F205228
0x803F0F4C, 0x633918A3
0x803F0F34, 0x3F409555
0x803F0F3C, 0x635A1535
0x803F0F44, 0x3F60B554
0x803F0F4C, 0x637B2104
0x803F0F34, 0x3F805550
0x803F0F3C, 0x639C4055
0x803F0F44, 0x3FA0A46E
0x803F0F4C, 0x63BD2104
0x803F0F34, 0x3FC05424
0x803F0F3C, 0x63DE1415
0x803F0F44, 0x3FE09CF3
0x803F0F4C, 0x63FF2104
0x803F0F34, 0x60000000
0x803F0F3C, 0x60000000
0x803F0F44, 0x60000000
0x803F0F4C, 0xBE300000
0x803F0F34, 0x60000000
0x803F0F3C, 0x60000000
0x803F0F44, 0x60000000
0x803F0F4C, 0x60000000
0x803F0F4C, 0xBE300000
0x803F0F34, 0x3E008157
0x803F0F3C, 0x6210A7B4
0x803F0F44, 0x3E205D54
0x803F0F4C, 0x62315555
0x803F0F34, 0x3E407BF0
0x803F0F3C, 0x625218A3
0x803F0F44, 0x3E60803D
0x803F0F4C, 0x62735555
0x803F0F34, 0x3E80A428
0x803F0F3C, 0x62941882
0x803F0F44, 0x3EA03505
0x803F0F4C, 0x62B50555
0x803F0F34, 0x3EC00A2C
0x803F0F3C, 0x62D600A4
0x803F0F44, 0x3EE06050
0x803F0F4C, 0x62F7E040
0x803F0F34, 0x3F009450
0x803F0F3C, 0x631818E4
0x803F0F44, 0x3F200555
0x803F0F4C, 0x63395555
0x803F0F34, 0x3F406AA9
0x803F0F3C, 0x635A0862
0x803F0F44, 0x3F605458
0x803F0F4C, 0x637B5457
0x803F0F34, 0x3F807B0A
0x803F0F3C, 0x639C124E
0x803F0F44, 0x3FA05555
0x803F0F4C, 0x63BD5800
0x803F0F34, 0x3FC04ACD
0x803F0F3C, 0x63DE21C9
0x803F0F44, 0x3FE0DDAD
0x803F0F4C, 0x63FF2505
0x803F0F34, 0x60000000
0x803F0F3C, 0x60000000
0x803F0F44, 0x60000000
0x803F0F4C, 0xBE300000
0x803F0F34, 0x60000000
0x803F0F3C, 0x60000000
0x803F0F44, 0x60000000
0x803F0F4C, 0x60000000
0x803F0F4C, 0xBE300000
0x803F0F34, 0x3E008157
0x803F0F3C, 0x6210A7F0
0x803F0F44, 0x3E2093AC
0x803F0F4C, 0x62317B0B
0x803F0F34, 0x3E40C082
0x803F0F3C, 0x62526060
0x803F0F44, 0x3E608B6A
0x803F0F4C, 0x627349E6
0x803F0F34, 0x3E800102
0x803F0F3C, 0x62940000
0x803F0F44, 0x3EA08BCE
0x803F0F4C, 0x62B55A26
0x803F0F34, 0x3EC08F89
0x803F0F3C, 0x62D6070A
0x803F0F44, 0x3EE0830A
0x803F0F4C, 0x62F72145
0x803F0F34, 0x3F00B522
0x803F0F3C, 0x63180000
0x803F0F44, 0x3F205C14
0x803F0F4C, 0x63394A29
0x803F0F34, 0x3F40CD81
0x803F0F3C, 0x635AC155
0x803F0F44, 0x3F608B4B
0x803F0F4C, 0x637B6A89
0x803F0F34, 0x3F8080E0
0x803F0F3C, 0x639C705C
0x803F0F44, 0x3FA072E9
0x803F0F4C, 0x63BD1188
0x803F0F34, 0x3FC07D55
0x803F0F3C, 0x63DE2701
0x803F0F44, 0x3FE01105
0x803F0F4C, 0x63FF1082
0x803F0F34, 0x60000000
0x803F0F3C, 0x60000000
0x803F0F44, 0x60000000
0x803F0F4C, 0xBE300000
0x803F0F34, 0x60000000
0x803F0F3C, 0x60000000
0x803F0F44, 0x60000000
0x803F0F4C, 0x60000000
0x803F0F4C, 0xBE300000
0x803F0F34, 0x3E008157
0x803F0F3C, 0x6210A82C
0x803F0F44, 0x3E20555F
0x803F0F4C, 0x62311D9D
0x803F0F34, 0x3E40938B
0x803F0F3C, 0x6252832A
0x803F0F44, 0x3E60AD01
0x803F0F4C, 0x62730000
0x803F0F34, 0x3E80834A
0x803F0F3C, 0x629410A3
0x803F0F44, 0x3EA05515
0x803F0F4C, 0x62B5350D
0x803F0F34, 0x3EC018C3
0x803F0F3C, 0x62D610A2
0x803F0F44, 0x3EE0904F
0x803F0F4C, 0x62F7F450
0x803F0F34, 0x3F0018A3
0x803F0F3C, 0x63180861
0x803F0F44, 0x3F20581F
0x803F0F4C, 0x633997CF
0x803F0F34, 0x3F40BC71
0x803F0F3C, 0x635A2924
0x803F0F44, 0x3F60707C
0x803F0F4C, 0x637B575C
0x803F0F34, 0x3F80AC50
0x803F0F3C, 0x639C18A3
0x803F0F44, 0x3FA015D5
0x803F0F4C, 0x63BD5555
0x803F0F34, 0x3FC08BAF
0x803F0F3C, 0x63DE18C3
0x803F0F44, 0x3FE05555
0x803F0F4C, 0x63FF5153
0x803F0F34, 0x60000000
0x803F0F3C, 0x60000000
0x803F0F44, 0x60000000
0x803F0F4C, 0xBE300000
0x803F0F34, 0x60000000
0x803F0F3C, 0x60000000
0x803F0F44, 0x60000000
0x803F0F4C, 0x60000000
0x803F0F4C, 0xBE300000
0x803F0F34, 0x3E008157
0x803F0F3C, 0x6210A868
0x803F0F44, 0x3E20938E
0x803F0F4C, 0x623118C3
0x803F0F34, 0x3E4055D5
0x803F0F3C, 0x62521515
0x803F0F44, 0x3E6018C4
0x803F0F4C, 0x62731062
0x803F0F34, 0x3E806062
0x803F0F3C, 0x62944040
0x803F0F44, 0x3EA039C7
0x803F0F4C, 0x62B518A3
0x803F0F34, 0x3EC0D5D1
0x803F0F3C, 0x62D6D8F0
0x803F0F44, 0x3EE039E9
0x803F0F4C, 0x62F718C4
0x803F0F34, 0x3F0009C5
0x803F0F3C, 0x63184575
0x803F0F44, 0x3F2081A6
0x803F0F4C, 0x633920C3
0x803F0F34, 0x3F405455
0x803F0F3C, 0x635A5555
0x803F0F44, 0x3F6020E5
0x803F0F4C, 0x637B1083
0x803F0F34, 0x3F808767
0x803F0F3C, 0x639C7737
0x803F0F44, 0x3FA02925
0x803F0F4C, 0x63BD20E4
0x803F0F34, 0x3FC089C5
0x803F0F3C, 0x63DE4D45
0x803F0F44, 0x3FE0BC50
0x803F0F4C, 0x63FF28C3
0x803F0F34, 0x60000000
0x803F0F3C, 0x60000000
0x803F0F44, 0x60000000
0x803F0F4C, 0xBE300000
0x803F0F34, 0x60000000
0x803F0F3C, 0x60000000
0x803F0F44, 0x60000000
0x803F0F4C, 0x60000000
0x803F0F4C, 0xBE300000
0x803F0F34, 0x3E008157
0x803F0F3C, 0x6210A8A4
0x803F0F44, 0x3E20705C
0x803F0F4C, 0x62315555
0x803F0F34, 0x3E409B8D
0x803F0F3C, 0x625238E3
0x803F0F44, 0x3E602303
0x803F0F4C, 0x62730754
0x803F0F34, 0x3E805AEB
0x803F0F3C, 0x62941082
0x803F0F44, 0x3EA05455
0x803F0F4C, 0x62B57555
0x803F0F34, 0x3EC09BAD
0x803F0F3C, 0x62D62105
0x803F0F44, 0x3EE050E0
0x803F0F4C, 0x62F720E0
0x803F0F34, 0x3F00BBCE
0x803F0F3C, 0x631830C3
0x803F0F44, 0x3F20D5D5
0x803F0F4C, 0x63395D54
0x803F0F34, 0x3F405B2C
0x803F0F3C, 0x635A1082
0x803F0F44, 0x3F608F45
0x803F0F4C, 0x637B4545
0x803F0F34, 0x3F809B4C
0x803F0F3C, 0x639C18A3
0x803F0F44, 0x3FA00614
0x803F0F4C, 0x63BD96D6
0x803F0F34, 0x3FC0A36C
0x803F0F3C, 0x63DE20C3
0x803F0F44, 0x3FE05500
0x803F0F4C, 0x63FFA083
0x803F0F34, 0x60000000
0x803F0F3C, 0x60000000
0x803F0F44, 0x60000000
0x803F0F4C, 0xBE300000
0x803F0F34, 0x60000000
0x803F0F3C, 0x60000000
0x803F0F44, 0x60000000
0x803F0F4C, 0x60000000
0x803F0F4C, 0xBE300000
0x803F0F34, 0x3E008157
0x803F0F3C, 0x6210A8E0
0x803F0F44, 0x3E205413
0x803F0F4C, 0x62311862
0x803F0F34, 0x3E405474
0x803F0F3C, 0x62525454
0x803F0F44, 0x3E605C33
0x803F0F4C, 0x627332AD
0x803F0F34, 0x3E80C941
0x803F0F3C, 0x62944FA6
0x803F0F44, 0x3EA07BCE
0x803F0F4C, 0x62B51082
0x803F0F34, 0x3EC05454
0x803F0F3C, 0x62D65F5C
0x803F0F44, 0x3EE094B1
0x803F0F4C, 0x62F718C3
0x803F0F34, 0x3F000544
0x803F0F3C, 0x63183604
0x803F0F44, 0x3F208D15
0x803F0F4C, 0x63395AA9
0x803F0F34, 0x3F4001AB
0x803F0F3C, 0x635A0701
0x803F0F44, 0x3F6028E2
0x803F0F4C, 0x637B1861
0x803F0F34, 0x3F80D543
0x803F0F3C, 0x639C90A3
0x803F0F44, 0x3FA0AD54
0x803F0F4C, 0x63BD6B4C
0x803F0F34, 0x3FC08181
0x803F0F3C, 0x63DEE061
0x803F0F44, 0x3FE0B5B5
0x803F0F4C, 0x63FF30C3
0x803F0F34, 0x60000000
0x803F0F3C, 0x60000000
0x803F0F44, 0x60000000
0x803F0F4C, 0xBE300000
0x803F0F34, 0x60000000
0x803F0F3C, 0x60000000
0x803F0F44, 0x60000000
0x803F0F4C, 0x60000000
0x803F0F4C, 0xBE300000
0x803F0F34, 0x3E008157
0x803F0F3C, 0x6210A91C
0x803F0F44, 0x3E205555
0x803F0F4C, 0x62319505
0x803F0F34, 0x3E4062E9
0x803F0F3C, 0x625228E2
0x803F0F44, 0x3E605B5C
0x803F0F4C, 0x62735154
0x803F0F34, 0x3E80ADB7
0x803F0F3C, 0x62943184
0x803F0F44, 0x3EA04240
0x803F0F4C, 0x62B54080
0x803F0F34, 0x3EC05AC9
0x803F0F3C, 0x62D628E3
0x803F0F44, 0x3EE05557
0x803F0F4C, 0x62F7535B
0x803F0F34, 0x3F00AD96
0x803F0F3C, 0x631831E9
0x803F0F44, 0x3F200052
0x803F0F4C, 0x63395DD5
0x803F0F34, 0x3F40ACCF
0x803F0F3C, 0x635A836B
0x803F0F44, 0x3F602902
0x803F0F4C, 0x637B0A0D
0x803F0F34, 0x3F808BCD
0x803F0F3C, 0x639C3165
0x803F0F44, 0x3FA00100
0x803F0F4C, 0x63BD2E45
0x803F0F34, 0x3FC0A4B0
0x803F0F3C, 0x63DE942E
0x803F0F44, 0x3FE005B5
0x803F0F4C, 0x63FF9D09
0x803F0F34, 0x60000000
0x803F0F3C, 0x60000000
0x803F0F44, 0x60000000
0x803F0F4C, 0xBE300000
0x803F0F34, 0x60000000
0x803F0F3C, 0x60000000
0x803F0F44, 0x60000000
0x803F0F4C, 0x60000000
0x803F0F4C, 0xBE300000
0x803F0F34, 0x3E008157
0x803F0F3C, 0x6210A958
0x803F0F44, 0x3E206ACA
0x803F0F4C, 0x623118A3
0x803F0F34, 0x3E401505
0x803F0F3C, 0x62520425
0x803F0F44, 0x3E606AEB
0x803F0F4C, 0x62732104
0x803F0F34, 0x3E80D755
0x803F0F3C, 0x6294D147
0x803F0F44, 0x3EA052CC
0x803F0F4C, 0x62B520A2
0x803F0F34, 0x3EC05060
0x803F0F3C, 0x62D61050
0x803F0F44, 0x3EE07B2A
0x803F0F4C, 0x62F73944
0x803F0F34, 0x3F004A0D
0x803F0F3C, 0x631814E0
0x803F0F44, 0x3F2062EC
0x803F0F4C, 0x63393882
0x803F0F34, 0x3F405050
0x803F0F3C, 0x635A0000
0x803F0F44, 0x3F604AAC
0x803F0F4C, 0x637B424B
0x803F0F34, 0x3F801343
0x803F0F3C, 0x639CCA59
0x803F0F44, 0x3FA08CB4
0x803F0F4C, 0x63BD4A6B
0x803F0F34, 0x3FC07040
0x803F0F3C, 0x63DE4080
0x803F0F44, 0x3FE04A8C
0x803F0F4C, 0x63FF3A4A
0x803F0F34, 0x60000000
0x803F0F3C, 0x60000000
0x803F0F44, 0x60000000
0x803F0F4C, 0xBE300000
0x803F0F34, 0x60000000
0x803F0F3C, 0x60000000
0x803F0F44, 0x60000000
0x803F0F4C, 0x60000000
0x803F0F4C, 0xBE300000
0x803F0F34, 0x3E008157
0x803F0F3C, 0x6210A994
0x803F0F44, 0x3E20E121
0x803F0F4C, 0x62312907
0x803F0F34, 0x3E408494
0x803F0F3C, 0x6252636F
0x803F0F44, 0x3E60C28A
0x803F0F4C, 0x6273C242
0x803F0F34, 0x3E806BB0
0x803F0F3C, 0x62944A8B
0x803F0F44, 0x3EA00B03
0x803F0F4C, 0x62B50621
0x803F0F34, 0x3EC05B0D
0x803F0F3C, 0x62D63187
0x803F0F44, 0x3EE0FF15
0x803F0F4C, 0x62F78545
0x803F0F34, 0x3F006BD1
0x803F0F3C, 0x6318636F
0x803F0F44, 0x3F20911F
0x803F0F4C, 0x633985CD
0x803F0F34, 0x3F404AAC
0x803F0F3C, 0x635A18C4
0x803F0F44, 0x3F604B4B
0x803F0F4C, 0x637B1517
0x803F0F34, 0x3F80636E
0x803F0F3C, 0x639C3A09
0x803F0F44, 0x3FA06C78
0x803F0F4C, 0x63BD5870
0x803F0F34, 0x3FC07BCF
0x803F0F3C, 0x63DE73AE
0x803F0F44, 0x3FE0971D
0x803F0F4C, 0x63FF14E8
0x803F0F34, 0x60000000
0x803F0F3C, 0x60000000
0x803F0F44, 0x60000000
0x803F0F4C, 0xBE300000
0x803F0F34, 0x60000000
0x803F0F3C, 0x60000000
0x803F0F44, 0x60000000
0x803F0F4C, 0x60000000
0x803F0F4C, 0xBE300000
0x803F0F34, 0x3E008157
0x803F0F3C, 0x6210A9D0
0x803F0F44, 0x3E206BAF
0x803F0F4C, 0x62312986
0x803F0F34, 0x3E407060
0x803F0F3C, 0x62526040
0x803F0F44, 0x3E607BF1
0x803F0F4C, 0x627373CF
0x803F0F34, 0x3E805D9F
0x803F0F3C, 0x62943271
0x803F0F44, 0x3EA06B4D
0x803F0F4C, 0x62B55AAA
0x803F0F34, 0x3EC00D29
0x803F0F3C, 0x62D6092D
0x803F0F44, 0x3EE04A29
0x803F0F4C, 0x62F718C3
0x803F0F34, 0x3F000525
0x803F0F3C, 0x6318251F
0x803F0F44, 0x3F206B6E
0x803F0F4C, 0x633952AA
0x803F0F34, 0x3F40252D
0x803F0F3C, 0x635A2D29
0x803F0F44, 0x3F604208
0x803F0F4C, 0x637B18C3
0x803F0F34, 0x3F803860
0x803F0F3C, 0x639C6060
0x803F0F44, 0x3FA02125
0x803F0F4C, 0x63BD20E4
0x803F0F34, 0x3FC075BD
0x803F0F3C, 0x63DE2770
0x803F0F44, 0x3FE018E4
0x803F0F4C, 0x63FF0841
0x803F0F34, 0x60000000
0x803F0F3C, 0x60000000
0x803F0F44, 0x60000000
0x803F0F4C, 0xBE300000
0x803F0F34, 0x60000000
0x803F0F3C, 0x60000000
0x803F0F44, 0x60000000
0x803F0F4C, 0x60000000
0x803F0F4C, 0xBE300000
0x803F0F34, 0x3E008157
0x803F0F3C, 0x6210AA0C
0x803F0F44, 0x3E202E04
0x803F0F4C, 0x6231040C
0x803F0F34, 0x3E404209
0x803F0F3C, 0x625218E5
0x803F0F44, 0x3E605505
0x803F0F4C, 0x62730585
0x803F0F34, 0x3E8010C4
0x803F0F3C, 0x62940862
0x803F0F44, 0x3EA00434
0x803F0F4C, 0x62B5B516
0x803F0F34, 0x3EC02125
0x803F0F3C, 0x62D618C3
0x803F0F44, 0x3EE08A25
0x803F0F4C, 0x62F70D0D
0x803F0F34, 0x3F003186
0x803F0F3C, 0x631810A2
0x803F0F44, 0x3F205579
0x803F0F4C, 0x63394080
0x803F0F34, 0x3F4018E5
0x803F0F3C, 0x635A1083
0x803F0F44, 0x3F6009A5
0x803F0F4C, 0x637BF7FD
0x803F0F34, 0x3F8041E8
0x803F0F3C, 0x639C18E4
0x803F0F44, 0x3FA08080
0x803F0F4C, 0x63BDC240
0x803F0F34, 0x3FC08B4B
0x803F0F3C, 0x63DE41A6
0x803F0F44, 0x3FE080C0
0x803F0F4C, 0x63FF6074
0x803F0F34, 0x60000000
0x803F0F3C, 0x60000000
0x803F0F44, 0x60000000
0x803F0F4C, 0xBE300000
0x803F0F34, 0x60000000
0x803F0F3C, 0x60000000
0x803F0F44, 0x60000000
0x803F0F4C, 0x60000000
0x803F0F4C, 0xBE300000
0x803F0F34, 0x3E008157
0x803F0F3C, 0x6210AA48
0x803F0F44, 0x3E20938C
0x803F0F4C, 0x62317B09
0x803F0F34, 0x3E400B03
0x803F0F3C, 0x6252092D
0x803F0F44, 0x3E607AEB
0x803F0F4C, 0x62732925
0x803F0F34, 0x3E80CC50
0x803F0F3C, 0x62945858
0x803F0F44, 0x3EA072EA
0x803F0F4C, 0x62B55A28
0x803F0F34, 0x3EC0000E
0x803F0F3C, 0x62D6B5D5
0x803F0F44, 0x3EE06AEA
0x803F0F4C, 0x62F72925
0x803F0F34, 0x3F009921
0x803F0F3C, 0x6318159F
0x803F0F44, 0x3F206268
0x803F0F4C, 0x63392904
0x803F0F34, 0x3F40E070
0x803F0F3C, 0x635A5C97
0x803F0F44, 0x3F6041E7
0x803F0F4C, 0x637B2945
0x803F0F34, 0x3F803E5E
0x803F0F3C, 0x639C7D55
0x803F0F44, 0x3FA03166
0x803F0F4C, 0x63BD1083
0x803F0F34, 0x3FC01624
0x803F0F3C, 0x63DE3494
0x803F0F44, 0x3FE07B0B
0x803F0F4C, 0x63FF5207
0x803F0F34, 0x60000000
0x803F0F3C, 0x60000000
0x803F0F44, 0x60000000
0x803F0F4C, 0xBE300000
0x803F0F34, 0x60000000
0x803F0F3C, 0x60000000
0x803F0F44, 0x60000000
0x803F0F4C, 0x60000000
0x803F0F4C, 0xBE300000
0x803F0F34, 0x3E008157
0x803F0F3C, 0x6210AA84
0x803F0F44, 0x3E200080
0x803F0F4C, 0x623128C6
0x803F0F34, 0x3E407B0A
0x803F0F3C, 0x62524208
0x803F0F44, 0x3E600D05
0x803F0F4C, 0x627325B5
0x803F0F34, 0x3E806289
0x803F0F3C, 0x62943945
0x803F0F44, 0x3EA040C0
0x803F0F4C, 0x62B58080
0x803F0F34, 0x3EC05A68
0x803F0F3C, 0x62D639C7
0x803F0F44, 0x3EE00525
0x803F0F4C, 0x62F73517
0x803F0F34, 0x3F00426A
0x803F0F3C, 0x63181082
0x803F0F44, 0x3F205515
0x803F0F4C, 0x63391515
0x803F0F34, 0x3F402125
0x803F0F3C, 0x635A18E4
0x803F0F44, 0x3F605573
0x803F0F4C, 0x637B9270
0x803F0F34, 0x3F8031C8
0x803F0F3C, 0x639C1062
0x803F0F44, 0x3FA01535
0x803F0F4C, 0x63BD3525
0x803F0F34, 0x3FC02125
0x803F0F3C, 0x63DE10A3
0x803F0F44, 0x3FE04078
0x803F0F4C, 0x63FF6078
0x803F0F34, 0x60000000
0x803F0F3C, 0x60000000
0x803F0F44, 0x60000000
0x803F0F4C, 0xBE300000
0x803F0F34, 0x60000000
0x803F0F3C, 0x60000000
0x803F0F44, 0x60000000
0x803F0F4C, 0x60000000
0x803F0F4C, 0xBE300000
0x803F0F34, 0x3E008157
0x803F0F3C, 0x6210AAC0
0x803F0F44, 0x3E2020E4
0x803F0F4C, 0x62311062
0x803F0F34, 0x3E406060
0x803F0F3C, 0x62524060
0x803F0F44, 0x3E604209
0x803F0F4C, 0x627320E4
0x803F0F34, 0x3E805050
0x803F0F3C, 0x62945250
0x803F0F44, 0x3EA02104
0x803F0F4C, 0x62B51062
0x803F0F34, 0x3EC06040
0x803F0F3C, 0x62D64840
0x803F0F44, 0x3EE09CF3
0x803F0F4C, 0x62F72104
0x803F0F34, 0x3F005555
0x803F0F3C, 0x63185171
0x803F0F44, 0x3F2039A7
0x803F0F4C, 0x63390842
0x803F0F34, 0x3F401715
0x803F0F3C, 0x635A1595
0x803F0F44, 0x3F602125
0x803F0F4C, 0x637B18C4
0x803F0F34, 0x3F8060E0
0x803F0F3C, 0x639C6840
0x803F0F44, 0x3FA018A3
0x803F0F4C, 0x63BD0821
0x803F0F34, 0x3FC05575
0x803F0F3C, 0x63DE8521
0x803F0F44, 0x3FE02105
0x803F0F4C, 0x63FF0842
0x803F0F34, 0x60000000
0x803F0F3C, 0x60000000
0x803F0F44, 0x60000000
0x803F0F4C, 0xBE300000
0x803F0F34, 0x60000000
0x803F0F3C, 0x60000000
0x803F0F44, 0x60000000
0x803F0F4C, 0x60000000
0x803F0F4C, 0xBE300000
0x803F0F34, 0x3E008157
0x803F0F3C, 0x6210AAFC
0x803F0F44, 0x3E20C0C0
0x803F0F4C, 0x6231416A
0x803F0F34, 0x3E4018C4
0x803F0F3C, 0x62521062
0x803F0F44, 0x3E60B71E
0x803F0F4C, 0x6273151E
0x803F0F34, 0x3E809BAE
0x803F0F3C, 0x629420E4
0x803F0F44, 0x3EA060C8
0x803F0F4C, 0x62B54055
0x803F0F34, 0x3EC018C4
0x803F0F3C, 0x62D60821
0x803F0F44, 0x3EE01060
0x803F0F4C, 0x62F7A000
0x803F0F34, 0x3F0020E4
0x803F0F3C, 0x63181082
0x803F0F44, 0x3F20B50D
0x803F0F4C, 0x63390594
0x803F0F34, 0x3F407A88
0x803F0F3C, 0x635A1062
0x803F0F44, 0x3F601BF5
0x803F0F4C, 0x637B1595
0x803F0F34, 0x3F8092EB
0x803F0F3C, 0x639C1882
0x803F0F44, 0x3FA00101
0x803F0F4C, 0x63BD5555
0x803F0F34, 0x3FC01082
0x803F0F3C, 0x63DE0821
0x803F0F44, 0x3FE01715
0x803F0F4C, 0x63FF3585
0x803F0F34, 0x60000000
0x803F0F3C, 0x60000000
0x803F0F44, 0x60000000
0x803F0F4C, 0xBE300000
0x803F0F34, 0x60000000
0x803F0F3C, 0x60000000
0x803F0F44, 0x60000000
0x803F0F4C, 0x60000000
0x803F0F4C, 0xBE300000
0x803F0F34, 0x3E008157
0x803F0F3C, 0x6210AB38
0x803F0F44, 0x3E2030E3
0x803F0F4C, 0x62311082
0x803F0F34, 0x3E407C55
0x803F0F3C, 0x62525554
0x803F0F44, 0x3E607B8C
0x803F0F4C, 0x627320C3
0x803F0F34, 0x3E805C5C
0x803F0F3C, 0x6294585E
0x803F0F44, 0x3EA0A512
0x803F0F4C, 0x62B518C3
0x803F0F34, 0x3EC004A6
0x803F0F3C, 0x62D60E01
0x803F0F44, 0x3EE072A8
0x803F0F4C, 0x62F738C2
0x803F0F34, 0x3F0054B4
0x803F0F3C, 0x63182AF0
0x803F0F44, 0x3F20AD32
0x803F0F4C, 0x633928A2
0x803F0F34, 0x3F408182
0x803F0F3C, 0x635A0055
0x803F0F44, 0x3F60944F
0x803F0F4C, 0x637B4A27
0x803F0F34, 0x3F803000
0x803F0F3C, 0x639C005A
0x803F0F44, 0x3FA0BDF6
0x803F0F4C, 0x63BD9CB0
0x803F0F34, 0x3FC029E0
0x803F0F3C, 0x63DE7055
0x803F0F44, 0x3FE04164
0x803F0F4C, 0x63FF30E3
0x803F0F34, 0x60000000
0x803F0F3C, 0x60000000
0x803F0F44, 0x60000000
0x803F0F4C, 0xBE300000
0x803F0F34, 0x60000000
0x803F0F3C, 0x60000000
0x803F0F44, 0x60000000
0x803F0F4C, 0x60000000
0x803F0F4C, 0xBE300000
0x803F0F34, 0x3E008157
0x803F0F3C, 0x6210AB74
0x803F0F44, 0x3EA0545F
0x803F0F4C, 0x62B5D065
0x803F0F34, 0x3EC051E6
0x803F0F3C, 0x62D63923
0x803F0F44, 0x3EE03B5B
0x803F0F4C, 0x62F75555
0x803F0F34, 0x3F00ACF1
0x803F0F3C, 0x63184104
0x803F0F44, 0x3F205F55
0x803F0F4C, 0x63391595
0x803F0F34, 0x3F40AD55
0x803F0F3C, 0x635A3209
0x803F0F44, 0x3F605755
0x803F0F4C, 0x637B5515
0x803F0F34, 0x3F805904
0x803F0F3C, 0x639C51A6
0x803F0F44, 0x3FA00080
0x803F0F4C, 0x63BD60A2
0x803F0F34, 0x3FC0B5B7
0x803F0F3C, 0x63DE4965
0x803F0F44, 0x3FE04F55
0x803F0F4C, 0x63FF5555
0x803F0F34, 0x60000000
0x803F0F3C, 0x60000000
0x803F0F44, 0x60000000
0x803F0F4C, 0xBEB00000
0x803F0F34, 0x60000000
0x803F0F3C, 0x60000000
0x803F0F44, 0x60000000
0x803F0F4C, 0x60000000
0x803F0F4C, 0xBEB00000
