0x803F0F34, 0x3EE00000
0x803F0F3C, 0x62F753A0
0x803F0F44, 0x3B000020
0x803F0F4C, 0x3F20803F
0x803F0F34, 0x83396920
0x803F0F3C, 0x60000000
0x803F0F44, 0x60000000
0x803F0F4C, 0x48000029
0x803F0F34, 0x60000000
0x803F0F3C, 0x60000000
0x803F0F44, 0x60000000
0x803F0F4C, 0x60000000
0x803F0F34, 0x7F50D378
0x803F0F3C, 0x934CFFEC
0x803F0F44, 0x3EE00000
0x803F0F4C, 0x62F753A0
0x803F0F34, 0x7F7ABA14
0x803F0F3C, 0x936CFFF0
0x803F0F44, 0x3E204A33
0x803F0F4C, 0x62314432
0x803F0F34, 0x3E406264
0x803F0F3C, 0x62526C34
0x803F0F44, 0x3E600000
0x803F0F4C, 0x627353A0
0x803F0F34, 0x3E800000
0x803F0F3C, 0x62940009
0x803F0F44, 0x3EA05375
0x803F0F4C, 0x62B57065
0x803F0F34, 0x3EC07242
0x803F0F3C, 0x62D64D44
0x803F0F44, 0x3EE0202D
0x803F0F4C, 0x62F72047
0x803F0F34, 0x3F00616D
0x803F0F3C, 0x63186D61
0x803F0F44, 0x3F20494E
0x803F0F4C, 0x63394631
0x803F0F34, 0x3F400000
0x803F0F3C, 0x635A0080
0x803F0F44, 0x3F600001
0x803F0F4C, 0x637BFFFF
0x803F0F34, 0x3F800000
0x803F0F3C, 0x639C0003
0x803F0F44, 0x3FA00000
0x803F0F4C, 0x63BD012C
0x803F0F34, 0x3FC00000
0x803F0F3C, 0x63DE0018
0x803F0F44, 0x3FE00010
0x803F0F4C, 0x63FF0000
0x803F0F34, 0x60000000
0x803F0F3C, 0x60000000
0x803F0F44, 0x60000000
0x803F0F4C, 0xBE300000
0x803F0F34, 0x60000000
0x803F0F3C, 0x60000000
0x803F0F44, 0x60000000
0x803F0F4C, 0x60000000
0x803F0F34, 0x3A10003C
0x803F0F3C, 0x3E200001
0x803F0F44, 0x62310000
0x803F0F4C, 0x3E400010
0x803F0F34, 0x62520001
0x803F0F3C, 0x3E600001
0x803F0F44, 0x62730000
0x803F0F4C, 0x3E800011
0x803F0F34, 0x62940000
0x803F0F3C, 0x3EA00001
0x803F0F44, 0x62B50000
0x803F0F4C, 0x3EC00012
0x803F0F34, 0x62D60000
0x803F0F3C, 0x3EE00002
0x803F0F44, 0x62F70000
0x803F0F4C, 0x3F000002
0x803F0F34, 0x63180000
0x803F0F3C, 0x3F200010
0x803F0F44, 0x63390002
0x803F0F4C, 0x3F400001
0x803F0F34, 0x635A0000
0x803F0F3C, 0x3F600011
0x803F0F44, 0x637B0001
0x803F0F4C, 0x3F800001
0x803F0F34, 0x639C0000
0x803F0F3C, 0x3FA00012
0x803F0F44, 0x63BD0001
0x803F0F4C, 0x3FC00002
0x803F0F34, 0x63DE0000
0x803F0F3C, 0x3FE00002
0x803F0F44, 0x63FF0000
0x803F0F4C, 0xBE300000
0x803F0F34, 0x60000000
0x803F0F3C, 0x60000000
0x803F0F44, 0x60000000
0x803F0F4C, 0x60000000
0x803F0F34, 0x3A10003C
0x803F0F3C, 0x3E200010
0x803F0F44, 0x62310003
0x803F0F4C, 0x3E400001
0x803F0F34, 0x62520000
0x803F0F3C, 0x3E600011
0x803F0F44, 0x62730002
0x803F0F4C, 0x3E800001
0x803F0F34, 0x62940000
0x803F0F3C, 0x3EA00012
0x803F0F44, 0x62B50002
0x803F0F4C, 0x3EC00002
0x803F0F34, 0x62D60000
0x803F0F3C, 0x3EE00002
0x803F0F44, 0x62F70000
0x803F0F4C, 0x3F000002
0x803F0F34, 0x63180000
0x803F0F3C, 0x3F200000
0x803F0F44, 0x63390000
0x803F0F4C, 0x3F404D6F
0x803F0F34, 0x635A6465
0x803F0F3C, 0x3F605654
0x803F0F44, 0x637B5831
0x803F0F4C, 0x3F800000
0x803F0F34, 0x639C1FE0
0x803F0F3C, 0x3FA00000
0x803F0F44, 0x63BD0040
0x803F0F4C, 0x3FC00000
0x803F0F34, 0x63DE0080
0x803F0F3C, 0x3FE00000
0x803F0F44, 0x63FF0EA0
0x803F0F4C, 0xBE300000
0x803F0F34, 0x60000000
0x803F0F3C, 0x60000000
0x803F0F44, 0x60000000
0x803F0F4C, 0x60000000
0x803F0F34, 0x3A10003C
0x803F0F3C, 0x3E200000
0x803F0F44, 0x62310000
0x803F0F4C, 0x3E400000
0x803F0F34, 0x62520000
0x803F0F3C, 0x3E600000
0x803F0F44, 0x62730000
0x803F0F4C, 0x3E800000
0x803F0F34, 0x62941740
0x803F0F3C, 0x3EA00000
0x803F0F44, 0x62B50000
0x803F0F4C, 0x3EC00000
0x803F0F34, 0x62D60000
0x803F0F3C, 0x3EE00000
0x803F0F44, 0x62F70000
0x803F0F4C, 0x3F000000
0x803F0F34, 0x63180000
0x803F0F3C, 0x3F200000
0x803F0F44, 0x63390000
0x803F0F4C, 0x3F400000
0x803F0F34, 0x635A0000
0x803F0F3C, 0x3F600000
0x803F0F44, 0x637B0000
0x803F0F4C, 0x3F800000
0x803F0F34, 0x639C0009
0x803F0F3C, 0x3FA00000
0x803F0F44, 0x63BD0001
0x803F0F4C, 0x3FC00000
0x803F0F34, 0x63DE0004
0x803F0F3C, 0x3FE000FF
0x803F0F44, 0x63FFFFFF
0x803F0F4C, 0xBE300000
0x803F0F34, 0x60000000
0x803F0F3C, 0x60000000
0x803F0F44, 0x60000000
0x803F0F4C, 0x60000000
0x803F0F34, 0x3A10003C
0x803F0F3C, 0x3E200000
0x803F0F44, 0x6231000A
0x803F0F4C, 0x3E400000
0x803F0F34, 0x62520000
0x803F0F3C, 0x3E600000
0x803F0F44, 0x62730003
0x803F0F4C, 0x3E800EFF
0x803F0F34, 0x6294FFFF
0x803F0F3C, 0x3EA00000
0x803F0F44, 0x62B5000D
0x803F0F4C, 0x3EC00000
0x803F0F34, 0x62D60001
0x803F0F3C, 0x3EE00000
0x803F0F44, 0x62F70003
0x803F0F4C, 0x3F0008FF
0x803F0F34, 0x6318FFFF
0x803F0F3C, 0x3F200000
0x803F0F44, 0x633900FF
0x803F0F4C, 0x3F400000
0x803F0F34, 0x635A0001
0x803F0F3C, 0x3F600000
0x803F0F44, 0x637B0000
0x803F0F4C, 0x3F8000FF
0x803F0F34, 0x639CFFFF
0x803F0F3C, 0x3FA04001
0x803F0F44, 0x63BD5C14
0x803F0F4C, 0x3FC0C09A
0x803F0F34, 0x63DEED44
0x803F0F3C, 0x3FE04090
0x803F0F44, 0x63FF105B
0x803F0F4C, 0xBE300000
0x803F0F34, 0x60000000
0x803F0F3C, 0x60000000
0x803F0F44, 0x60000000
0x803F0F4C, 0x60000000
0x803F0F34, 0x3A10003C
0x803F0F3C, 0x3E203F3C
0x803F0F44, 0x6231FF22
0x803F0F4C, 0x3E40C098
0x803F0F34, 0x6252945E
0x803F0F3C, 0x3E604090
0x803F0F44, 0x6273105B
0x803F0F4C, 0x3E804080
0x803F0F34, 0x6294A68F
0x803F0F3C, 0x3EA0BE1F
0x803F0F44, 0x62B545F7
0x803F0F4C, 0x3EC040CB
0x803F0F34, 0x62D6C396
0x803F0F3C, 0x3EE03F78
0x803F0F44, 0x62F764ED
0x803F0F4C, 0x3F003C9A
0x803F0F34, 0x63184915
0x803F0F3C, 0x3F2040CB
0x803F0F44, 0x6339C396
0x803F0F4C, 0x3F404027
0x803F0F34, 0x635A1CEF
0x803F0F3C, 0x3F604097
0x803F0F44, 0x637B3501
0x803F0F4C, 0x3F804090
0x803F0F34, 0x639C105D
0x803F0F3C, 0x3FA03F99
0x803F0F44, 0x63BDE4D6
0x803F0F4C, 0x3FC04099
0x803F0F34, 0x63DEC8E4
0x803F0F3C, 0x3FE04090
0x803F0F44, 0x63FF105D
0x803F0F4C, 0xBE300000
0x803F0F34, 0x60000000
0x803F0F3C, 0x60000000
0x803F0F44, 0x60000000
0x803F0F4C, 0x60000000
0x803F0F34, 0x3A10003C
0x803F0F3C, 0x3E203FA6
0x803F0F44, 0x62313140
0x803F0F4C, 0x3E4040D9
0x803F0F34, 0x62523C0E
0x803F0F3C, 0x3E60BB04
0x803F0F44, 0x6273E269
0x803F0F4C, 0x3E803FCA
0x803F0F34, 0x62941BA8
0x803F0F3C, 0x3EA0C0D9
0x803F0F44, 0x62B5BE46
0x803F0F4C, 0x3EC0BB04
0x803F0F34, 0x62D6CC71
0x803F0F3C, 0x3EE03F24
0x803F0F44, 0x62F76562
0x803F0F4C, 0x3F00C0D8
0x803F0F34, 0x63180796
0x803F0F3C, 0x3F20BB04
0x803F0F44, 0x6339CC65
0x803F0F4C, 0x3F404001
0x803F0F34, 0x635A5BF2
0x803F0F3C, 0x3F60C09A
0x803F0F44, 0x637BED37
0x803F0F4C, 0x3F80C090
0x803F0F34, 0x639C3135
0x803F0F3C, 0x3FA03F3D
0x803F0F44, 0x63BD0060
0x803F0F4C, 0x3FC0C098
0x803F0F34, 0x63DE9455
0x803F0F3C, 0x3FE0C090
0x803F0F44, 0x63FF314C
0x803F0F4C, 0xBE300000
0x803F0F34, 0x60000000
0x803F0F3C, 0x60000000
0x803F0F44, 0x60000000
0x803F0F4C, 0x60000000
0x803F0F34, 0x3A10003C
0x803F0F3C, 0x3E204080
0x803F0F44, 0x6231A68F
0x803F0F4C, 0x3E40BE1F
0x803F0F34, 0x62524694
0x803F0F3C, 0x3E60C0CB
0x803F0F44, 0x6273E43F
0x803F0F4C, 0x3E803F78
0x803F0F34, 0x629463AE
0x803F0F3C, 0x3EA03C9A
0x803F0F44, 0x62B5463F
0x803F0F4C, 0x3EC0C0CB
0x803F0F34, 0x62D6E452
0x803F0F3C, 0x3EE04027
0x803F0F44, 0x62F71CEF
0x803F0F4C, 0x3F004097
0x803F0F34, 0x63183501
0x803F0F3C, 0x3F20C090
0x803F0F44, 0x6339312E
0x803F0F4C, 0x3F403F99
0x803F0F34, 0x635AE4D6
0x803F0F3C, 0x3F604099
0x803F0F44, 0x637BC8E6
0x803F0F4C, 0x3F80C090
0x803F0F34, 0x639C312E
0x803F0F3C, 0x3FA04011
0x803F0F44, 0x63BD10F1
0x803F0F4C, 0x3FC040D7
0x803F0F34, 0x63DE76B2
0x803F0F3C, 0x3FE0BB04
0x803F0F44, 0x63FFE275
0x803F0F4C, 0xBE300000
0x803F0F34, 0x60000000
0x803F0F3C, 0x60000000
0x803F0F44, 0x60000000
0x803F0F4C, 0x60000000
0x803F0F34, 0x3A10003C
0x803F0F3C, 0x3E204157
0x803F0F44, 0x6231F76A
0x803F0F4C, 0x3E40409A
0x803F0F34, 0x6252D4F4
0x803F0F3C, 0x3E604090
0x803F0F44, 0x62734199
0x803F0F4C, 0x3E804157
0x803F0F34, 0x6294F76A
0x803F0F3C, 0x3EA03FFC
0x803F0F44, 0x62B57BB9
0x803F0F4C, 0x3EC040D0
0x803F0F34, 0x62D6479B
0x803F0F3C, 0x3EE04157
0x803F0F44, 0x62F7F76A
0x803F0F4C, 0x3F00BFBD
0x803F0F34, 0x6318DBBD
0x803F0F3C, 0x3F2040C6
0x803F0F44, 0x6339258F
0x803F0F4C, 0x3F404157
0x803F0F34, 0x635AF76A
0x803F0F3C, 0x3F6040D0
0x803F0F44, 0x637BAE79
0x803F0F4C, 0x3F80BB03
0x803F0F34, 0x639CA3DE
0x803F0F3C, 0x3FA04157
0x803F0F44, 0x63BDF76A
0x803F0F4C, 0x3FC0409A
0x803F0F34, 0x63DED4F8
0x803F0F3C, 0x3FE0C090
0x803F0F44, 0x63FF6253
0x803F0F4C, 0xBE300000
0x803F0F34, 0x60000000
0x803F0F3C, 0x60000000
0x803F0F44, 0x60000000
0x803F0F4C, 0x60000000
0x803F0F34, 0x3A10003C
0x803F0F3C, 0x3E204157
0x803F0F44, 0x6231F76A
0x803F0F4C, 0x3E403FFC
0x803F0F34, 0x62527C0A
0x803F0F3C, 0x3E60C0D0
0x803F0F44, 0x62736860
0x803F0F4C, 0x3E804157
0x803F0F34, 0x6294F76A
0x803F0F3C, 0x3EA0BFBD
0x803F0F44, 0x62B5DBBF
0x803F0F4C, 0x3EC0C0C6
0x803F0F34, 0x62D64650
0x803F0F3C, 0x3EE04157
0x803F0F44, 0x62F7F76A
0x803F0F4C, 0x3F00C0A2
0x803F0F34, 0x6318210C
0x803F0F3C, 0x3F20C088
0x803F0F44, 0x6339056D
0x803F0F4C, 0x3F404157
0x803F0F34, 0x635AF76A
0x803F0F3C, 0x3F60C0E2
0x803F0F44, 0x637B8F7A
0x803F0F4C, 0x3F80BB04
0x803F0F34, 0x639CAB1F
0x803F0F3C, 0x3FA04157
0x803F0F44, 0x63BDF76A
0x803F0F4C, 0x3FC0C0A2
0x803F0F34, 0x63DE2110
0x803F0F3C, 0x3FE04087
0x803F0F44, 0x63FFE4A9
0x803F0F4C, 0xBE300000
0x803F0F34, 0x60000000
0x803F0F3C, 0x60000000
0x803F0F44, 0x60000000
0x803F0F4C, 0x60000000
0x803F0F34, 0x3A10003C
0x803F0F3C, 0x3E204041
0x803F0F44, 0x62319FDC
0x803F0F4C, 0x3E404130
0x803F0F34, 0x6252D025
0x803F0F3C, 0x3E60BF2E
0x803F0F44, 0x6273B2A6
0x803F0F4C, 0x3E804041
0x803F0F34, 0x62949FDC
0x803F0F3C, 0x3EA0414B
0x803F0F44, 0x62B58A08
0x803F0F4C, 0x3EC0BF2E
0x803F0F34, 0x62D6B2A4
0x803F0F3C, 0x3EE04018
0x803F0F44, 0x62F74224
0x803F0F4C, 0x3F00414B
0x803F0F34, 0x63188A08
0x803F0F3C, 0x3F20BEA7
0x803F0F44, 0x6339EFA9
0x803F0F4C, 0x3F404018
0x803F0F34, 0x635A4224
0x803F0F3C, 0x3F604153
0x803F0F44, 0x637B848C
0x803F0F4C, 0x3F80BEA7
0x803F0F34, 0x639CEFA8
0x803F0F3C, 0x3FA04018
0x803F0F44, 0x63BD4224
0x803F0F4C, 0x3FC04130
0x803F0F34, 0x63DED025
0x803F0F3C, 0x3FE0BEA7
0x803F0F44, 0x63FFEFAC
0x803F0F4C, 0xBE300000
0x803F0F34, 0x60000000
0x803F0F3C, 0x60000000
0x803F0F44, 0x60000000
0x803F0F4C, 0x60000000
0x803F0F34, 0x3A10003C
0x803F0F3C, 0x3E204018
0x803F0F44, 0x62311A1E
0x803F0F4C, 0x3E4040A9
0x803F0F34, 0x6252AE56
0x803F0F3C, 0x3E60BEDD
0x803F0F44, 0x627306B3
0x803F0F4C, 0x3E804048
0x803F0F34, 0x6294FD3B
0x803F0F3C, 0x3EA040A9
0x803F0F44, 0x62B5AE56
0x803F0F4C, 0x3EC0BF59
0x803F0F34, 0x62D6D080
0x803F0F3C, 0x3EE0C004
0x803F0F44, 0x62F78748
0x803F0F4C, 0x3F004161
0x803F0F34, 0x63181F98
0x803F0F3C, 0x3F203EE6
0x803F0F44, 0x6339168A
0x803F0F4C, 0x3F40C004
0x803F0F34, 0x635A879C
0x803F0F3C, 0x3F60411B
0x803F0F44, 0x637B3AB8
0x803F0F4C, 0x3F803EE6
0x803F0F34, 0x639C0BE5
0x803F0F3C, 0x3FA0C034
0x803F0F44, 0x63BD7D20
0x803F0F4C, 0x3FC0414C
0x803F0F34, 0x63DEB3DE
0x803F0F3C, 0x3FE03EB5
0x803F0F44, 0x63FF140F
0x803F0F4C, 0xBE300000
0x803F0F34, 0x60000000
0x803F0F3C, 0x60000000
0x803F0F44, 0x60000000
0x803F0F4C, 0x60000000
0x803F0F34, 0x3A10003C
0x803F0F3C, 0x3E20C034
0x803F0F44, 0x62317D20
0x803F0F4C, 0x3E40412F
0x803F0F34, 0x6252A64A
0x803F0F3C, 0x3E603EB5
0x803F0F44, 0x6273140C
0x803F0F4C, 0x3E80BF5E
0x803F0F34, 0x62947158
0x803F0F3C, 0x3EA0416A
0x803F0F44, 0x62B5BF62
0x803F0F4C, 0x3EC03EEB
0x803F0F34, 0x62D6F56A
0x803F0F3C, 0x3EE0BF5E
0x803F0F44, 0x62F77158
0x803F0F4C, 0x3F004111
0x803F0F34, 0x63189ACF
0x803F0F3C, 0x3F203EEB
0x803F0F44, 0x6339F583
0x803F0F4C, 0x3F403F4F
0x803F0F34, 0x635A7FF1
0x803F0F3C, 0x3F604163
0x803F0F44, 0x637B06E6
0x803F0F4C, 0x3F803E73
0x803F0F34, 0x639C77CF
0x803F0F3C, 0x3FA03F4F
0x803F0F44, 0x63BD7165
0x803F0F4C, 0x3FC04119
0x803F0F34, 0x63DE51BC
0x803F0F3C, 0x3FE03E74
0x803F0F44, 0x63FF258D
0x803F0F4C, 0xBE300000
0x803F0F34, 0x60000000
0x803F0F3C, 0x60000000
0x803F0F44, 0x60000000
0x803F0F4C, 0x60000000
0x803F0F34, 0x3A10003C
0x803F0F3C, 0x3E204017
0x803F0F44, 0x62313609
0x803F0F4C, 0x3E404130
0x803F0F34, 0x6252D025
0x803F0F3C, 0x3E603ED1
0x803F0F44, 0x6273C424
0x803F0F4C, 0x3E804017
0x803F0F34, 0x62943609
0x803F0F3C, 0x3EA0414B
0x803F0F44, 0x62B58A08
0x803F0F4C, 0x3EC03ED1
0x803F0F34, 0x62D6C427
0x803F0F3C, 0x3EE0C002
0x803F0F44, 0x62F78341
0x803F0F4C, 0x3F00411B
0x803F0F34, 0x63182E98
0x803F0F3C, 0x3F20BF31
0x803F0F44, 0x6339F51F
0x803F0F4C, 0x3F40C033
0x803F0F34, 0x635AA7CE
0x803F0F3C, 0x3F60412F
0x803F0F44, 0x637BA64A
0x803F0F4C, 0x3F80BF36
0x803F0F34, 0x639CB04A
0x803F0F3C, 0x3FA0C033
0x803F0F44, 0x63BDA7CE
0x803F0F4C, 0x3FC0414C
0x803F0F34, 0x63DEB3DE
0x803F0F3C, 0x3FE0BF36
0x803F0F44, 0x63FFB048
0x803F0F4C, 0xBE300000
0x803F0F34, 0x60000000
0x803F0F3C, 0x60000000
0x803F0F44, 0x60000000
0x803F0F4C, 0x60000000
0x803F0F34, 0x3A10003C
0x803F0F3C, 0x3E20C002
0x803F0F44, 0x623181F1
0x803F0F4C, 0x3E404161
0x803F0F34, 0x62522C04
0x803F0F3C, 0x3E60BF32
0x803F0F44, 0x627304B4
0x803F0F4C, 0x3E80BF51
0x803F0F34, 0x6294FDCE
0x803F0F3C, 0x3EA04111
0x803F0F44, 0x62B59ACF
0x803F0F4C, 0x3EC0BF1B
0x803F0F34, 0x62D63F8E
0x803F0F3C, 0x3EE03F56
0x803F0F44, 0x62F7B10C
0x803F0F4C, 0x3F004119
0x803F0F34, 0x63184AE6
0x803F0F3C, 0x3F20BE84
0x803F0F44, 0x63396A2C
0x803F0F4C, 0x3F40403F
0x803F0F34, 0x635A87A0
0x803F0F3C, 0x3F604153
0x803F0F44, 0x637B848C
0x803F0F4C, 0x3F803F4B
0x803F0F34, 0x639C012C
0x803F0F3C, 0x3FA0403F
0x803F0F44, 0x63BD87A0
0x803F0F4C, 0x3FC0414B
0x803F0F34, 0x63DE8A08
0x803F0F3C, 0x3FE03F4B
0x803F0F44, 0x63FF012C
0x803F0F4C, 0xBE300000
0x803F0F34, 0x60000000
0x803F0F3C, 0x60000000
0x803F0F44, 0x60000000
0x803F0F4C, 0x60000000
0x803F0F34, 0x3A10003C
0x803F0F3C, 0x3E20403F
0x803F0F44, 0x623187A0
0x803F0F4C, 0x3E404130
0x803F0F34, 0x6252D025
0x803F0F3C, 0x3E603F4B
0x803F0F44, 0x6273012A
0x803F0F4C, 0x3E804016
0x803F0F34, 0x6294DCBE
0x803F0F3C, 0x3EA040A9
0x803F0F44, 0x62B5AE56
0x803F0F4C, 0x3EC03EE1
0x803F0F34, 0x62D65A75
0x803F0F3C, 0x3EE04068
0x803F0F44, 0x62F7E558
0x803F0F4C, 0x3F004153
0x803F0F34, 0x6318848C
0x803F0F3C, 0x3F203EE0
0x803F0F44, 0x63398CDC
0x803F0F4C, 0x3F404068
0x803F0F34, 0x635AE558
0x803F0F3C, 0x3F60414B
0x803F0F44, 0x637B8A08
0x803F0F4C, 0x3F803EE0
0x803F0F34, 0x639C8CBA
0x803F0F3C, 0x3FA04068
0x803F0F44, 0x63BDE558
0x803F0F4C, 0x3FC04130
0x803F0F34, 0x63DED025
0x803F0F3C, 0x3FE03EE0
0x803F0F44, 0x63FF8CD8
0x803F0F4C, 0xBE300000
0x803F0F34, 0x60000000
0x803F0F3C, 0x60000000
0x803F0F44, 0x60000000
0x803F0F4C, 0x60000000
0x803F0F34, 0x3A10003C
0x803F0F3C, 0x3E204046
0x803F0F44, 0x62318262
0x803F0F4C, 0x3E4040A9
0x803F0F34, 0x6252AE56
0x803F0F3C, 0x3E603F64
0x803F0F44, 0x627390EB
0x803F0F4C, 0x3E804100
0x803F0F34, 0x6294EB90
0x803F0F3C, 0x3EA0411B
0x803F0F44, 0x62B52FB0
0x803F0F4C, 0x3EC03F4E
0x803F0F34, 0x62D618C5
0x803F0F3C, 0x3EE0410D
0x803F0F44, 0x62F733D3
0x803F0F4C, 0x3F00412F
0x803F0F34, 0x6318A64A
0x803F0F3C, 0x3F203F52
0x803F0F44, 0x6339FF76
0x803F0F4C, 0x3F40410D
0x803F0F34, 0x635A6927
0x803F0F3C, 0x3F60412F
0x803F0F44, 0x637BA64A
0x803F0F4C, 0x3F80BE78
0x803F0F34, 0x639CEB21
0x803F0F3C, 0x3FA0410D
0x803F0F44, 0x63BD33D3
0x803F0F4C, 0x3FC0414C
0x803F0F34, 0x63DEB3DE
0x803F0F3C, 0x3FE03F52
0x803F0F44, 0x63FFFF78
0x803F0F4C, 0xBE300000
0x803F0F34, 0x60000000
0x803F0F3C, 0x60000000
0x803F0F44, 0x60000000
0x803F0F4C, 0x60000000
0x803F0F34, 0x3A10003C
0x803F0F3C, 0x3E20410D
0x803F0F44, 0x62316927
0x803F0F4C, 0x3E40414C
0x803F0F34, 0x6252B3DE
0x803F0F3C, 0x3E60BE78
0x803F0F44, 0x6273EB1A
0x803F0F4C, 0x3E804100
0x803F0F34, 0x6294EA5B
0x803F0F3C, 0x3EA04161
0x803F0F44, 0x62B52C04
0x803F0F4C, 0x3EC03F4E
0x803F0F34, 0x62D65393
0x803F0F3C, 0x3EE04101
0x803F0F44, 0x62F76BB3
0x803F0F4C, 0x3F004161
0x803F0F34, 0x63181F98
0x803F0F3C, 0x3F20BEAD
0x803F0F44, 0x633978AC
0x803F0F4C, 0x3F4040DA
0x803F0F34, 0x635AD37A
0x803F0F3C, 0x3F60416A
0x803F0F44, 0x637BBF62
0x803F0F4C, 0x3F803F37
0x803F0F34, 0x639C8E59
0x803F0F3C, 0x3FA040DC
0x803F0F44, 0x63BD61F0
0x803F0F4C, 0x3FC0416A
0x803F0F34, 0x63DEBF62
0x803F0F3C, 0x3FE0BEB3
0x803F0F44, 0x63FF57EF
0x803F0F4C, 0xBE300000
0x803F0F34, 0x60000000
0x803F0F3C, 0x60000000
0x803F0F44, 0x60000000
0x803F0F4C, 0x60000000
0x803F0F34, 0x3A10003C
0x803F0F3C, 0x3E2040A6
0x803F0F44, 0x6231A3C4
0x803F0F4C, 0x3E404163
0x803F0F34, 0x625206E6
0x803F0F3C, 0x3E60BE02
0x803F0F44, 0x62733D62
0x803F0F4C, 0x3E804101
0x803F0F34, 0x62946CC9
0x803F0F3C, 0x3EA0411B
0x803F0F44, 0x62B53C65
0x803F0F4C, 0x3EC0BEAC
0x803F0F34, 0x62D6ED80
0x803F0F3C, 0x3EE040DA
0x803F0F44, 0x62F7D37A
0x803F0F4C, 0x3F004111
0x803F0F34, 0x63189ACF
0x803F0F3C, 0x3F203F37
0x803F0F44, 0x63398E64
0x803F0F4C, 0x3F4040DC
0x803F0F34, 0x635A61F0
0x803F0F3C, 0x3F604111
0x803F0F44, 0x637B9ACF
0x803F0F4C, 0x3F80BEB3
0x803F0F34, 0x639C57D6
0x803F0F3C, 0x3FA040A6
0x803F0F44, 0x63BDBB75
0x803F0F4C, 0x3FC04119
0x803F0F34, 0x63DE401A
0x803F0F3C, 0x3FE0BE0A
0x803F0F44, 0x63FFF380
0x803F0F4C, 0xBE300000
0x803F0F34, 0x60000000
0x803F0F3C, 0x60000000
0x803F0F44, 0x60000000
0x803F0F4C, 0x60000000
0x803F0F34, 0x3A10003C
0x803F0F3C, 0x3E2040A5
0x803F0F44, 0x6231CABA
0x803F0F4C, 0x3E404119
0x803F0F34, 0x62523F22
0x803F0F3C, 0x3E603EBF
0x803F0F44, 0x6273DBC1
0x803F0F4C, 0x3E804069
0x803F0F34, 0x6294F174
0x803F0F3C, 0x3EA04130
0x803F0F44, 0x62B5D025
0x803F0F4C, 0x3EC0BE99
0x803F0F34, 0x62D6271A
0x803F0F3C, 0x3EE0BF51
0x803F0F44, 0x62F7FDCE
0x803F0F4C, 0x3F00416A
0x803F0F34, 0x6318BF62
0x803F0F3C, 0x3F20BF1B
0x803F0F44, 0x63393F9A
0x803F0F4C, 0x3F403F56
0x803F0F34, 0x635AD1E1
0x803F0F3C, 0x3F604163
0x803F0F44, 0x637B0ABC
0x803F0F4C, 0x3F80BE83
0x803F0F34, 0x639C6746
0x803F0F3C, 0x3FA040A5
0x803F0F44, 0x63BDB982
0x803F0F4C, 0x3FC04163
0x803F0F34, 0x63DE0ABC
0x803F0F3C, 0x3FE03EBC
0x803F0F44, 0x63FF047C
0x803F0F4C, 0xBE300000
0x803F0F34, 0x60000000
0x803F0F3C, 0x60000000
0x803F0F44, 0x60000000
0x803F0F4C, 0x60000000
0x803F0F34, 0x3A10003C
0x803F0F3C, 0x3E204069
0x803F0F44, 0x6231F174
0x803F0F4C, 0x3E40414B
0x803F0F34, 0x62528A08
0x803F0F3C, 0x3E60BE99
0x803F0F44, 0x62732717
0x803F0F4C, 0x3E804041
0x803F0F34, 0x62949FDC
0x803F0F3C, 0x3EA04153
0x803F0F44, 0x62B5848C
0x803F0F4C, 0x3EC0BF2E
0x803F0F34, 0x62D6B2A4
0x803F0F3C, 0x3EE04069
0x803F0F44, 0x62F7F174
0x803F0F4C, 0x3F004153
0x803F0F34, 0x6318848C
0x803F0F3C, 0x3F20BE99
0x803F0F44, 0x63392716
0x803F0F4C, 0x3F40C0A8
0x803F0F34, 0x635A3D1D
0x803F0F3C, 0x3F60C0BD
0x803F0F44, 0x637BF880
0x803F0F4C, 0x3F8040B3
0x803F0F34, 0x639C3035
0x803F0F3C, 0x3FA03FC3
0x803F0F44, 0x63BDD3EE
0x803F0F4C, 0x3FC03D57
0x803F0F34, 0x63DE027A
0x803F0F3C, 0x3FE040FD
0x803F0F44, 0x63FF6FED
0x803F0F4C, 0xBE300000
0x803F0F34, 0x60000000
0x803F0F3C, 0x60000000
0x803F0F44, 0x60000000
0x803F0F4C, 0x60000000
0x803F0F34, 0x3A10003C
0x803F0F3C, 0x3E203FB3
0x803F0F44, 0x6231A6C6
0x803F0F4C, 0x3E40C0C6
0x803F0F34, 0x62524ADD
0x803F0F3C, 0x3E6040B3
0x803F0F44, 0x62733035
0x803F0F4C, 0x3E803FAC
0x803F0F34, 0x6294F366
0x803F0F3C, 0x3EA0C10C
0x803F0F44, 0x62B58FC2
0x803F0F4C, 0x3EC0BB04
0x803F0F34, 0x62D6EFAF
0x803F0F3C, 0x3EE03FB3
0x803F0F44, 0x62F7A6A4
0x803F0F4C, 0x3F00C0C6
0x803F0F34, 0x63184AB7
0x803F0F3C, 0x3F20C0B3
0x803F0F44, 0x6339510E
0x803F0F4C, 0x3F40C090
0x803F0F34, 0x635A59D3
0x803F0F3C, 0x3F60C108
0x803F0F44, 0x637B6696
0x803F0F4C, 0x3F80BB04
0x803F0F34, 0x639CEF76
0x803F0F3C, 0x3FA03FC3
0x803F0F44, 0x63BDD430
0x803F0F4C, 0x3FC03D56
0x803F0F34, 0x63DEFF21
0x803F0F3C, 0x3FE0C0FD
0x803F0F44, 0x63FF90D8
0x803F0F4C, 0xBE300000
0x803F0F34, 0x60000000
0x803F0F3C, 0x60000000
0x803F0F44, 0x60000000
0x803F0F4C, 0x60000000
0x803F0F34, 0x3A10003C
0x803F0F3C, 0x3E20C0A8
0x803F0F44, 0x62313D1D
0x803F0F4C, 0x3E40C0BD
0x803F0F34, 0x6252F8A6
0x803F0F3C, 0x3E60C0B3
0x803F0F44, 0x6273510E
0x803F0F4C, 0x3E803FD4
0x803F0F34, 0x62940147
0x803F0F3C, 0x3EA040C9
0x803F0F44, 0x62B5A6D5
0x803F0F4C, 0x3EC0C0B3
0x803F0F34, 0x62D650F5
0x803F0F3C, 0x3EE0C09D
0x803F0F44, 0x62F7B654
0x803F0F4C, 0x3F003EA0
0x803F0F34, 0x631804A4
0x803F0F3C, 0x3F20C0FD
0x803F0F44, 0x633990DA
0x803F0F4C, 0x3F403FDA
0x803F0F34, 0x635AB496
0x803F0F3C, 0x3F60410E
0x803F0F44, 0x637B3DCE
0x803F0F4C, 0x3F80BB05
0x803F0F34, 0x639C022C
0x803F0F3C, 0x3FA0C093
0x803F0F44, 0x63BD2FA9
0x803F0F4C, 0x3FC040D1
0x803F0F34, 0x63DEF8FA
0x803F0F3C, 0x3FE0C0B3
0x803F0F44, 0x63FF510C
0x803F0F4C, 0xBE300000
0x803F0F34, 0x60000000
0x803F0F3C, 0x60000000
0x803F0F44, 0x60000000
0x803F0F4C, 0x60000000
0x803F0F34, 0x3A10003C
0x803F0F3C, 0x3E20418A
0x803F0F44, 0x62310522
0x803F0F4C, 0x3E403E79
0x803F0F34, 0x6252F2BB
0x803F0F3C, 0x3E6036C9
0x803F0F44, 0x6273BE1F
0x803F0F4C, 0x3E803FD4
0x803F0F34, 0x6294012E
0x803F0F3C, 0x3EA040C9
0x803F0F44, 0x62B5A6CF
0x803F0F4C, 0x3EC040B3
0x803F0F34, 0x62D6303B
0x803F0F3C, 0x3EE0C08E
0x803F0F44, 0x62F7D36B
0x803F0F4C, 0x3F004112
0x803F0F34, 0x631866E4
0x803F0F3C, 0x3F20BB05
0x803F0F44, 0x633912BB
0x803F0F4C, 0x3F40C093
0x803F0F34, 0x635A2FA9
0x803F0F3C, 0x3F6040D1
0x803F0F44, 0x637BF92E
0x803F0F4C, 0x3F8040B3
0x803F0F34, 0x639C3039
0x803F0F3C, 0x3FA04017
0x803F0F44, 0x63BD3609
0x803F0F4C, 0x3FC04153
0x803F0F34, 0x63DE848C
0x803F0F3C, 0x3FE03ED1
0x803F0F44, 0x63FFC428
0x803F0F4C, 0xBE300000
0x803F0F34, 0x60000000
0x803F0F3C, 0x60000000
0x803F0F44, 0x60000000
0x803F0F4C, 0x60000000
0x803F0F34, 0x3A10003C
0x803F0F3C, 0x3E20C0B6
0x803F0F44, 0x6231ADBA
0x803F0F4C, 0x3E403EB5
0x803F0F34, 0x62520BC2
0x803F0F3C, 0x3E60C0CF
0x803F0F44, 0x6273BB62
0x803F0F4C, 0x3E80C0AE
0x803F0F34, 0x62940E26
0x803F0F3C, 0x3EA040AF
0x803F0F44, 0x62B521D1
0x803F0F4C, 0x3EC0C092
0x803F0F34, 0x62D6E82F
0x803F0F3C, 0x3EE0C0AA
0x803F0F44, 0x62F77BDD
0x803F0F4C, 0x3F0040F2
0x803F0F34, 0x6318FC7A
0x803F0F3C, 0x3F20BB05
0x803F0F44, 0x633978B7
0x803F0F4C, 0x3F40C09D
0x803F0F34, 0x635AB654
0x803F0F3C, 0x3F603EA0
0x803F0F44, 0x637B050F
0x803F0F4C, 0x3F8040FD
0x803F0F34, 0x639C6FEB
0x803F0F3C, 0x3FA0C0AE
0x803F0F44, 0x63BD0E26
0x803F0F4C, 0x3FC040AF
0x803F0F34, 0x63DE21CF
0x803F0F3C, 0x3FE04092
0x803F0F44, 0x63FFC748
0x803F0F4C, 0xBE300000
0x803F0F34, 0x60000000
0x803F0F3C, 0x60000000
0x803F0F44, 0x60000000
0x803F0F4C, 0x60000000
0x803F0F34, 0x3A10003C
0x803F0F3C, 0x3E20C0B6
0x803F0F44, 0x6231ADBA
0x803F0F4C, 0x3E403EB5
0x803F0F34, 0x62520BCD
0x803F0F3C, 0x3E6040CF
0x803F0F44, 0x62739A4C
0x803F0F4C, 0x3E80C0BF
0x803F0F34, 0x62944D36
0x803F0F3C, 0x3EA0C098
0x803F0F44, 0x62B5802A
0x803F0F4C, 0x3EC04092
0x803F0F34, 0x62D6C744
0x803F0F3C, 0x3EE0C0C2
0x803F0F44, 0x62F7DF9A
0x803F0F4C, 0x3F00C0DC
0x803F0F34, 0x63185B0E
0x803F0F3C, 0x3F20BB05
0x803F0F44, 0x63396380
0x803F0F4C, 0x3F40C0BF
0x803F0F34, 0x635A4D36
0x803F0F3C, 0x3F60C098
0x803F0F44, 0x637B8039
0x803F0F4C, 0x3F80C092
0x803F0F34, 0x639CE84C
0x803F0F3C, 0x3FA04077
0x803F0F44, 0x63BD6580
0x803F0F4C, 0x3FC040A9
0x803F0F34, 0x63DEAE56
0x803F0F3C, 0x3FE03EF2
0x803F0F44, 0x63FF8873
0x803F0F4C, 0xBE300000
0x803F0F34, 0x60000000
0x803F0F3C, 0x60000000
0x803F0F44, 0x60000000
0x803F0F4C, 0x60000000
0x803F0F34, 0x3A10003C
0x803F0F3C, 0x3E204078
0x803F0F44, 0x6231A2F4
0x803F0F4C, 0x3E4040A9
0x803F0F34, 0x6252AE56
0x803F0F3C, 0x3E60BECB
0x803F0F44, 0x6273D8F9
0x803F0F4C, 0x3E80BE95
0x803F0F34, 0x629427A2
0x803F0F3C, 0x3EA03DEB
0x803F0F44, 0x62B553D6
0x803F0F4C, 0x3EC0BB04
0x803F0F34, 0x62D6F8E0
0x803F0F3C, 0x3EE0C032
0x803F0F44, 0x62F7AF32
0x803F0F4C, 0x3F003F4E
0x803F0F34, 0x631862C2
0x803F0F3C, 0x3F20C0FD
0x803F0F44, 0x6339D854
0x803F0F4C, 0x3F403F05
0x803F0F34, 0x635AC4EB
0x803F0F3C, 0x3F603F88
0x803F0F44, 0x637B96F9
0x803F0F4C, 0x3F80C100
0x803F0F34, 0x639C0640
0x803F0F3C, 0x3FA0BF67
0x803F0F44, 0x63BD9FDC
0x803F0F4C, 0x3FC03FFB
0x803F0F34, 0x63DE83B9
0x803F0F3C, 0x3FE0C0D8
0x803F0F44, 0x63FF3528
0x803F0F4C, 0xBE300000
0x803F0F34, 0x60000000
0x803F0F3C, 0x60000000
0x803F0F44, 0x60000000
0x803F0F4C, 0x60000000
0x803F0F34, 0x3A10003C
0x803F0F3C, 0x3E204072
0x803F0F44, 0x6231EA81
0x803F0F4C, 0x3E403FFB
0x803F0F34, 0x6252F919
0x803F0F3C, 0x3E60C0D2
0x803F0F44, 0x6273A446
0x803F0F4C, 0x3E80C032
0x803F0F34, 0x62947BF2
0x803F0F3C, 0x3EA0BF49
0x803F0F44, 0x62B55A32
0x803F0F4C, 0x3EC0C10E
0x803F0F34, 0x62D6B51C
0x803F0F3C, 0x3EE03F03
0x803F0F44, 0x62F72713
0x803F0F4C, 0x3F00BF94
0x803F0F34, 0x631896C0
0x803F0F3C, 0x3F20C10F
0x803F0F44, 0x63398723
0x803F0F4C, 0x3F40406A
0x803F0F34, 0x635AE610
0x803F0F3C, 0x3F60BF1D
0x803F0F44, 0x637BEB5D
0x803F0F4C, 0x3F80C10A
0x803F0F34, 0x639CD539
0x803F0F3C, 0x3FA04069
0x803F0F44, 0x63BD6096
0x803F0F4C, 0x3FC0C080
0x803F0F34, 0x63DE4B83
0x803F0F3C, 0x3FE0C10F
0x803F0F44, 0x63FF9F47
0x803F0F4C, 0xBE300000
0x803F0F34, 0x60000000
0x803F0F3C, 0x60000000
0x803F0F44, 0x60000000
0x803F0F4C, 0x60000000
0x803F0F34, 0x3A10003C
0x803F0F3C, 0x3E2040E0
0x803F0F44, 0x623111C1
0x803F0F4C, 0x3E40C080
0x803F0F34, 0x62522896
0x803F0F3C, 0x3E60C100
0x803F0F44, 0x6273305A
0x803F0F4C, 0x3E8040E0
0x803F0F34, 0x62942C19
0x803F0F3C, 0x3EA0C0DE
0x803F0F44, 0x62B5F13C
0x803F0F4C, 0x3EC0C0E4
0x803F0F34, 0x62D67246
0x803F0F3C, 0x3EE04117
0x803F0F44, 0x62F76FB6
0x803F0F4C, 0x3F00C0DC
0x803F0F34, 0x6318D281
0x803F0F3C, 0x3F20C0B1
0x803F0F44, 0x63399D8D
0x803F0F4C, 0x3F404108
0x803F0F34, 0x635A123E
0x803F0F3C, 0x3F60C111
0x803F0F44, 0x637B0CA1
0x803F0F4C, 0x3F80C093
0x803F0F34, 0x639C989D
0x803F0F3C, 0x3FA0C032
0x803F0F44, 0x63BD4224
0x803F0F4C, 0x3FC0C06C
0x803F0F34, 0x63DE38AE
0x803F0F3C, 0x3FE0C113
0x803F0F44, 0x63FFD694
0x803F0F4C, 0xBE300000
0x803F0F34, 0x60000000
0x803F0F3C, 0x60000000
0x803F0F44, 0x60000000
0x803F0F4C, 0x60000000
0x803F0F34, 0x3A10003C
0x803F0F3C, 0x3E203F01
0x803F0F44, 0x6231E9E2
0x803F0F4C, 0x3E40C087
0x803F0F34, 0x625204BD
0x803F0F3C, 0x3E60C114
0x803F0F44, 0x6273935B
0x803F0F4C, 0x3E804069
0x803F0F34, 0x62947FCC
0x803F0F3C, 0x3EA0C0E3
0x803F0F44, 0x62B502E1
0x803F0F4C, 0x3EC0C102
0x803F0F34, 0x62D6218E
0x803F0F3C, 0x3EE040D8
0x803F0F44, 0x62F7FF28
0x803F0F4C, 0x3F00C11A
0x803F0F34, 0x6318A586
0x803F0F3C, 0x3F20C0A1
0x803F0F44, 0x633993ED
0x803F0F4C, 0x3F4040D8
0x803F0F34, 0x635AEE93
0x803F0F3C, 0x3F60C12B
0x803F0F44, 0x637BFD03
0x803F0F4C, 0x3F80C00E
0x803F0F34, 0x639C8660
0x803F0F3C, 0x3FA0C023
0x803F0F44, 0x63BDA909
0x803F0F4C, 0x3FC0C0D1
0x803F0F34, 0x63DEBE45
0x803F0F3C, 0x3FE0C108
0x803F0F44, 0x63FF18AE
0x803F0F4C, 0xBE300000
0x803F0F34, 0x60000000
0x803F0F3C, 0x60000000
0x803F0F44, 0x60000000
0x803F0F4C, 0x60000000
0x803F0F34, 0x3A10003C
0x803F0F3C, 0x3E203F03
0x803F0F44, 0x6231E942
0x803F0F4C, 0x3E40C0E3
0x803F0F34, 0x6252F897
0x803F0F3C, 0x3E60C108
0x803F0F44, 0x62735BAF
0x803F0F4C, 0x3E804069
0x803F0F34, 0x62948744
0x803F0F3C, 0x3EA0C126
0x803F0F44, 0x62B5A534
0x803F0F4C, 0x3EC0C0BA
0x803F0F34, 0x62D60D9F
0x803F0F3C, 0x3EE04069
0x803F0F44, 0x62F764D0
0x803F0F4C, 0x3F00C13C
0x803F0F34, 0x63183569
0x803F0F3C, 0x3F20C036
0x803F0F44, 0x6339FD79
0x803F0F4C, 0x3F404069
0x803F0F34, 0x635A2EAE
0x803F0F3C, 0x3F60C13F
0x803F0F44, 0x637B4794
0x803F0F4C, 0x3F803E5B
0x803F0F34, 0x639C6713
0x803F0F3C, 0x3FA0C003
0x803F0F44, 0x63BD41C0
0x803F0F4C, 0x3FC0C119
0x803F0F34, 0x63DEDD6E
0x803F0F3C, 0x3FE0C0C1
0x803F0F44, 0x63FF8BE2
0x803F0F4C, 0xBE300000
0x803F0F34, 0x60000000
0x803F0F3C, 0x60000000
0x803F0F44, 0x60000000
0x803F0F4C, 0x60000000
0x803F0F34, 0x3A10003C
0x803F0F3C, 0x3E203F04
0x803F0F44, 0x62311312
0x803F0F4C, 0x3E40C126
0x803F0F34, 0x625293F5
0x803F0F3C, 0x3E60C0C2
0x803F0F44, 0x6273E2AF
0x803F0F4C, 0x3E803F03
0x803F0F34, 0x629482E4
0x803F0F3C, 0x3EA0C136
0x803F0F44, 0x62B5802A
0x803F0F4C, 0x3EC0C03F
0x803F0F34, 0x62D6B7A8
0x803F0F3C, 0x3EE03F02
0x803F0F44, 0x62F79FCF
0x803F0F4C, 0x3F00C139
0x803F0F34, 0x63186E60
0x803F0F3C, 0x3F203E65
0x803F0F44, 0x6339EEB5
0x803F0F4C, 0x3F404068
0x803F0F34, 0x635AF901
0x803F0F3C, 0x3F60C13C
0x803F0F44, 0x637B3569
0x803F0F4C, 0x3F80403B
0x803F0F34, 0x639CA31B
0x803F0F3C, 0x3FA0BFE6
0x803F0F44, 0x63BD38DA
0x803F0F4C, 0x3FC0C12D
0x803F0F34, 0x63DE721C
0x803F0F3C, 0x3FE0C03C
0x803F0F44, 0x63FF8FCB
0x803F0F4C, 0xBE300000
0x803F0F34, 0x60000000
0x803F0F3C, 0x60000000
0x803F0F44, 0x60000000
0x803F0F4C, 0x60000000
0x803F0F34, 0x3A10003C
0x803F0F3C, 0x3E20BFE2
0x803F0F44, 0x62310536
0x803F0F4C, 0x3E40C130
0x803F0F34, 0x62523D01
0x803F0F3C, 0x3E603E68
0x803F0F44, 0x62739568
0x803F0F4C, 0x3E803F01
0x803F0F34, 0x6294B595
0x803F0F3C, 0x3EA0C136
0x803F0F44, 0x62B5802A
0x803F0F4C, 0x3EC0404D
0x803F0F34, 0x62D6AB6F
0x803F0F3C, 0x3EE0BFE7
0x803F0F44, 0x62F7205C
0x803F0F4C, 0x3F00C12D
0x803F0F34, 0x63187224
0x803F0F3C, 0x3F204051
0x803F0F44, 0x6339DA08
0x803F0F4C, 0x3F403F00
0x803F0F34, 0x635A7C74
0x803F0F3C, 0x3F60C126
0x803F0F44, 0x637B93FB
0x803F0F4C, 0x3F8040C8
0x803F0F34, 0x639C2122
0x803F0F3C, 0x3FA0C004
0x803F0F44, 0x63BD28B7
0x803F0F4C, 0x3FC0C119
0x803F0F34, 0x63DEDD0B
0x803F0F3C, 0x3FE040CB
0x803F0F44, 0x63FFB0BD
0x803F0F4C, 0xBE300000
0x803F0F34, 0x60000000
0x803F0F3C, 0x60000000
0x803F0F44, 0x60000000
0x803F0F4C, 0x60000000
0x803F0F34, 0x3A10003C
0x803F0F3C, 0x3E203EFD
0x803F0F44, 0x6231C0BA
0x803F0F4C, 0x3E40C0E3
0x803F0F34, 0x6252F8C5
0x803F0F3C, 0x3E60410C
0x803F0F44, 0x6273E11C
0x803F0F4C, 0x3E80C024
0x803F0F34, 0x6294ECA2
0x803F0F3C, 0x3EA0C0D1
0x803F0F44, 0x62B5BD5D
0x803F0F4C, 0x3EC0410E
0x803F0F34, 0x62D6AB1E
0x803F0F3C, 0x3EE04068
0x803F0F44, 0x62F7B064
0x803F0F4C, 0x3F00C126
0x803F0F34, 0x6318A540
0x803F0F3C, 0x3F2040B7
0x803F0F44, 0x6339C53C
0x803F0F4C, 0x3F4040D8
0x803F0F34, 0x635AA344
0x803F0F3C, 0x3F60C11A
0x803F0F44, 0x637BA592
0x803F0F4C, 0x3F8040AB
0x803F0F34, 0x639CF4D3
0x803F0F3C, 0x3FA04068
0x803F0F44, 0x63BD4F3C
0x803F0F4C, 0x3FC0C0E3
0x803F0F34, 0x63DE033B
0x803F0F3C, 0x3FE04104
0x803F0F44, 0x63FF1111
0x803F0F4C, 0xBE300000
0x803F0F34, 0x60000000
0x803F0F3C, 0x60000000
0x803F0F44, 0x60000000
0x803F0F4C, 0x60000000
0x803F0F34, 0x3A10003C
0x803F0F3C, 0x3E2040DF
0x803F0F44, 0x6231AB36
0x803F0F4C, 0x3E40C0DE
0x803F0F34, 0x6252F181
0x803F0F3C, 0x3E6040EF
0x803F0F44, 0x6273AF63
0x803F0F4C, 0x3E804068
0x803F0F34, 0x62940F56
0x803F0F3C, 0x3EA0C080
0x803F0F44, 0x62B54BD6
0x803F0F4C, 0x3EC04112
0x803F0F34, 0x62D675E6
0x803F0F3C, 0x3EE040DF
0x803F0F44, 0x62F7816D
0x803F0F4C, 0x3F00C080
0x803F0F34, 0x631828F9
0x803F0F3C, 0x3F204105
0x803F0F44, 0x6339CAA3
0x803F0F4C, 0x3F404069
0x803F0F34, 0x635AA0AE
0x803F0F3C, 0x3F60BF1D
0x803F0F44, 0x637BEEB2
0x803F0F4C, 0x3F80410D
0x803F0F34, 0x639C38F7
0x803F0F3C, 0x3FA03EF8
0x803F0F44, 0x63BDDA3C
0x803F0F4C, 0x3FC0C087
0x803F0F34, 0x63DE0528
0x803F0F3C, 0x3FE04119
0x803F0F44, 0x63FFA9DA
0x803F0F4C, 0xBE300000
0x803F0F34, 0x60000000
0x803F0F3C, 0x60000000
0x803F0F44, 0x60000000
0x803F0F4C, 0x60000000
0x803F0F34, 0x3A10003C
0x803F0F3C, 0x3E203EFB
0x803F0F44, 0x6231B363
0x803F0F4C, 0x3E40BF94
0x803F0F34, 0x62529842
0x803F0F3C, 0x3E604114
0x803F0F44, 0x62735AD7
0x803F0F4C, 0x3E803F01
0x803F0F34, 0x62940C80
0x803F0F3C, 0x3EA03F88
0x803F0F44, 0x62B595BC
0x803F0F4C, 0x3EC04104
0x803F0F34, 0x62D60ED7
0x803F0F3C, 0x3EE0C033
0x803F0F44, 0x62F7A1BA
0x803F0F4C, 0x3F00C06C
0x803F0F34, 0x63183678
0x803F0F3C, 0x3F20411A
0x803F0F44, 0x6339DB83
0x803F0F4C, 0x3F40C033
0x803F0F34, 0x635ACFA6
0x803F0F3C, 0x3F60BF49
0x803F0F44, 0x637B51BD
0x803F0F4C, 0x3F804115
0x803F0F34, 0x639C9946
0x803F0F3C, 0x3FA0C033
0x803F0F44, 0x63BDDDA4
0x803F0F4C, 0x3FC03F4E
0x803F0F34, 0x63DE69FA
0x803F0F3C, 0x3FE04105
0x803F0F44, 0x63FF6CA2
0x803F0F4C, 0xBE300000
0x803F0F34, 0x60000000
0x803F0F3C, 0x60000000
0x803F0F44, 0x60000000
0x803F0F4C, 0x60000000
0x803F0F34, 0x3A10003C
0x803F0F3C, 0x3E20BF6B
0x803F0F44, 0x6231E026
0x803F0F4C, 0x3E403FFB
0x803F0F34, 0x625282E9
0x803F0F3C, 0x3E6040DE
0x803F0F44, 0x6273402B
0x803F0F4C, 0x3E80C061
0x803F0F34, 0x62949208
0x803F0F3C, 0x3EA03FB6
0x803F0F44, 0x62B5DA20
0x803F0F4C, 0x3EC040E1
0x803F0F34, 0x62D63A7E
0x803F0F3C, 0x3EE04071
0x803F0F44, 0x62F7E621
0x803F0F4C, 0x3F003FFB
0x803F0F34, 0x6318F817
0x803F0F3C, 0x3F2040D1
0x803F0F44, 0x63390C91
0x803F0F4C, 0x3F40406F
0x803F0F34, 0x635A9436
0x803F0F3C, 0x3F603F89
0x803F0F44, 0x637B08F3
0x803F0F4C, 0x3F8040FA
0x803F0F34, 0x639C341A
0x803F0F3C, 0x3FA040DF
0x803F0F44, 0x63BD6938
0x803F0F4C, 0x3FC0BF1C
0x803F0F34, 0x63DED9EF
0x803F0F3C, 0x3FE04102
0x803F0F44, 0x63FFE249
0x803F0F4C, 0xBE300000
0x803F0F34, 0x60000000
0x803F0F3C, 0x60000000
0x803F0F44, 0x60000000
0x803F0F4C, 0x60000000
0x803F0F34, 0x3A10003C
0x803F0F3C, 0x3E20411E
0x803F0F44, 0x62317E26
0x803F0F4C, 0x3E40C080
0x803F0F34, 0x62520A90
0x803F0F3C, 0x3E6040BF
0x803F0F44, 0x6273FA22
0x803F0F4C, 0x3E804117
0x803F0F34, 0x629440FA
0x803F0F3C, 0x3EA0C0DC
0x803F0F44, 0x62B5D2BE
0x803F0F4C, 0x3EC040AF
0x803F0F34, 0x62D659F6
0x803F0F3C, 0x3EE04136
0x803F0F44, 0x62F704C0
0x803F0F4C, 0x3F00C07F
0x803F0F34, 0x6318F689
0x803F0F3C, 0x3F204055
0x803F0F44, 0x63399802
0x803F0F4C, 0x3F4040DF
0x803F0F34, 0x635A606C
0x803F0F3C, 0x3F603F89
0x803F0F44, 0x637B7C3A
0x803F0F4C, 0x3F8040EA
0x803F0F34, 0x639C11E6
0x803F0F3C, 0x3FA040E5
0x803F0F44, 0x63BDBEAD
0x803F0F4C, 0x3FC03FFC
0x803F0F34, 0x63DE693D
0x803F0F3C, 0x3FE040C6
0x803F0F44, 0x63FF6D7C
0x803F0F4C, 0xBE300000
0x803F0F34, 0x60000000
0x803F0F3C, 0x60000000
0x803F0F44, 0x60000000
0x803F0F4C, 0x60000000
0x803F0F34, 0x3A10003C
0x803F0F3C, 0x3E20411B
0x803F0F44, 0x6231392E
0x803F0F4C, 0x3E403F89
0x803F0F34, 0x6252DD29
0x803F0F3C, 0x3E6040B0
0x803F0F44, 0x6273EB3E
0x803F0F4C, 0x3E804119
0x803F0F34, 0x62946E3A
0x803F0F3C, 0x3EA03FFC
0x803F0F44, 0x62B5B997
0x803F0F4C, 0x3EC0409B
0x803F0F34, 0x62D668B2
0x803F0F3C, 0x3EE0412E
0x803F0F44, 0x62F74910
0x803F0F4C, 0x3F003F8A
0x803F0F34, 0x63180735
0x803F0F3C, 0x3F204047
0x803F0F44, 0x6339670E
0x803F0F4C, 0x3F404125
0x803F0F34, 0x635A9F35
0x803F0F3C, 0x3F603FFC
0x803F0F44, 0x637BD2BA
0x803F0F4C, 0x3F804030
0x803F0F34, 0x639C089A
0x803F0F3C, 0x3FA04136
0x803F0F44, 0x63BD0E4A
0x803F0F4C, 0x3FC03F8A
0x803F0F34, 0x63DE18AD
0x803F0F3C, 0x3FE03F22
0x803F0F44, 0x63FFE85D
0x803F0F4C, 0xBE300000
0x803F0F34, 0x60000000
0x803F0F3C, 0x60000000
0x803F0F44, 0x60000000
0x803F0F4C, 0x60000000
0x803F0F34, 0x3A10003C
0x803F0F3C, 0x3E20412A
0x803F0F44, 0x62317438
0x803F0F4C, 0x3E403FFC
0x803F0F34, 0x6252DCFD
0x803F0F3C, 0x3E603F22
0x803F0F44, 0x62739AC5
0x803F0F4C, 0x3E80411E
0x803F0F34, 0x6294D019
0x803F0F3C, 0x3EA0BF1B
0x803F0F44, 0x62B5E4C2
0x803F0F4C, 0x3EC040C1
0x803F0F34, 0x62D6780A
0x803F0F3C, 0x3EE04137
0x803F0F44, 0x62F7EA13
0x803F0F4C, 0x3F00BF1B
0x803F0F34, 0x631861E0
0x803F0F3C, 0x3F204059
0x803F0F44, 0x633970CA
0x803F0F4C, 0x3F404140
0x803F0F34, 0x635A1134
0x803F0F3C, 0x3F60BF1B
0x803F0F44, 0x637B382F
0x803F0F4C, 0x3F803F23
0x803F0F34, 0x639C1209
0x803F0F3C, 0x3FA0413F
0x803F0F44, 0x63BD7AEE
0x803F0F4C, 0x3FC0C07F
0x803F0F34, 0x63DEEA3A
0x803F0F3C, 0x3FE03F21
0x803F0F44, 0x63FF40A8
0x803F0F4C, 0xBE300000
0x803F0F34, 0x60000000
0x803F0F3C, 0x60000000
0x803F0F44, 0x60000000
0x803F0F4C, 0x60000000
0x803F0F34, 0x3A10003C
0x803F0F3C, 0x3E20412A
0x803F0F44, 0x6231C88C
0x803F0F4C, 0x3E40C0DB
0x803F0F34, 0x6252C5FA
0x803F0F3C, 0x3E604043
0x803F0F44, 0x627323BB
0x803F0F4C, 0x3E804133
0x803F0F34, 0x62943379
0x803F0F3C, 0x3EA0C0DB
0x803F0F44, 0x62B5527A
0x803F0F4C, 0x3EC03F1F
0x803F0F34, 0x62D6F13B
0x803F0F3C, 0x3EE04118
0x803F0F44, 0x62F7451E
0x803F0F4C, 0x3F00C10C
0x803F0F34, 0x631864EB
0x803F0F3C, 0x3F20403E
0x803F0F44, 0x6339052C
0x803F0F4C, 0x3F404120
0x803F0F34, 0x635A8970
0x803F0F3C, 0x3F60C10C
0x803F0F44, 0x637B015C
0x803F0F4C, 0x3F803F1F
0x803F0F34, 0x639C8B73
0x803F0F3C, 0x3FA0412E
0x803F0F44, 0x63BD6136
0x803F0F4C, 0x3FC03F8A
0x803F0F34, 0x63DE0782
0x803F0F3C, 0x3FE0C025
0x803F0F44, 0x63FF5F80
0x803F0F4C, 0xBE300000
0x803F0F34, 0x60000000
0x803F0F3C, 0x60000000
0x803F0F44, 0x60000000
0x803F0F4C, 0x60000000
0x803F0F34, 0x3A10003C
0x803F0F3C, 0x3E204138
0x803F0F44, 0x6231052E
0x803F0F4C, 0x3E40BF1B
0x803F0F34, 0x62526164
0x803F0F3C, 0x3E60C040
0x803F0F44, 0x6273186E
0x803F0F4C, 0x3E80411B
0x803F0F34, 0x6294689E
0x803F0F3C, 0x3EA03F89
0x803F0F44, 0x62B5DDBC
0x803F0F4C, 0x3EC0C0B5
0x803F0F34, 0x62D67AA0
0x803F0F3C, 0x3EE0411F
0x803F0F44, 0x62F7048A
0x803F0F4C, 0x3F00BF1B
0x803F0F34, 0x6318E2D1
0x803F0F3C, 0x3F20C0CA
0x803F0F44, 0x6339A7AF
0x803F0F4C, 0x3F4040DF
0x803F0F34, 0x635AF66A
0x803F0F3C, 0x3F60BF1C
0x803F0F44, 0x637BD785
0x803F0F4C, 0x3F80C0FB
0x803F0F34, 0x639C2045
0x803F0F3C, 0x3FA0411E
0x803F0F44, 0x63BDB212
0x803F0F4C, 0x3FC0C080
0x803F0F34, 0x63DE0A4D
0x803F0F3C, 0x3FE0C0C8
0x803F0F44, 0x63FF548D
0x803F0F4C, 0xBE300000
0x803F0F34, 0x60000000
0x803F0F3C, 0x60000000
0x803F0F44, 0x60000000
0x803F0F4C, 0x60000000
0x803F0F34, 0x3A10003C
0x803F0F3C, 0x3E204125
0x803F0F44, 0x6231B4DE
0x803F0F4C, 0x3E403FFC
0x803F0F34, 0x6252D2C5
0x803F0F3C, 0x3E60C003
0x803F0F44, 0x627327D9
0x803F0F4C, 0x3E804119
0x803F0F34, 0x62949972
0x803F0F3C, 0x3EA03FFC
0x803F0F44, 0x62B5BA54
0x803F0F4C, 0x3EC0C096
0x803F0F34, 0x62D64F55
0x803F0F3C, 0x3EE040E6
0x803F0F44, 0x62F730F9
0x803F0F4C, 0x3F003FFC
0x803F0F34, 0x631869FC
0x803F0F3C, 0x3F20C0BD
0x803F0F44, 0x6339E849
0x803F0F4C, 0x3F4040DF
0x803F0F34, 0x635ADEA9
0x803F0F3C, 0x3F603F89
0x803F0F44, 0x637B7D23
0x803F0F4C, 0x3F80C0E0
0x803F0F34, 0x639C5A8E
0x803F0F3C, 0x3FA04070
0x803F0F44, 0x63BDB5E5
0x803F0F4C, 0x3FC03F89
0x803F0F34, 0x63DE0A27
0x803F0F3C, 0x3FE0C0F8
0x803F0F44, 0x63FF3DE4
0x803F0F4C, 0xBE300000
0x803F0F34, 0x60000000
0x803F0F3C, 0x60000000
0x803F0F44, 0x60000000
0x803F0F4C, 0x60000000
0x803F0F34, 0x3A10003C
0x803F0F3C, 0x3E20C061
0x803F0F44, 0x6231A976
0x803F0F4C, 0x3E404015
0x803F0F34, 0x6252E637
0x803F0F3C, 0x3E60C050
0x803F0F44, 0x62732C6F
0x803F0F4C, 0x3E80BF69
0x803F0F34, 0x6294130E
0x803F0F3C, 0x3EA04049
0x803F0F44, 0x62B505EF
0x803F0F4C, 0x3EC0C056
0x803F0F34, 0x62D6D56A
0x803F0F3C, 0x3EE0BF6A
0x803F0F44, 0x62F72FBE
0x803F0F4C, 0x3F004049
0x803F0F34, 0x631805F3
0x803F0F3C, 0x3F203E66
0x803F0F44, 0x6339D554
0x803F0F4C, 0x3F404072
0x803F0F34, 0x635A8F86
0x803F0F3C, 0x3F604049
0x803F0F44, 0x637B05EF
0x803F0F4C, 0x3F80C051
0x803F0F34, 0x639CF15D
0x803F0F3C, 0x3FA04072
0x803F0F44, 0x63BD4A0A
0x803F0F4C, 0x3FC04049
0x803F0F34, 0x63DE05F3
0x803F0F3C, 0x3FE03E5E
0x803F0F44, 0x63FF86D1
0x803F0F4C, 0xBE300000
0x803F0F34, 0x60000000
0x803F0F3C, 0x60000000
0x803F0F44, 0x60000000
0x803F0F4C, 0x60000000
0x803F0F34, 0x3A10003C
0x803F0F3C, 0x3E2040E6
0x803F0F44, 0x623105D1
0x803F0F4C, 0x3E404049
0x803F0F34, 0x625205EF
0x803F0F3C, 0x3E60C02D
0x803F0F44, 0x62739463
0x803F0F4C, 0x3E8040E5
0x803F0F34, 0x6294E682
0x803F0F3C, 0x3EA04049
0x803F0F44, 0x62B505F3
0x803F0F4C, 0x3EC03F1D
0x803F0F34, 0x62D6C3C0
0x803F0F3C, 0x3EE04125
0x803F0F44, 0x62F7AFD5
0x803F0F4C, 0x3F004049
0x803F0F34, 0x631805EE
0x803F0F3C, 0x3F20C003
0x803F0F44, 0x633927F9
0x803F0F4C, 0x3F40412A
0x803F0F34, 0x635A6F36
0x803F0F3C, 0x3F604049
0x803F0F44, 0x637B05F3
0x803F0F4C, 0x3F803F22
0x803F0F34, 0x639C9A51
0x803F0F3C, 0x3FA0C061
0x803F0F44, 0x63BDA976
0x803F0F4C, 0x3FC04015
0x803F0F34, 0x63DEE63E
0x803F0F3C, 0x3FE03E67
0x803F0F44, 0x63FF48A9
0x803F0F4C, 0xBE300000
0x803F0F34, 0x60000000
0x803F0F3C, 0x60000000
0x803F0F44, 0x60000000
0x803F0F4C, 0x60000000
0x803F0F34, 0x3A10003C
0x803F0F3C, 0x3E20BF6B
0x803F0F44, 0x623137EB
0x803F0F4C, 0x3E404049
0x803F0F34, 0x625205F2
0x803F0F3C, 0x3E604062
0x803F0F44, 0x6273D770
0x803F0F4C, 0x3E80C061
0x803F0F34, 0x6294A976
0x803F0F3C, 0x3EA04015
0x803F0F44, 0x62B5E639
0x803F0F4C, 0x3EC04067
0x803F0F34, 0x62D6853C
0x803F0F3C, 0x3EE0BF6C
0x803F0F44, 0x62F7306E
0x803F0F4C, 0x3F004049
0x803F0F34, 0x631805F2
0x803F0F3C, 0x3F2040DE
0x803F0F44, 0x63394014
0x803F0F4C, 0x3F40C061
0x803F0F34, 0x635AA976
0x803F0F3C, 0x3F604015
0x803F0F44, 0x637BE642
0x803F0F4C, 0x3F8040E1
0x803F0F34, 0x639C3A71
0x803F0F3C, 0x3FA04072
0x803F0F44, 0x63BD0CB7
0x803F0F4C, 0x3FC04049
0x803F0F34, 0x63DE05F2
0x803F0F3C, 0x3FE04052
0x803F0F44, 0x63FFD692
0x803F0F4C, 0xBE300000
0x803F0F34, 0x60000000
0x803F0F3C, 0x60000000
0x803F0F44, 0x60000000
0x803F0F4C, 0x60000000
0x803F0F34, 0x3A10003C
0x803F0F3C, 0x3E204071
0x803F0F44, 0x6231D207
0x803F0F4C, 0x3E404049
0x803F0F34, 0x625205F2
0x803F0F3C, 0x3E6040D1
0x803F0F44, 0x62730C7C
0x803F0F4C, 0x3E8040E5
0x803F0F34, 0x6294CC5E
0x803F0F3C, 0x3EA04049
0x803F0F44, 0x62B505F2
0x803F0F4C, 0x3EC04059
0x803F0F34, 0x62D64FF9
0x803F0F3C, 0x3EE04125
0x803F0F44, 0x62F79A2C
0x803F0F4C, 0x3F004049
0x803F0F34, 0x631805F2
0x803F0F3C, 0x3F204030
0x803F0F44, 0x6339087E
0x803F0F4C, 0x3F404119
0x803F0F34, 0x635A6936
0x803F0F3C, 0x3F604049
0x803F0F44, 0x637B05ED
0x803F0F4C, 0x3F80409B
0x803F0F34, 0x639C68A3
0x803F0F3C, 0x3FA040E5
0x803F0F44, 0x63BDB4A6
0x803F0F4C, 0x3FC04049
0x803F0F34, 0x63DE05F2
0x803F0F3C, 0x3FE040C6
0x803F0F44, 0x63FF6D6C
0x803F0F4C, 0xBE300000
0x803F0F34, 0x60000000
0x803F0F3C, 0x60000000
0x803F0F44, 0x60000000
0x803F0F4C, 0x60000000
0x803F0F34, 0x3A10003C
0x803F0F3C, 0x3E204118
0x803F0F44, 0x62315B96
0x803F0F4C, 0x3E40C10C
0x803F0F34, 0x625264EB
0x803F0F3C, 0x3E60C015
0x803F0F44, 0x62736532
0x803F0F4C, 0x3E8040D8
0x803F0F34, 0x6294D6EB
0x803F0F3C, 0x3EA0C12E
0x803F0F44, 0x62B5EEAC
0x803F0F4C, 0x3EC03F1B
0x803F0F34, 0x62D6F1E0
0x803F0F3C, 0x3EE0412A
0x803F0F44, 0x62F7E018
0x803F0F4C, 0x3F00C0DB
0x803F0F34, 0x6318C5FA
0x803F0F3C, 0x3F20C020
0x803F0F44, 0x6339A82B
0x803F0F4C, 0x3F404136
0x803F0F34, 0x635A1F48
0x803F0F3C, 0x3F60C07F
0x803F0F44, 0x637BF62F
0x803F0F4C, 0x3F80C03B
0x803F0F34, 0x639C837C
0x803F0F3C, 0x3FA040D8
0x803F0F44, 0x63BDC08E
0x803F0F4C, 0x3FC0C12B
0x803F0F34, 0x63DEFD03
0x803F0F3C, 0x3FE0403F
0x803F0F44, 0x63FF8692
0x803F0F4C, 0xBE300000
0x803F0F34, 0x60000000
0x803F0F3C, 0x60000000
0x803F0F44, 0x60000000
0x803F0F4C, 0x60000000
0x803F0F34, 0x3A10003C
0x803F0F3C, 0x3E204107
0x803F0F44, 0x6231EA30
0x803F0F4C, 0x3E40C111
0x803F0F34, 0x62520CAE
0x803F0F3C, 0x3E60409A
0x803F0F44, 0x62739851
0x803F0F4C, 0x3E804119
0x803F0F34, 0x6294946A
0x803F0F3C, 0x3EA04049
0x803F0F44, 0x62B505F8
0x803F0F4C, 0x3EC0C096
0x803F0F34, 0x62D64F61
0x803F0F3C, 0x3EE040E6
0x803F0F44, 0x62F726EE
0x803F0F4C, 0x3F004049
0x803F0F34, 0x631805EB
0x803F0F3C, 0x3F20C0BD
0x803F0F44, 0x6339E85A
0x803F0F4C, 0x3F404072
0x803F0F34, 0x635AD66F
0x803F0F3C, 0x3F604049
0x803F0F44, 0x637B05EB
0x803F0F4C, 0x3F80C0D2
0x803F0F34, 0x639CA45D
0x803F0F3C, 0x3FA0BF67
0x803F0F44, 0x63BDF024
0x803F0F4C, 0x3FC04049
0x803F0F34, 0x63DE05EB
0x803F0F3C, 0x3FE0C0D8
0x803F0F44, 0x63FF353D
0x803F0F4C, 0xBE300000
0x803F0F34, 0x60000000
0x803F0F3C, 0x60000000
0x803F0F44, 0x60000000
0x803F0F4C, 0x60000000
0x803F0F34, 0x3A10003C
0x803F0F3C, 0x3E20C061
0x803F0F44, 0x6231A976
0x803F0F4C, 0x3E404015
0x803F0F34, 0x6252E637
0x803F0F3C, 0x3E60C0D5
0x803F0F44, 0x627339ED
0x803F0F4C, 0x3E80C061
0x803F0F34, 0x629491FB
0x803F0F3C, 0x3EA03FB6
0x803F0F44, 0x62B5DA05
0x803F0F4C, 0x3EC0C0D5
0x803F0F34, 0x62D639DE
0x803F0F3C, 0x3EE0C0F0
0x803F0F44, 0x62F72155
0x803F0F4C, 0x3F00C093
0x803F0F34, 0x6318E3C7
0x803F0F3C, 0x3F203E73
0x803F0F44, 0x633965FE
0x803F0F4C, 0x3F40C10B
0x803F0F34, 0x635AD796
0x803F0F3C, 0x3F603FFE
0x803F0F44, 0x637B2986
0x803F0F4C, 0x3F80C0A4
0x803F0F34, 0x639C2F79
0x803F0F3C, 0x3FA0C129
0x803F0F44, 0x63BDBF66
0x803F0F4C, 0x3FC03F85
0x803F0F34, 0x63DE4ADD
0x803F0F3C, 0x3FE0C046
0x803F0F44, 0x63FFB917
0x803F0F4C, 0xBE300000
0x803F0F34, 0x60000000
0x803F0F3C, 0x60000000
0x803F0F44, 0x60000000
0x803F0F4C, 0x60000000
0x803F0F34, 0x3A10003C
0x803F0F3C, 0x3E20C10C
0x803F0F44, 0x62310CEC
0x803F0F4C, 0x3E403F85
0x803F0F34, 0x62528B53
0x803F0F3C, 0x3E60C0C5
0x803F0F44, 0x62738208
0x803F0F4C, 0x3E80C130
0x803F0F34, 0x6294BE36
0x803F0F3C, 0x3EA0BF66
0x803F0F44, 0x62B551F1
0x803F0F4C, 0x3EC0C062
0x803F0F34, 0x62D6B08E
0x803F0F3C, 0x3EE0C10C
0x803F0F44, 0x62F7424C
0x803F0F4C, 0x3F00BF65
0x803F0F34, 0x6318B312
0x803F0F3C, 0x3F20C0DE
0x803F0F44, 0x63398F36
0x803F0F4C, 0x3F40C12C
0x803F0F34, 0x635ADC16
0x803F0F3C, 0x3F60C07C
0x803F0F44, 0x637B822F
0x803F0F4C, 0x3F80C069
0x803F0F34, 0x639CFA73
0x803F0F3C, 0x3FA0C109
0x803F0F44, 0x63BD7081
0x803F0F4C, 0x3FC0C07C
0x803F0F34, 0x63DE5B90
0x803F0F3C, 0x3FE0C0E5
0x803F0F44, 0x63FFEBAD
0x803F0F4C, 0xBE300000
0x803F0F34, 0x60000000
0x803F0F3C, 0x60000000
0x803F0F44, 0x60000000
0x803F0F4C, 0x60000000
0x803F0F34, 0x3A10003C
0x803F0F3C, 0x3E20C113
0x803F0F44, 0x6231FE83
0x803F0F4C, 0x3E40C0E1
0x803F0F34, 0x62520A74
0x803F0F3C, 0x3E60C050
0x803F0F44, 0x62730C3A
0x803F0F4C, 0x3E80C0F3
0x803F0F34, 0x629416C0
0x803F0F3C, 0x3EA0C0E1
0x803F0F44, 0x62B5CE4C
0x803F0F4C, 0x3EC0C0C6
0x803F0F34, 0x62D6735F
0x803F0F3C, 0x3EE0C0DF
0x803F0F44, 0x62F77D26
0x803F0F4C, 0x3F00C107
0x803F0F34, 0x631806F0
0x803F0F3C, 0x3F20C09B
0x803F0F44, 0x63393104
0x803F0F4C, 0x3F40C081
0x803F0F34, 0x635A1123
0x803F0F3C, 0x3F603FFE
0x803F0F44, 0x637B8D35
0x803F0F4C, 0x3F80C0CB
0x803F0F34, 0x639CCC38
0x803F0F3C, 0x3FA0C0AC
0x803F0F44, 0x63BD7AA4
0x803F0F4C, 0x3FC03F86
0x803F0F34, 0x63DE05C7
0x803F0F3C, 0x3FE0C0F4
0x803F0F44, 0x63FF9262
0x803F0F4C, 0xBE300000
0x803F0F34, 0x60000000
0x803F0F3C, 0x60000000
0x803F0F44, 0x60000000
0x803F0F4C, 0x60000000
0x803F0F34, 0x3A10003C
0x803F0F3C, 0x3E20BDF5
0x803F0F44, 0x6231147F
0x803F0F4C, 0x3E403FE3
0x803F0F34, 0x6252EEA5
0x803F0F3C, 0x3E60C0E3
0x803F0F44, 0x6273C161
0x803F0F4C, 0x3E803F26
0x803F0F34, 0x62940D24
0x803F0F3C, 0x3EA03F8F
0x803F0F44, 0x62B50AF2
0x803F0F4C, 0x3EC0C107
0x803F0F34, 0x62D6854D
0x803F0F3C, 0x3EE0C0A0
0x803F0F44, 0x62F7976A
0x803F0F4C, 0x3F00BF64
0x803F0F34, 0x6318A2D4
0x803F0F3C, 0x3F20C10A
0x803F0F44, 0x633921A3
0x803F0F4C, 0x3F403F26
0x803F0F34, 0x635AE42A
0x803F0F3C, 0x3F60BF5A
0x803F0F44, 0x637B9ABB
0x803F0F4C, 0x3F80C118
0x803F0F34, 0x639C5797
0x803F0F3C, 0x3FA0C09F
0x803F0F44, 0x63BDDFE1
0x803F0F4C, 0x3FC0C07C
0x803F0F34, 0x63DE1A74
0x803F0F3C, 0x3FE0C10F
0x803F0F44, 0x63FF46CD
0x803F0F4C, 0xBE300000
0x803F0F34, 0x60000000
0x803F0F3C, 0x60000000
0x803F0F44, 0x60000000
0x803F0F4C, 0x60000000
0x803F0F34, 0x3A10003C
0x803F0F3C, 0x3E203F27
0x803F0F44, 0x6231D6D8
0x803F0F4C, 0x3E40C07C
0x803F0F34, 0x6252BD64
0x803F0F3C, 0x3E60C11D
0x803F0F44, 0x6273CF4C
0x803F0F4C, 0x3E80C08E
0x803F0F34, 0x62940295
0x803F0F3C, 0x3EA0C0E2
0x803F0F44, 0x62B54864
0x803F0F4C, 0x3EC0C103
0x803F0F34, 0x62D67888
0x803F0F3C, 0x3EE03F65
0x803F0F44, 0x62F713D7
0x803F0F4C, 0x3F00C0E0
0x803F0F34, 0x631804EB
0x803F0F3C, 0x3F20C111
0x803F0F44, 0x63394C07
0x803F0F4C, 0x3F40C063
0x803F0F34, 0x635A211D
0x803F0F3C, 0x3F60C119
0x803F0F44, 0x637BB3F8
0x803F0F4C, 0x3F80C0B8
0x803F0F34, 0x639C870F
0x803F0F3C, 0x3FA03FB6
0x803F0F44, 0x63BD8145
0x803F0F4C, 0x3FC0C124
0x803F0F34, 0x63DE384A
0x803F0F3C, 0x3FE0C0CE
0x803F0F44, 0x63FFC894
0x803F0F4C, 0xBE300000
0x803F0F34, 0x60000000
0x803F0F3C, 0x60000000
0x803F0F44, 0x60000000
0x803F0F4C, 0x60000000
0x803F0F34, 0x3A10003C
0x803F0F3C, 0x3E20C03B
0x803F0F44, 0x62313600
0x803F0F4C, 0x3E40C132
0x803F0F34, 0x62527E1F
0x803F0F3C, 0x3E60C031
0x803F0F44, 0x6273BA15
0x803F0F4C, 0x3E803FD8
0x803F0F34, 0x62945EE6
0x803F0F3C, 0x3EA0C139
0x803F0F44, 0x62B51619
0x803F0F4C, 0x3EC0C049
0x803F0F34, 0x62D6FFFA
0x803F0F3C, 0x3EE0C0DD
0x803F0F44, 0x62F737A4
0x803F0F4C, 0x3F00C11E
0x803F0F34, 0x631862BE
0x803F0F3C, 0x3F20C038
0x803F0F44, 0x6339D94F
0x803F0F4C, 0x3F40C0E0
0x803F0F34, 0x635AA655
0x803F0F3C, 0x3F60C122
0x803F0F44, 0x637B7FA0
0x803F0F4C, 0x3F803E5D
0x803F0F34, 0x639CD5B1
0x803F0F3C, 0x3FA0C11D
0x803F0F44, 0x63BD2F9E
0x803F0F4C, 0x3FC0C0E0
0x803F0F34, 0x63DEC63B
0x803F0F3C, 0x3FE03E5A
0x803F0F44, 0x63FF86BF
0x803F0F4C, 0xBE300000
0x803F0F34, 0x60000000
0x803F0F3C, 0x60000000
0x803F0F44, 0x60000000
0x803F0F4C, 0x60000000
0x803F0F34, 0x3A10003C
0x803F0F3C, 0x3E20C0DD
0x803F0F44, 0x62317102
0x803F0F4C, 0x3E40C11E
0x803F0F34, 0x62526256
0x803F0F3C, 0x3E604055
0x803F0F44, 0x62732559
0x803F0F4C, 0x3E80C114
0x803F0F34, 0x62941E06
0x803F0F3C, 0x3EA0C0E1
0x803F0F44, 0x62B50940
0x803F0F4C, 0x3EC04063
0x803F0F34, 0x62D6A0CE
0x803F0F3C, 0x3EE0C0DF
0x803F0F44, 0x62F7DB9A
0x803F0F4C, 0x3F00C107
0x803F0F34, 0x63180606
0x803F0F3C, 0x3F2040A9
0x803F0F44, 0x63396058
0x803F0F4C, 0x3F40C0F3
0x803F0F34, 0x635A8E41
0x803F0F3C, 0x3F60C0E1
0x803F0F44, 0x637BCBE7
0x803F0F4C, 0x3F8040D2
0x803F0F34, 0x639CC560
0x803F0F3C, 0x3FA0C035
0x803F0F44, 0x63BDB6C4
0x803F0F4C, 0x3FC0C135
0x803F0F34, 0x63DE5B72
0x803F0F3C, 0x3FE03E62
0x803F0F44, 0x63FFA7D9
0x803F0F4C, 0xBE300000
0x803F0F34, 0x60000000
0x803F0F3C, 0x60000000
0x803F0F44, 0x60000000
0x803F0F4C, 0x60000000
0x803F0F34, 0x3A10003C
0x803F0F3C, 0x3E203FDC
0x803F0F44, 0x62319731
0x803F0F4C, 0x3E40C13B
0x803F0F34, 0x6252EFAE
0x803F0F3C, 0x3E603DA8
0x803F0F44, 0x62739368
0x803F0F4C, 0x3E80C03B
0x803F0F34, 0x6294A5C6
0x803F0F3C, 0x3EA0C132
0x803F0F44, 0x62B57DA8
0x803F0F4C, 0x3EC0404F
0x803F0F34, 0x62D60234
0x803F0F3C, 0x3EE03FD7
0x803F0F44, 0x62F76C16
0x803F0F4C, 0x3F00C139
0x803F0F34, 0x6318161E
0x803F0F3C, 0x3F20405E
0x803F0F44, 0x633992E4
0x803F0F4C, 0x3F403FB4
0x803F0F34, 0x635A9CD4
0x803F0F3C, 0x3F60C124
0x803F0F44, 0x637B37DA
0x803F0F4C, 0x3F8040D8
0x803F0F34, 0x639C894F
0x803F0F3C, 0x3FA0C064
0x803F0F44, 0x63BD0100
0x803F0F4C, 0x3FC0C119
0x803F0F34, 0x63DEB386
0x803F0F3C, 0x3FE040C9
0x803F0F44, 0x63FF0023
0x803F0F4C, 0xBE300000
0x803F0F34, 0x60000000
0x803F0F3C, 0x60000000
0x803F0F44, 0x60000000
0x803F0F4C, 0x60000000
0x803F0F34, 0x3A10003C
0x803F0F3C, 0x3E20C08E
0x803F0F44, 0x6231A027
0x803F0F4C, 0x3E40C0E2
0x803F0F34, 0x62524653
0x803F0F3C, 0x3E60410B
0x803F0F44, 0x6273E035
0x803F0F4C, 0x3E803F5F
0x803F0F34, 0x6294C654
0x803F0F3C, 0x3EA0C0E0
0x803F0F44, 0x62B503EB
0x803F0F4C, 0x3EC04117
0x803F0F34, 0x62D6C59C
0x803F0F3C, 0x3EE0C0A0
0x803F0F44, 0x62F78BE7
0x803F0F4C, 0x3F00C07C
0x803F0F34, 0x631815F6
0x803F0F3C, 0x3F204118
0x803F0F44, 0x6339F522
0x803F0F4C, 0x3F403F22
0x803F0F34, 0x635A13E4
0x803F0F3C, 0x3F60C07C
0x803F0F44, 0x637BBAFC
0x803F0F4C, 0x3F804124
0x803F0F34, 0x639CC2E8
0x803F0F3C, 0x3FA0C0A1
0x803F0F44, 0x63BD3D98
0x803F0F4C, 0x3FC0BF64
0x803F0F34, 0x63DE91FB
0x803F0F3C, 0x3FE04113
0x803F0F44, 0x63FFD290
0x803F0F4C, 0xBE300000
0x803F0F34, 0x60000000
0x803F0F3C, 0x60000000
0x803F0F44, 0x60000000
0x803F0F4C, 0x60000000
0x803F0F34, 0x3A10003C
0x803F0F3C, 0x3E20C109
0x803F0F44, 0x6231B49D
0x803F0F4C, 0x3E40C07C
0x803F0F34, 0x6252568C
0x803F0F3C, 0x3E6040EF
0x803F0F44, 0x62730304
0x803F0F4C, 0x3E80C10C
0x803F0F34, 0x6294840E
0x803F0F3C, 0x3EA0BF65
0x803F0F44, 0x62B59EDE
0x803F0F4C, 0x3EC040E6
0x803F0F34, 0x62D6FFF6
0x803F0F3C, 0x3EE0C10C
0x803F0F44, 0x62F747C6
0x803F0F4C, 0x3F003F85
0x803F0F34, 0x631894E7
0x803F0F3C, 0x3F2040CE
0x803F0F44, 0x63396649
0x803F0F4C, 0x3F40C12C
0x803F0F34, 0x635AFED4
0x803F0F3C, 0x3F60C07C
0x803F0F44, 0x637B7F4B
0x803F0F4C, 0x3F804075
0x803F0F34, 0x639CB8CB
0x803F0F3C, 0x3FA0C130
0x803F0F44, 0x63BDE006
0x803F0F4C, 0x3FC0BF66
0x803F0F34, 0x63DE477B
0x803F0F3C, 0x3FE0406D
0x803F0F44, 0x63FFB210
0x803F0F4C, 0xBE300000
0x803F0F34, 0x60000000
0x803F0F3C, 0x60000000
0x803F0F44, 0x60000000
0x803F0F4C, 0x60000000
0x803F0F34, 0x3A10003C
0x803F0F3C, 0x3E20C129
0x803F0F44, 0x6231DD0A
0x803F0F4C, 0x3E403F85
0x803F0F34, 0x62524FB4
0x803F0F3C, 0x3E604055
0x803F0F44, 0x62732370
0x803F0F4C, 0x3E80C125
0x803F0F34, 0x6294021A
0x803F0F3C, 0x3EA03FFD
0x803F0F44, 0x62B5FA8F
0x803F0F4C, 0x3EC04035
0x803F0F34, 0x62D68A22
0x803F0F3C, 0x3EE0C10C
0x803F0F44, 0x62F70C00
0x803F0F4C, 0x3F003FFE
0x803F0F34, 0x631830F2
0x803F0F3C, 0x3F2040AE
0x803F0F44, 0x6339C00C
0x803F0F4C, 0x3F40C136
0x803F0F34, 0x635A83BA
0x803F0F3C, 0x3F60C07C
0x803F0F44, 0x637B8B72
0x803F0F4C, 0x3F803E58
0x803F0F34, 0x639CA083
0x803F0F3C, 0x3FA0C13A
0x803F0F44, 0x63BD7598
0x803F0F4C, 0x3FC0BF66
0x803F0F34, 0x63DE773E
0x803F0F3C, 0x3FE03E58
0x803F0F44, 0x63FF4447
0x803F0F4C, 0xBE300000
0x803F0F34, 0x60000000
0x803F0F3C, 0x60000000
0x803F0F44, 0x60000000
0x803F0F4C, 0x60000000
0x803F0F34, 0x3A10003C
0x803F0F3C, 0x3E20C131
0x803F0F44, 0x6231ABC2
0x803F0F4C, 0x3E403F85
0x803F0F34, 0x62523B7E
0x803F0F3C, 0x3E603E59
0x803F0F44, 0x62734C8C
0x803F0F4C, 0x3E80C12B
0x803F0F34, 0x62949B88
0x803F0F3C, 0x3EA03FFD
0x803F0F44, 0x62B5EAFF
0x803F0F4C, 0x3EC03E5A
0x803F0F34, 0x62D68EBB
0x803F0F3C, 0x3EE0C124
0x803F0F44, 0x62F7E762
0x803F0F4C, 0x3F003FFD
0x803F0F34, 0x6318F6CC
0x803F0F3C, 0x3F20C022
0x803F0F44, 0x63393CA7
0x803F0F4C, 0x3F40BDF8
0x803F0F34, 0x635A2880
0x803F0F3C, 0x3F60402F
0x803F0F44, 0x637BA044
0x803F0F4C, 0x3F804075
0x803F0F34, 0x639CAA49
0x803F0F3C, 0x3FA0C081
0x803F0F44, 0x63BDA02C
0x803F0F4C, 0x3FC0404E
0x803F0F34, 0x63DEC33F
0x803F0F3C, 0x3FE040DF
0x803F0F44, 0x63FF267A
0x803F0F4C, 0xBE300000
0x803F0F34, 0x60000000
0x803F0F3C, 0x60000000
0x803F0F44, 0x60000000
0x803F0F4C, 0x60000000
0x803F0F34, 0x3A10003C
0x803F0F3C, 0x3E20C081
0x803F0F44, 0x6231819B
0x803F0F4C, 0x3E40404E
0x803F0F34, 0x6252C33F
0x803F0F3C, 0x3E604066
0x803F0F44, 0x6273239B
0x803F0F4C, 0x3E80C10C
0x803F0F34, 0x62941144
0x803F0F3C, 0x3EA0404E
0x803F0F44, 0x62B5C321
0x803F0F4C, 0x3EC040AE
0x803F0F34, 0x62D6BFF0
0x803F0F3C, 0x3EE0C125
0x803F0F44, 0x62F7075E
0x803F0F4C, 0x3F00404E
0x803F0F34, 0x6318C33F
0x803F0F3C, 0x3F204035
0x803F0F44, 0x63398A06
0x803F0F4C, 0x3F40BDF8
0x803F0F34, 0x635A2880
0x803F0F3C, 0x3F60402F
0x803F0F44, 0x637BA04D
0x803F0F4C, 0x3F803E65
0x803F0F34, 0x639C8DE7
0x803F0F3C, 0x3FA0C081
0x803F0F44, 0x63BD6003
0x803F0F4C, 0x3FC0404E
0x803F0F34, 0x63DEC33B
0x803F0F3C, 0x3FE03E5F
0x803F0F44, 0x63FFEA06
0x803F0F4C, 0xBE300000
0x803F0F34, 0x60000000
0x803F0F3C, 0x60000000
0x803F0F44, 0x60000000
0x803F0F4C, 0x60000000
0x803F0F34, 0x3A10003C
0x803F0F3C, 0x3E20BDF8
0x803F0F44, 0x62312880
0x803F0F4C, 0x3E40402F
0x803F0F34, 0x6252A04E
0x803F0F3C, 0x3E60C05E
0x803F0F44, 0x6273E65B
0x803F0F4C, 0x3E80C081
0x803F0F34, 0x62943F8A
0x803F0F3C, 0x3EA0404E
0x803F0F44, 0x62B5C338
0x803F0F4C, 0x3EC0C043
0x803F0F34, 0x62D63204
0x803F0F3C, 0x3EE0BDF8
0x803F0F44, 0x62F72774
0x803F0F4C, 0x3F00402F
0x803F0F34, 0x6318A03A
0x803F0F3C, 0x3F20C0E3
0x803F0F44, 0x6339C174
0x803F0F4C, 0x3F40C081
0x803F0F34, 0x635A1BB2
0x803F0F3C, 0x3F60404E
0x803F0F44, 0x637BC330
0x803F0F4C, 0x3F80C0CB
0x803F0F34, 0x639CCC51
0x803F0F3C, 0x3FA0C12B
0x803F0F44, 0x63BDA0CE
0x803F0F4C, 0x3FC0404E
0x803F0F34, 0x63DEC33B
0x803F0F3C, 0x3FE03E5A
0x803F0F44, 0x63FF8CEA
0x803F0F4C, 0xBE300000
0x803F0F34, 0x60000000
0x803F0F3C, 0x60000000
0x803F0F44, 0x60000000
0x803F0F4C, 0x60000000
0x803F0F34, 0x3A10003C
0x803F0F3C, 0x3E20C124
0x803F0F44, 0x6231ECA5
0x803F0F4C, 0x3E40404E
0x803F0F34, 0x6252C338
0x803F0F3C, 0x3E60C022
0x803F0F44, 0x62733CC4
0x803F0F4C, 0x3E80C10B
0x803F0F34, 0x6294DCD7
0x803F0F3C, 0x3EA0404E
0x803F0F44, 0x62B5C33C
0x803F0F4C, 0x3EC0C0A4
0x803F0F34, 0x62D62F94
0x803F0F3C, 0x3EE0C081
0x803F0F44, 0x62F795A7
0x803F0F4C, 0x3F003FFE
0x803F0F34, 0x631893E7
0x803F0F3C, 0x3F2040DF
0x803F0F44, 0x63392696
0x803F0F4C, 0x3F403F21
0x803F0F34, 0x635A185D
0x803F0F3C, 0x3F603F8F
0x803F0F44, 0x637B0ED8
0x803F0F4C, 0x3F80410D
0x803F0F34, 0x639CEBBF
0x803F0F3C, 0x3FA0C0AD
0x803F0F44, 0x63BD0E56
0x803F0F4C, 0x3FC03F86
0x803F0F34, 0x63DE0D17
0x803F0F3C, 0x3FE04103
0x803F0F44, 0x63FFF877
0x803F0F4C, 0xBE300000
0x803F0F34, 0x60000000
0x803F0F3C, 0x60000000
0x803F0F44, 0x60000000
0x803F0F4C, 0x60000000
0x803F0F34, 0x3A10003C
0x803F0F3C, 0x3E203F21
0x803F0F44, 0x62315326
0x803F0F4C, 0x3E40BF5A
0x803F0F34, 0x6252918E
0x803F0F3C, 0x3E60411F
0x803F0F44, 0x62732845
0x803F0F4C, 0x3E80BDF5
0x803F0F34, 0x62941505
0x803F0F3C, 0x3EA03FE3
0x803F0F44, 0x62B5EEB8
0x803F0F4C, 0x3EC040EF
0x803F0F34, 0x62D67D15
0x803F0F3C, 0x3EE0410B
0x803F0F44, 0x62F7C8B3
0x803F0F4C, 0x3F00C07C
0x803F0F34, 0x6318BC8C
0x803F0F3C, 0x3F203E8A
0x803F0F44, 0x633913FE
0x803F0F4C, 0x3F40BDF8
0x803F0F34, 0x635A2907
0x803F0F3C, 0x3F60402F
0x803F0F44, 0x637BA04B
0x803F0F4C, 0x3F8040EF
0x803F0F34, 0x639C7D07
0x803F0F3C, 0x3FA04D6F
0x803F0F44, 0x63BD6465
0x803F0F4C, 0x3FC06C20
0x803F0F34, 0x63DE6D61
0x803F0F3C, 0x3FE06465
0x803F0F44, 0x63FF2077
0x803F0F4C, 0xBE300000
0x803F0F34, 0x60000000
0x803F0F3C, 0x60000000
0x803F0F44, 0x60000000
0x803F0F4C, 0x60000000
0x803F0F34, 0x3A10003C
0x803F0F3C, 0x3E206974
0x803F0F44, 0x62316820
0x803F0F4C, 0x3E40FE8C
0x803F0F34, 0x6252D3A8
0x803F0F3C, 0x3E602E20
0x803F0F44, 0x62733A50
0x803F0F4C, 0x3E80EB9C
0x803F0F34, 0x629410BA
0x803F0F3C, 0x3EA0FF78
0x803F0F44, 0x62B5FEF3
0x803F0F4C, 0x3EC03FFD
0x803F0F34, 0x62D63A27
0x803F0F3C, 0x3EE0FF35
0x803F0F44, 0x62F71AB8
0x803F0F4C, 0x3F000167
0x803F0F34, 0x63182C07
0x803F0F3C, 0x3F202E6E
0x803F0F44, 0x63393911
0x803F0F4C, 0x3F401380
0x803F0F34, 0x635A156E
0x803F0F3C, 0x3F6038D5
0x803F0F44, 0x637B1D6D
0x803F0F4C, 0x3F800075
0x803F0F34, 0x639CFD62
0x803F0F3C, 0x3FA0C00E
0x803F0F44, 0x63BD0000
0x803F0F4C, 0x3FC03A14
0x803F0F34, 0x63DEE51E
0x803F0F3C, 0x3FE00022
0x803F0F44, 0x63FFFE8D
0x803F0F4C, 0xBE300000
0x803F0F34, 0x60000000
0x803F0F3C, 0x60000000
0x803F0F44, 0x60000000
0x803F0F4C, 0x60000000
0x803F0F34, 0x3A10003C
0x803F0F3C, 0x3E20D3A8
0x803F0F44, 0x6231D1E0
0x803F0F4C, 0x3E403A54
0x803F0F34, 0x6252EBB6
0x803F0F3C, 0x3E60EF34
0x803F0F44, 0x6273FF78
0x803F0F4C, 0x3E80FEF3
0x803F0F34, 0x6294C003
0x803F0F3C, 0x3EA03A3A
0x803F0F44, 0x62B5FE33
0x803F0F4C, 0x3EC0E580
0x803F0F34, 0x62D60167
0x803F0F3C, 0x3EE02C07
0x803F0F44, 0x62F7D192
0x803F0F4C, 0x3F00394C
0x803F0F34, 0x631813B5
0x803F0F3C, 0x3F20EB64
0x803F0F44, 0x6339027F
0x803F0F4C, 0x3F403FF4
0x803F0F34, 0x635A0000
0x803F0F3C, 0x3F601BEE
0x803F0F44, 0x637B2C6A
0x803F0F4C, 0x3F8024A7
0x803F0F34, 0x639C1B60
0x803F0F3C, 0x3FA01093
0x803F0F44, 0x63BD376D
0x803F0F4C, 0x3FC01D7F
0x803F0F34, 0x63DEEEE6
0x803F0F3C, 0x3FE03629
0x803F0F44, 0x63FF1CD4
0x803F0F4C, 0xBE300000
0x803F0F34, 0x60000000
0x803F0F3C, 0x60000000
0x803F0F44, 0x60000000
0x803F0F4C, 0x60000000
0x803F0F34, 0x3A10003C
0x803F0F3C, 0x3E203924
0x803F0F44, 0x62310000
0x803F0F4C, 0x3E401BEF
0x803F0F34, 0x62522C69
0x803F0F3C, 0x3E60DB59
0x803F0F44, 0x62731B62
0x803F0F4C, 0x3E801092
0x803F0F34, 0x6294C894
0x803F0F3C, 0x3EA01D81
0x803F0F44, 0x62B5EEE6
0x803F0F4C, 0x3EC0C9D8
0x803F0F34, 0x62D61D6F
0x803F0F3C, 0x3EE0D6EB
0x803F0F44, 0x62F7D8BC
0x803F0F4C, 0x3F001D7E
0x803F0F34, 0x6318C733
0x803F0F3C, 0x3F200000
0x803F0F44, 0x63391D6E
0x803F0F4C, 0x3F40D6EA
0x803F0F34, 0x635A2744
0x803F0F3C, 0x3F60E13A
0x803F0F44, 0x637B0085
0x803F0F4C, 0x3F80C7E3
0x803F0F34, 0x639CE13B
0x803F0F3C, 0x3FA00000
0x803F0F44, 0x63BDC7E2
0x803F0F4C, 0x3FC0EC9B
0x803F0F34, 0x63DE0002
0x803F0F3C, 0x3FE0C303
0x803F0F44, 0x63FFEC9F
0x803F0F4C, 0xBE300000
0x803F0F34, 0x60000000
0x803F0F3C, 0x60000000
0x803F0F44, 0x60000000
0x803F0F4C, 0x60000000
0x803F0F34, 0x3A10003C
0x803F0F3C, 0x3E20004F
0x803F0F44, 0x6231C301
0x803F0F4C, 0x3E40E139
0x803F0F34, 0x62520107
0x803F0F3C, 0x3E60C7E5
0x803F0F44, 0x6273FDD3
0x803F0F4C, 0x3E800000
0x803F0F34, 0x62943FF7
0x803F0F3C, 0x3EA0FDD3
0x803F0F44, 0x62B50000
0x803F0F4C, 0x3EC03FF7
0x803F0F34, 0x62D6F7E5
0x803F0F3C, 0x3EE00000
0x803F0F44, 0x62F73F7C
0x803F0F4C, 0x3F000443
0x803F0F34, 0x63180000
0x803F0F3C, 0x3F203FDC
0x803F0F44, 0x63390443
0x803F0F4C, 0x3F400000
0x803F0F34, 0x635A3FDC
0x803F0F3C, 0x3F6003B5
0x803F0F44, 0x637B0001
0x803F0F4C, 0x3F803FE5
0x803F0F34, 0x639C03B5
0x803F0F3C, 0x3FA00001
0x803F0F44, 0x63BD3FE5
0x803F0F4C, 0x3FC0E960
0x803F0F34, 0x63DE0019
0x803F0F3C, 0x3FE03BDE
0x803F0F44, 0x63FFE95E
0x803F0F4C, 0xBE300000
0x803F0F34, 0x60000000
0x803F0F3C, 0x60000000
0x803F0F44, 0x60000000
0x803F0F4C, 0x60000000
0x803F0F34, 0x3A10003C
0x803F0F3C, 0x3E200001
0x803F0F44, 0x62313BDD
0x803F0F4C, 0x3E40D4A9
0x803F0F34, 0x6252D0EB
0x803F0F3C, 0x3E60FEF3
0x803F0F44, 0x6273D45D
0x803F0F4C, 0x3E80D132
0x803F0F34, 0x6294FEF3
0x803F0F3C, 0x3EA0C261
0x803F0F44, 0x62B5EEBC
0x803F0F4C, 0x3EC0FF0A
0x803F0F34, 0x62D6C249
0x803F0F3C, 0x3EE0EF13
0x803F0F44, 0x62F7FF0B
0x803F0F4C, 0x3F00C262
0x803F0F34, 0x63181144
0x803F0F3C, 0x3F20FF0A
0x803F0F44, 0x6339C249
0x803F0F4C, 0x3F4010ED
0x803F0F34, 0x635AFF0B
0x803F0F3C, 0x3F60D45D
0x803F0F44, 0x637B2ECE
0x803F0F4C, 0x3F80FEF3
0x803F0F34, 0x639CF8CC
0x803F0F3C, 0x3FA0C068
0x803F0F44, 0x63BDFFEE
0x803F0F4C, 0x3FC0F89A
0x803F0F34, 0x63DEC06E
0x803F0F3C, 0x3FE0FFEC
0x803F0F44, 0x63FF1F36
0x803F0F4C, 0xBE300000
0x803F0F34, 0x60000000
0x803F0F3C, 0x60000000
0x803F0F44, 0x60000000
0x803F0F4C, 0x60000000
0x803F0F34, 0x3A10003C
0x803F0F3C, 0x3E20C824
0x803F0F44, 0x62310152
0x803F0F4C, 0x3E401F7A
0x803F0F34, 0x6252C84B
0x803F0F3C, 0x3E600154
0x803F0F44, 0x62732C0A
0x803F0F4C, 0x3E80D197
0x803F0F34, 0x629401A8
0x803F0F3C, 0x3EA0DEBC
0x803F0F44, 0x62B50000
0x803F0F4C, 0x3EC036AD
0x803F0F34, 0x62D6DEBD
0x803F0F3C, 0x3EE00029
0x803F0F44, 0x62F736AE
0x803F0F4C, 0x3F00DEBE
0x803F0F34, 0x63180052
0x803F0F3C, 0x3F2036AE
0x803F0F44, 0x63391EC5
0x803F0F4C, 0x3F400000
0x803F0F34, 0x635A381E
0x803F0F3C, 0x3F601359
0x803F0F44, 0x637B0009
0x803F0F4C, 0x3F803D01
0x803F0F34, 0x639C1EC6
0x803F0F3C, 0x3FA000C7
0x803F0F44, 0x63BD381C
0x803F0F4C, 0x3FC0136B
0x803F0F34, 0x63DE0080
0x803F0F3C, 0x3FE03CFB
0x803F0F44, 0x63FF1EC5
0x803F0F4C, 0xBE300000
0x803F0F34, 0x60000000
0x803F0F3C, 0x60000000
0x803F0F44, 0x60000000
0x803F0F4C, 0x60000000
0x803F0F34, 0x3A10003C
0x803F0F3C, 0x3E20018F
0x803F0F44, 0x62313819
0x803F0F4C, 0x3E402BA4
0x803F0F34, 0x6252D133
0x803F0F3C, 0x3E60010D
0x803F0F44, 0x62733DB7
0x803F0F4C, 0x3E80EF14
0x803F0F34, 0x629400F5
0x803F0F3C, 0x3EA03D9F
0x803F0F44, 0x62B5EEBD
0x803F0F4C, 0x3EC000F5
0x803F0F34, 0x62D63DB7
0x803F0F3C, 0x3EE010ED
0x803F0F44, 0x62F700F5
0x803F0F4C, 0x3F003D9E
0x803F0F34, 0x63181144
0x803F0F3C, 0x3F2000F6
0x803F0F44, 0x63392BA3
0x803F0F4C, 0x3F402ECE
0x803F0F34, 0x635A010D
0x803F0F3C, 0x3F602B57
0x803F0F44, 0x637B2F15
0x803F0F4C, 0x3F80010D
0x803F0F34, 0x639C0734
0x803F0F3C, 0x3FA03F98
0x803F0F44, 0x63BD0015
0x803F0F4C, 0x3FC00764
0x803F0F34, 0x63DE3F92
0x803F0F3C, 0x3FE00016
0x803F0F44, 0x63FFE0CB
0x803F0F4C, 0xBE300000
0x803F0F34, 0x60000000
0x803F0F3C, 0x60000000
0x803F0F44, 0x60000000
0x803F0F4C, 0x60000000
0x803F0F34, 0x3A10003C
0x803F0F3C, 0x3E2037DC
0x803F0F44, 0x6231FEB3
0x803F0F4C, 0x3E402B58
0x803F0F34, 0x6252D0EC
0x803F0F3C, 0x3E60010D
0x803F0F44, 0x6273073B
0x803F0F4C, 0x3E80C069
0x803F0F34, 0x62940018
0x803F0F3C, 0x3EA00769
0x803F0F44, 0x62B5C06E
0x803F0F4C, 0x3EC0001A
0x803F0F34, 0x62D6E0D6
0x803F0F3C, 0x3EE0C81D
0x803F0F44, 0x62F7FEBA
0x803F0F4C, 0x3F00E089
0x803F0F34, 0x6318C848
0x803F0F3C, 0x3F20FEB8
0x803F0F44, 0x6339D3EF
0x803F0F4C, 0x3F40D19D
0x803F0F34, 0x635AFE60
0x803F0F3C, 0x3F60D3EF
0x803F0F44, 0x637BD19D
0x803F0F4C, 0x3F80FE60
0x803F0F34, 0x639C093F
0x803F0F3C, 0x3FA00001
0x803F0F44, 0x63BDC0AC
0x803F0F4C, 0x3FC0093F
0x803F0F34, 0x63DE0001
0x803F0F3C, 0x3FE0C0AC
0x803F0F44, 0x63FF0852
0x803F0F4C, 0xBE300000
0x803F0F34, 0x60000000
0x803F0F3C, 0x60000000
0x803F0F44, 0x60000000
0x803F0F4C, 0x60000000
0x803F0F34, 0x3A10003C
0x803F0F3C, 0x3E200004
0x803F0F44, 0x6231C08B
0x803F0F4C, 0x3E400853
0x803F0F34, 0x62520004
0x803F0F3C, 0x3E60C08B
0x803F0F44, 0x627303FF
0x803F0F4C, 0x3E800000
0x803F0F34, 0x6294C020
0x803F0F3C, 0x3EA00188
0x803F0F44, 0x62B5FFFF
0x803F0F4C, 0x3EC0C005
0x803F0F34, 0x62D6FBD3
0x803F0F3C, 0x3EE00006
0x803F0F44, 0x62F7C023
0x803F0F4C, 0x3F000230
0x803F0F34, 0x6318FFFE
0x803F0F3C, 0x3F20C00A
0x803F0F44, 0x63390230
0x803F0F4C, 0x3F40FFFE
0x803F0F34, 0x635AC00A
0x803F0F3C, 0x3F600811
0x803F0F44, 0x637BFFFD
0x803F0F4C, 0x3F80C083
0x803F0F34, 0x639CFBD2
0x803F0F3C, 0x3FA00006
0x803F0F44, 0x63BDC023
0x803F0F4C, 0x3FC0FC58
0x803F0F34, 0x63DE0010
0x803F0F3C, 0x3FE0C01B
0x803F0F44, 0x63FFFC56
0x803F0F4C, 0xBE300000
0x803F0F34, 0x60000000
0x803F0F3C, 0x60000000
0x803F0F44, 0x60000000
0x803F0F4C, 0x60000000
0x803F0F34, 0x3A10003C
0x803F0F3C, 0x3E200010
0x803F0F44, 0x6231C01B
0x803F0F4C, 0x3E40169C
0x803F0F34, 0x625200B7
0x803F0F3C, 0x3E60C422
0x803F0F44, 0x6273F6D0
0x803F0F4C, 0x3E800005
0x803F0F34, 0x62943F56
0x803F0F3C, 0x3EA0FC03
0x803F0F44, 0x62B5FFFE
0x803F0F4C, 0x3EC03FE0
0x803F0F34, 0x62D6FC03
0x803F0F3C, 0x3EE0FFFE
0x803F0F44, 0x62F73FE0
0x803F0F4C, 0x3F00FE71
0x803F0F34, 0x6318FFFE
0x803F0F3C, 0x3F203FFB
0x803F0F44, 0x6339F6CF
0x803F0F4C, 0x3F400005
0x803F0F34, 0x635A3F56
0x803F0F3C, 0x3F60F7B7
0x803F0F44, 0x637B000E
0x803F0F4C, 0x3F803F76
0x803F0F34, 0x639CF7B5
0x803F0F3C, 0x3FA0000E
0x803F0F44, 0x63BD3F76
0x803F0F4C, 0x3FC02144
0x803F0F34, 0x63DE0000
0x803F0F3C, 0x3FE0C953
0x803F0F44, 0x63FF1691
0x803F0F4C, 0xBE300000
0x803F0F34, 0x60000000
0x803F0F3C, 0x60000000
0x803F0F44, 0x60000000
0x803F0F4C, 0x60000000
0x803F0F34, 0x3A10003C
0x803F0F3C, 0x3E20000A
0x803F0F44, 0x6231C41C
0x803F0F4C, 0x3E402142
0x803F0F34, 0x62520122
0x803F0F3C, 0x3E60C955
0x803F0F44, 0x6273213D
0x803F0F4C, 0x3E800245
0x803F0F34, 0x6294C95B
0x803F0F3C, 0x3EA02C09
0x803F0F44, 0x62B52E6A
0x803F0F4C, 0x3EC001A4
0x803F0F34, 0x62D61F35
0x803F0F3C, 0x3EE037DC
0x803F0F44, 0x62F7014D
0x803F0F4C, 0x3F001F7F
0x803F0F34, 0x631837B3
0x803F0F3C, 0x3F20014F
0x803F0F44, 0x6339F8CC
0x803F0F4C, 0x3F403F98
0x803F0F34, 0x635AFFEB
0x803F0F3C, 0x3F60F89C
0x803F0F44, 0x637B3F92
0x803F0F4C, 0x3F80FFEA
0x803F0F34, 0x639CD4A9
0x803F0F3C, 0x3FA02F15
0x803F0F44, 0x63BDFEF3
0x803F0F4C, 0x3FC0DEF3
0x803F0F34, 0x63DEDA04
0x803F0F3C, 0x3FE02782
0x803F0F44, 0x63FF2F33
0x803F0F4C, 0xBE300000
0x803F0F34, 0x60000000
0x803F0F3C, 0x60000000
0x803F0F44, 0x60000000
0x803F0F4C, 0x60000000
0x803F0F34, 0x3A10003C
0x803F0F3C, 0x3E20FEB3
0x803F0F44, 0x62312B34
0x803F0F4C, 0x3E402E4D
0x803F0F34, 0x6252E182
0x803F0F3C, 0x3E601FFB
0x803F0F44, 0x6273D3F7
0x803F0F4C, 0x3E802E6A
0x803F0F34, 0x6294FE5C
0x803F0F3C, 0x3EA0E081
0x803F0F44, 0x62B537B3
0x803F0F4C, 0x3EC0FEB1
0x803F0F34, 0x62D62D00
0x803F0F3C, 0x3EE0D27E
0x803F0F44, 0x62F7FFF9
0x803F0F4C, 0x3F002E3F
0x803F0F34, 0x6318E176
0x803F0F3C, 0x3F20DFFE
0x803F0F44, 0x6339E87D
0x803F0F4C, 0x3F40C47B
0x803F0F34, 0x635A00BC
0x803F0F3C, 0x3F602EFB
0x803F0F44, 0x637BFE42
0x803F0F4C, 0x3F80D493
0x803F0F34, 0x639CE00C
0x803F0F3C, 0x3FA0DA8F
0x803F0F44, 0x63BDD719
0x803F0F4C, 0x3FC02D70
0x803F0F34, 0x63DE1D8B
0x803F0F3C, 0x3FE0DDF6
0x803F0F44, 0x63FFE232
0x803F0F4C, 0xBE300000
0x803F0F34, 0x60000000
0x803F0F3C, 0x60000000
0x803F0F44, 0x60000000
0x803F0F4C, 0x60000000
0x803F0F34, 0x3A10003C
0x803F0F3C, 0x3E200177
0x803F0F44, 0x6231C762
0x803F0F4C, 0x3E402CB1
0x803F0F34, 0x62522DCF
0x803F0F3C, 0x3E600026
0x803F0F44, 0x6273E3B8
0x803F0F4C, 0x3E8027EB
0x803F0F34, 0x6294D6BC
0x803F0F3C, 0x3EA03FFC
0x803F0F44, 0x62B50168
0x803F0F4C, 0x3EC00002
0x803F0F34, 0x62D62DB3
0x803F0F3C, 0x3EE01D44
0x803F0F44, 0x62F721EE
0x803F0F4C, 0x3F00E458
0x803F0F34, 0x631839B7
0x803F0F3C, 0x3F20FFFF
0x803F0F44, 0x6339E3B6
0x803F0F4C, 0x3F4027EB
0x803F0F34, 0x635A2943
0x803F0F3C, 0x3F600000
0x803F0F44, 0x637B4000
0x803F0F4C, 0x3F800000
0x803F0F34, 0x639CC01E
0x803F0F3C, 0x3FA00362
0x803F0F44, 0x63BDFE24
0x803F0F4C, 0x3FC0C033
0x803F0F34, 0x63DE0467
0x803F0F3C, 0x3FE0FD93
0x803F0F44, 0x63FFC054
0x803F0F4C, 0xBE300000
0x803F0F34, 0x60000000
0x803F0F3C, 0x60000000
0x803F0F44, 0x60000000
0x803F0F4C, 0x60000000
0x803F0F34, 0x3A10003C
0x803F0F3C, 0x3E200678
0x803F0F44, 0x62310000
0x803F0F4C, 0x3E403FFC
0x803F0F34, 0x62520000
0x803F0F3C, 0x3E60016B
0x803F0F44, 0x6273E231
0x803F0F4C, 0x3E800175
0x803F0F34, 0x6294389E
0x803F0F3C, 0x3EA0C033
0x803F0F44, 0x62B50467
0x803F0F4C, 0x3EC0026D
0x803F0F34, 0x62D6C01E
0x803F0F3C, 0x3EE00362
0x803F0F44, 0x62F701DC
0x803F0F4C, 0x3F00C004
0x803F0F34, 0x6318FF85
0x803F0F3C, 0x3F200143
0x803F0F44, 0x6339C151
0x803F0F4C, 0x3F40F35B
0x803F0F34, 0x635A02AA
0x803F0F3C, 0x3F60C017
0x803F0F44, 0x637B0242
0x803F0F4C, 0x3F80FD7A
0x803F0F34, 0x639C3FEF
0x803F0F3C, 0x3FA00287
0x803F0F44, 0x63BD016B
0x803F0F4C, 0x3FC0C004
0x803F0F34, 0x63DE0000
0x803F0F3C, 0x3FE0FE95
0x803F0F44, 0x63FFC004
0x803F0F4C, 0xBE300000
0x803F0F34, 0x60000000
0x803F0F3C, 0x60000000
0x803F0F44, 0x60000000
0x803F0F4C, 0x60000000
0x803F0F34, 0x3A10003C
0x803F0F3C, 0x3E20000E
0x803F0F44, 0x6231FE94
0x803F0F4C, 0x3E40C014
0x803F0F34, 0x62520328
0x803F0F3C, 0x3E600000
0x803F0F44, 0x6273E1B2
0x803F0F4C, 0x3E80217C
0x803F0F34, 0x6294D2A7
0x803F0F3C, 0x3EA00020
0x803F0F44, 0x62B52950
0x803F0F4C, 0x3EC0CF1F
0x803F0F34, 0x62D6FAD1
0x803F0F3C, 0x3EE03375
0x803F0F44, 0x62F7DA4D
0x803F0F4C, 0x3F000562
0x803F0F34, 0x63183288
0x803F0F3C, 0x3F20D918
0x803F0F44, 0x6339DFC7
0x803F0F4C, 0x3F4010F8
0x803F0F34, 0x635ACB5F
0x803F0F3C, 0x3F6001F1
0x803F0F44, 0x637B10AB
0x803F0F4C, 0x3F80C23D
0x803F0F34, 0x639C096A
0x803F0F3C, 0x3FA01163
0x803F0F44, 0x63BDC322
0x803F0F4C, 0x3FC00BD0
0x803F0F34, 0x63DEFA6E
0x803F0F3C, 0x3FE0C159
0x803F0F44, 0x63FF18B0
0x803F0F4C, 0xBE300000
0x803F0F34, 0x60000000
0x803F0F3C, 0x60000000
0x803F0F44, 0x60000000
0x803F0F4C, 0x60000000
0x803F0F34, 0x3A10003C
0x803F0F3C, 0x3E20F8CD
0x803F0F44, 0x6231C565
0x803F0F4C, 0x3E401895
0x803F0F34, 0x6252E585
0x803F0F3C, 0x3E60CB2D
0x803F0F44, 0x62732D12
0x803F0F4C, 0x3E80E647
0x803F0F34, 0x6294DA8B
0x803F0F3C, 0x3EA025A7
0x803F0F44, 0x62B5D4BC
0x803F0F4C, 0x3EC0E39B
0x803F0F34, 0x62D6DEED
0x803F0F3C, 0x3EE0FBE7
0x803F0F44, 0x62F7C95D
0x803F0F4C, 0x3F00024F
0x803F0F34, 0x6318FA28
0x803F0F3C, 0x3F20C04F
0x803F0F44, 0x63390C5B
0x803F0F4C, 0x3F40E4CE
0x803F0F34, 0x635AC766
0x803F0F3C, 0x3F60195D
0x803F0F44, 0x637BD08E
0x803F0F4C, 0x3F80DD56
0x803F0F34, 0x639C1B97
0x803F0F3C, 0x3FA0C75E
0x803F0F44, 0x63BDF4B7
0x803F0F4C, 0x3FC0DEFC
0x803F0F34, 0x63DEE65D
0x803F0F3C, 0x3FE0CF89
0x803F0F44, 0x63FFFFC5
0x803F0F4C, 0xBE300000
0x803F0F34, 0x60000000
0x803F0F3C, 0x60000000
0x803F0F44, 0x60000000
0x803F0F4C, 0x60000000
0x803F0F34, 0x3A10003C
0x803F0F3C, 0x3E20E39D
0x803F0F44, 0x6231C6A4
0x803F0F4C, 0x3E400AE1
0x803F0F34, 0x6252CE19
0x803F0F3C, 0x3E60D96F
0x803F0F44, 0x6273080F
0x803F0F4C, 0x3E80C21B
0x803F0F34, 0x6294F1DB
0x803F0F3C, 0x3EA00677
0x803F0F44, 0x62B5C054
0x803F0F4C, 0x3EC00019
0x803F0F34, 0x62D6DF0F
0x803F0F3C, 0x3EE0D328
0x803F0F44, 0x62F7E061
0x803F0F4C, 0x3F00FA0E
0x803F0F34, 0x6318CC9F
0x803F0F3C, 0x3F20DA4F
0x803F0F44, 0x6339F5A9
0x803F0F4C, 0x3F40C230
0x803F0F34, 0x635AF307
0x803F0F3C, 0x3F60F4B1
0x803F0F44, 0x637BC102
0x803F0F4C, 0x3F800023
0x803F0F34, 0x639C0738
0x803F0F3C, 0x3FA0C20F
0x803F0F44, 0x63BD0E64
0x803F0F4C, 0x3FC0DF21
0x803F0F34, 0x63DECA16
0x803F0F3C, 0x3FE0F593
0x803F0F44, 0x63FFDF69
0x803F0F4C, 0xBE300000
0x803F0F34, 0x60000000
0x803F0F3C, 0x60000000
0x803F0F44, 0x60000000
0x803F0F4C, 0x60000000
0x803F0F34, 0x3A10003C
0x803F0F3C, 0x3E20C8EB
0x803F0F44, 0x62310009
0x803F0F4C, 0x3E40F66C
0x803F0F34, 0x6252C227
0x803F0F3C, 0x3E600D64
0x803F0F44, 0x6273DF71
0x803F0F4C, 0x3E80C9F2
0x803F0F34, 0x62940AAF
0x803F0F3C, 0x3EA0FC14
0x803F0F44, 0x62B5CC34
0x803F0F4C, 0x3EC02563
0x803F0F34, 0x62D6DFFE
0x803F0F3C, 0x3EE0D292
0x803F0F44, 0x62F71FBE
0x803F0F4C, 0x3F000264
0x803F0F34, 0x6318E29A
0x803F0F3C, 0x3F2038CC
0x803F0F44, 0x6339E01D
0x803F0F4C, 0x3F40E585
0x803F0F34, 0x635A30C3
0x803F0F3C, 0x3F6009D3
0x803F0F44, 0x637BCD7E
0x803F0F4C, 0x3F80260F
0x803F0F34, 0x639C1835
0x803F0F3C, 0x3FA0D141
0x803F0F44, 0x63BD2466
0x803F0F4C, 0x3FC00BE9
0x803F0F34, 0x63DEE38F
0x803F0F3C, 0x3FE03815
0x803F0F44, 0x63FF19BC
0x803F0F4C, 0xBE300000
0x803F0F34, 0x60000000
0x803F0F3C, 0x60000000
0x803F0F44, 0x60000000
0x803F0F4C, 0x60000000
0x803F0F34, 0x3A10003C
0x803F0F3C, 0x3E20E5D3
0x803F0F44, 0x6231346D
0x803F0F4C, 0x3E400BAB
0x803F0F34, 0x6252FA43
0x803F0F3C, 0x3E603EAA
0x803F0F44, 0x62731ADA
0x803F0F4C, 0x3E80F93E
0x803F0F34, 0x629439B3
0x803F0F3C, 0x3EA00936
0x803F0F44, 0x62B5128C
0x803F0F4C, 0x3EC03C8E
0x803F0F34, 0x62D604F6
0x803F0F3C, 0x3EE0F9F3
0x803F0F44, 0x62F73F85
0x803F0F4C, 0x3F0004A2
0x803F0F34, 0x63181166
0x803F0F3C, 0x3F203D6A
0x803F0F44, 0x63390259
0x803F0F4C, 0x3F402ACD
0x803F0F34, 0x635A2F87
0x803F0F3C, 0x3F60DFFD
0x803F0F44, 0x637BFBC2
0x803F0F4C, 0x3F803742
0x803F0F34, 0x639CE0E0
0x803F0F3C, 0x3FA0119B
0x803F0F44, 0x63BD3514
0x803F0F4C, 0x3FC0E2AB
0x803F0F34, 0x63DE22EB
0x803F0F3C, 0x3FE02CE7
0x803F0F44, 0x63FFFCDB
0x803F0F4C, 0xBE300000
0x803F0F34, 0x60000000
0x803F0F3C, 0x60000000
0x803F0F44, 0x60000000
0x803F0F4C, 0x60000000
0x803F0F34, 0x3A10003C
0x803F0F3C, 0x3E20351B
0x803F0F44, 0x62312395
0x803F0F4C, 0x3E40D3AD
0x803F0F34, 0x6252186C
0x803F0F3C, 0x3E60272D
0x803F0F44, 0x62730448
0x803F0F4C, 0x3E80341C
0x803F0F34, 0x629424E9
0x803F0F3C, 0x3EA0061B
0x803F0F44, 0x62B52A3A
0x803F0F4C, 0x3EC02FB4
0x803F0F34, 0x62D61886
0x803F0F3C, 0x3EE00F1D
0x803F0F44, 0x62F73927
0x803F0F4C, 0x3F00306B
0x803F0F34, 0x6318F858
0x803F0F3C, 0x3F202925
0x803F0F44, 0x63392E2D
0x803F0F4C, 0x3F40E862
0x803F0F34, 0x635A257F
0x803F0F3C, 0x3F603B77
0x803F0F44, 0x637BF755
0x803F0F4C, 0x3F801604
0x803F0F34, 0x639C12D6
0x803F0F3C, 0x3FA02560
0x803F0F44, 0x63BD306B
0x803F0F4C, 0x3FC011C2
0x803F0F34, 0x63DE2D73
0x803F0F3C, 0x3FE0296A
0x803F0F44, 0x63FF29BF
0x803F0F4C, 0xBE300000
0x803F0F34, 0x60000000
0x803F0F3C, 0x60000000
0x803F0F44, 0x60000000
0x803F0F4C, 0x60000000
0x803F0F34, 0x3A10003C
0x803F0F3C, 0x3E201DDA
0x803F0F44, 0x6231263D
0x803F0F4C, 0x3E402AA4
0x803F0F34, 0x62522448
0x803F0F3C, 0x3E601F02
0x803F0F44, 0x62733694
0x803F0F4C, 0x3E801BE9
0x803F0F34, 0x62941264
0x803F0F3C, 0x3EA03360
0x803F0F44, 0x62B52338
0x803F0F4C, 0x3EC00EB4
0x803F0F34, 0x62D63852
0x803F0F3C, 0x3EE01E60
0x803F0F44, 0x62F70134
0x803F0F4C, 0x3F00335A
0x803F0F34, 0x6318262E
0x803F0F3C, 0x3F200110
0x803F0F44, 0x63392ED8
0x803F0F4C, 0x3F400AB1
0x803F0F34, 0x635A2A47
0x803F0F3C, 0x3F603B51
0x803F0F44, 0x637B09DA
0x803F0F4C, 0x3F8015EB
0x803F0F34, 0x639C3F19
0x803F0F3C, 0x3FA00A9E
0x803F0F44, 0x63BD0179
0x803F0F4C, 0x3FC03F58
0x803F0F34, 0x63DEF6FD
0x803F0F3C, 0x3FE0018D
0x803F0F44, 0x63FF3810
0x803F0F4C, 0xBE300000
0x803F0F34, 0x60000000
0x803F0F3C, 0x60000000
0x803F0F44, 0x60000000
0x803F0F4C, 0x60000000
0x803F0F34, 0x3A10003C
0x803F0F3C, 0x3E20E812
0x803F0F44, 0x62311381
0x803F0F4C, 0x3E403AEC
0x803F0F34, 0x6252E70F
0x803F0F3C, 0x3E60016E
0x803F0F44, 0x62732D7F
0x803F0F4C, 0x3E80D5A7
0x803F0F34, 0x62940F41
0x803F0F3C, 0x3EA02F32
0x803F0F44, 0x62B5D4C8
0x803F0F4C, 0x3EC000FD
0x803F0F34, 0x62D63742
0x803F0F3C, 0x3EE01CCC
0x803F0F44, 0x62F7F166
0x803F0F4C, 0x3F003C99
0x803F0F34, 0x63180A31
0x803F0F3C, 0x3F20EE1C
0x803F0F44, 0x633927B3
0x803F0F4C, 0x3F402155
0x803F0F34, 0x635ADA76
0x803F0F3C, 0x3F602D44
0x803F0F44, 0x637B0BDE
0x803F0F4C, 0x3F80D457
0x803F0F34, 0x639C163C
0x803F0F3C, 0x3FA00EEC
0x803F0F44, 0x63BDC5DF
0x803F0F4C, 0x3FC02F31
0x803F0F34, 0x63DEF743
0x803F0F3C, 0x3FE0D5A9
0x803F0F44, 0x63FF3375
0x803F0F4C, 0xBE300000
0x803F0F34, 0x60000000
0x803F0F3C, 0x60000000
0x803F0F44, 0x60000000
0x803F0F4C, 0x60000000
0x803F0F34, 0x3A10003C
0x803F0F3C, 0x3E202474
0x803F0F44, 0x6231F511
0x803F0F4C, 0x3E402A56
0x803F0F34, 0x625227A6
0x803F0F3C, 0x3E60E4F3
0x803F0F44, 0x62730FCB
0x803F0F4C, 0x3E802EF9
0x803F0F34, 0x6294D781
0x803F0F3C, 0x3EA01142
0x803F0F44, 0x62B525CA
0x803F0F4C, 0x3EC0CF51
0x803F0F34, 0x62D606D3
0x803F0F3C, 0x3EE02841
0x803F0F44, 0x62F7CEB7
0x803F0F4C, 0x3F00ED4E
0x803F0F34, 0x63183D35
0x803F0F3C, 0x3F20FFFD
0x803F0F44, 0x6339F68D
0x803F0F4C, 0x3F403F4C
0x803F0F34, 0x635AFFFE
0x803F0F3C, 0x3F60F689
0x803F0F44, 0x637B3F4C
0x803F0F4C, 0x3F80FFFF
0x803F0F34, 0x639CED47
0x803F0F3C, 0x3FA03D33
0x803F0F44, 0x63BDFFFD
0x803F0F4C, 0x3FC0F685
0x803F0F34, 0x63DE3F4B
0x803F0F3C, 0x3FE0FFFF
0x803F0F44, 0x63FFED40
0x803F0F4C, 0xBE300000
0x803F0F34, 0x60000000
0x803F0F3C, 0x60000000
0x803F0F44, 0x60000000
0x803F0F4C, 0x60000000
0x803F0F34, 0x3A10003C
0x803F0F3C, 0x3E203D31
0x803F0F44, 0x6231FFFD
0x803F0F4C, 0x3E40F622
0x803F0F34, 0x62523F3C
0x803F0F3C, 0x3E60FFFF
0x803F0F44, 0x6273ED3D
0x803F0F4C, 0x3E803D30
0x803F0F34, 0x6294FFFD
0x803F0F3C, 0x3EA02D8B
0x803F0F44, 0x62B5D4C3
0x803F0F4C, 0x3EC0F3AA
0x803F0F34, 0x62D61C48
0x803F0F3C, 0x3EE0C697
0x803F0F44, 0x62F7009B
0x803F0F4C, 0x3F0038EF
0x803F0F34, 0x6318E751
0x803F0F3C, 0x3F20F057
0x803F0F44, 0x63393CC9
0x803F0F4C, 0x3F40F700
0x803F0F34, 0x635AEE1C
0x803F0F3C, 0x3F601A7A
0x803F0F44, 0x637BC76D
0x803F0F4C, 0x3F800DF3
0x803F0F34, 0x639C2652
0x803F0F3C, 0x3FA0D663
0x803F0F44, 0x63BD1DEE
0x803F0F4C, 0x3FC005E8
0x803F0F34, 0x63DE0002
0x803F0F3C, 0x3FE03FBA
0x803F0F44, 0x63FF1318
0x803F0F4C, 0xBE300000
0x803F0F34, 0x60000000
0x803F0F3C, 0x60000000
0x803F0F44, 0x60000000
0x803F0F4C, 0x60000000
0x803F0F34, 0x3A10003C
0x803F0F3C, 0x3E200005
0x803F0F44, 0x62313D16
0x803F0F4C, 0x3E40131A
0x803F0F34, 0x62520005
0x803F0F3C, 0x3E603D15
0x803F0F44, 0x627330C1
0x803F0F4C, 0x3E80000D
0x803F0F34, 0x62942976
0x803F0F3C, 0x3EA030C3
0x803F0F44, 0x62B5000D
0x803F0F4C, 0x3EC02974
0x803F0F34, 0x62D63E19
0x803F0F3C, 0x3EE00011
0x803F0F44, 0x62F70F7E
0x803F0F4C, 0x3F0005E8
0x803F0F34, 0x63180002
0x803F0F3C, 0x3F203FBA
0x803F0F44, 0x633903D7
0x803F0F4C, 0x3F400001
0x803F0F34, 0x635A3FE2
0x803F0F3C, 0x3F60041D
0x803F0F44, 0x637B0001
0x803F0F4C, 0x3F803FDE
0x803F0F34, 0x639C0249
0x803F0F3C, 0x3FA00001
0x803F0F44, 0x63BD3FF6
0x803F0F4C, 0x3FC00000
0x803F0F34, 0x63DE4000
0x803F0F3C, 0x3FE00000
0x803F0F44, 0x63FFF68E
0x803F0F4C, 0xBE300000
0x803F0F34, 0x60000000
0x803F0F3C, 0x60000000
0x803F0F44, 0x60000000
0x803F0F4C, 0x60000000
0x803F0F34, 0x3A10003C
0x803F0F3C, 0x3E203F4D
0x803F0F44, 0x6231FFFE
0x803F0F4C, 0x3E40ED52
0x803F0F34, 0x62523D37
0x803F0F3C, 0x3E60FFFD
0x803F0F44, 0x62733FFE
0x803F0F4C, 0x3E800011
0x803F0F34, 0x62940104
0x803F0F3C, 0x3EA03ECC
0x803F0F44, 0x62B50011
0x803F0F4C, 0x3EC0F3A6
0x803F0F34, 0x62D63ECC
0x803F0F3C, 0x3EE00011
0x803F0F44, 0x62F7F3A6
0x803F0F4C, 0x3F003178
0x803F0F34, 0x6318000D
0x803F0F3C, 0x3F20D765
0x803F0F44, 0x6339317A
0x803F0F4C, 0x3F40000D
0x803F0F34, 0x635AD768
0x803F0F3C, 0x3F6014D7
0x803F0F44, 0x637B0005
0x803F0F4C, 0x3F80C37D
0x803F0F34, 0x639C3FFE
0x803F0F3C, 0x3FA00011
0x803F0F44, 0x63BD0104
0x803F0F4C, 0x3FC03E19
0x803F0F34, 0x63DE0011
0x803F0F3C, 0x3FE00F7E
0x803F0F44, 0x63FFC000
0x803F0F4C, 0xBE300000
0x803F0F34, 0x60000000
0x803F0F3C, 0x60000000
0x803F0F44, 0x60000000
0x803F0F4C, 0x60000000
0x803F0F34, 0x3A10003C
0x803F0F3C, 0x3E20FFE6
0x803F0F44, 0x62310000
0x803F0F4C, 0x3E4014D6
0x803F0F34, 0x62520005
0x803F0F3C, 0x3E60C37D
0x803F0F44, 0x62730732
0x803F0F4C, 0x3E800002
0x803F0F34, 0x6294C068
0x803F0F3C, 0x3EA00733
0x803F0F44, 0x62B50002
0x803F0F4C, 0x3EC0C068
0x803F0F34, 0x62D6FFE8
0x803F0F3C, 0x3EE00000
0x803F0F44, 0x62F7C000
0x803F0F4C, 0x3F00C454
0x803F0F34, 0x6318E8DE
0x803F0F3C, 0x3F20000F
0x803F0F44, 0x6339D2D0
0x803F0F4C, 0x3F401567
0x803F0F34, 0x635AD80C
0x803F0F3C, 0x3F60FDBA
0x803F0F44, 0x637BFFFF
0x803F0F4C, 0x3F80C00A
0x803F0F34, 0x639C0049
0x803F0F3C, 0x3FA00000
0x803F0F44, 0x63BDC000
0x803F0F4C, 0x3FC0CA88
0x803F0F34, 0x63DE232C
0x803F0F3C, 0x3FE00000
0x803F0F44, 0x63FFDCBD
0x803F0F4C, 0xBE300000
0x803F0F34, 0x60000000
0x803F0F3C, 0x60000000
0x803F0F44, 0x60000000
0x803F0F4C, 0x60000000
0x803F0F34, 0x3A10003C
0x803F0F3C, 0x3E2027D5
0x803F0F44, 0x6231DC6C
0x803F0F4C, 0x3E40C85A
0x803F0F34, 0x625217B1
0x803F0F3C, 0x3E60EB12
0x803F0F44, 0x6273DD21
0x803F0F4C, 0x3E80204D
0x803F0F34, 0x6294D525
0x803F0F3C, 0x3EA0C4A1
0x803F0F44, 0x62B50680
0x803F0F4C, 0x3EC0E902
0x803F0F34, 0x62D6D787
0x803F0F3C, 0x3EE00A16
0x803F0F44, 0x62F7CF75
0x803F0F4C, 0x3F00C631
0x803F0F34, 0x6318EFB7
0x803F0F3C, 0x3F20E9E4
0x803F0F44, 0x6339D64D
0x803F0F4C, 0x3F40F3A5
0x803F0F34, 0x635AD10C
0x803F0F3C, 0x3F60CD7C
0x803F0F44, 0x637BDD11
0x803F0F4C, 0x3F80EE00
0x803F0F34, 0x639CDA23
0x803F0F3C, 0x3FA0DD31
0x803F0F44, 0x63BDD9EA
0x803F0F4C, 0x3FC0DFE0
0x803F0F34, 0x63DED21E
0x803F0F3C, 0x3FE0E10A
0x803F0F44, 0x63FFF947
0x803F0F4C, 0xBE300000
0x803F0F34, 0x60000000
0x803F0F3C, 0x60000000
0x803F0F44, 0x60000000
0x803F0F4C, 0x60000000
0x803F0F34, 0x3A10003C
0x803F0F3C, 0x3E2035A2
0x803F0F44, 0x6231DDBB
0x803F0F4C, 0x3E40F149
0x803F0F34, 0x625229A4
0x803F0F3C, 0x3E60D1AF
0x803F0F44, 0x6273126A
0x803F0F4C, 0x3E803AC3
0x803F0F34, 0x6294EE8F
0x803F0F3C, 0x3EA01824
0x803F0F44, 0x62B52CA4
0x803F0F4C, 0x3EC0D902
0x803F0F34, 0x62D6EEBA
0x803F0F3C, 0x3EE00FF6
0x803F0F44, 0x62F7C47A
0x803F0F4C, 0x3F001647
0x803F0F34, 0x63181191
0x803F0F3C, 0x3F20C6A1
0x803F0F44, 0x6339EBAB
0x803F0F4C, 0x3F40F990
0x803F0F34, 0x635AC3A8
0x803F0F3C, 0x3F601558
0x803F0F44, 0x637BFCA0
0x803F0F4C, 0x3F80C3C2
0x803F0F34, 0x639CEC99
0x803F0F3C, 0x3FA0DFF1
0x803F0F44, 0x63BDCC1E
0x803F0F4C, 0x3FC01579
0x803F0F34, 0x63DEE699
0x803F0F3C, 0x3FE0C952
0x803F0F44, 0x63FFEF11
0x803F0F4C, 0xBE300000
0x803F0F34, 0x60000000
0x803F0F3C, 0x60000000
0x803F0F44, 0x60000000
0x803F0F4C, 0x60000000
0x803F0F34, 0x3A10003C
0x803F0F3C, 0x3E20CCA1
0x803F0F44, 0x6231DDCA
0x803F0F4C, 0x3E401550
0x803F0F34, 0x6252D0F5
0x803F0F3C, 0x3E60DA34
0x803F0F44, 0x6273F2D2
0x803F0F4C, 0x3E80C356
0x803F0F34, 0x6294F070
0x803F0F3C, 0x3EA016BC
0x803F0F44, 0x62B5C60B
0x803F0F4C, 0x3EC0F12A
0x803F0F34, 0x62D6DFEF
0x803F0F3C, 0x3EE0CC16
0x803F0F44, 0x62F7ECB2
0x803F0F4C, 0x3F00DDC9
0x803F0F34, 0x6318C9EB
0x803F0F3C, 0x3F20FF62
0x803F0F44, 0x6339CADC
0x803F0F4C, 0x3F40DC56
0x803F0F34, 0x635AFFE6
0x803F0F3C, 0x3F60DE33
0x803F0F44, 0x637BCC91
0x803F0F4C, 0x3F80118D
0x803F0F34, 0x639CCD09
0x803F0F3C, 0x3FA0DD85
0x803F0F44, 0x63BD119A
0x803F0F4C, 0x3FC0DD8F
0x803F0F34, 0x63DED400
0x803F0F3C, 0x3FE01F35
0x803F0F44, 0x63FFD8E7
0x803F0F4C, 0xBE300000
0x803F0F34, 0x60000000
0x803F0F3C, 0x60000000
0x803F0F44, 0x60000000
0x803F0F4C, 0x60000000
0x803F0F34, 0x3A10003C
0x803F0F3C, 0x3E20DD17
0x803F0F44, 0x623124BA
0x803F0F4C, 0x3E40F43E
0x803F0F34, 0x6252C117
0x803F0F3C, 0x3E60FFBE
0x803F0F44, 0x62731738
0x803F0F4C, 0x3E80C45C
0x803F0F34, 0x6294FFDF
0x803F0F3C, 0x3EA0F3A1
0x803F0F44, 0x62B5C2E3
0x803F0F4C, 0x3EC00E6E
0x803F0F34, 0x62D61763
0x803F0F3C, 0x3EE0C622
0x803F0F44, 0x62F70E26
0x803F0F4C, 0x3F0016C3
0x803F0F34, 0x6318D106
0x803F0F3C, 0x3F202508
0x803F0F44, 0x6339EF92
0x803F0F4C, 0x3F40CCE8
0x803F0F34, 0x635A22DD
0x803F0F3C, 0x3F60ECC6
0x803F0F44, 0x637BDF86
0x803F0F4C, 0x3F8033B0
0x803F0F34, 0x639C1680
0x803F0F3C, 0x3FA0E6C9
0x803F0F44, 0x63BD365A
0x803F0F4C, 0x3FC0EB93
0x803F0F34, 0x63DEF990
0x803F0F3C, 0x3FE03C50
0x803F0F44, 0x63FF160A
0x803F0F4C, 0xBE300000
0x803F0F34, 0x60000000
0x803F0F3C, 0x60000000
0x803F0F44, 0x60000000
0x803F0F4C, 0x60000000
0x803F0F34, 0x3A10003C
0x803F0F3C, 0x3E20FC65
0x803F0F44, 0x62313BFA
0x803F0F4C, 0x3E40EDC8
0x803F0F34, 0x62520FE6
0x803F0F3C, 0x3E603B42
0x803F0F44, 0x6273D401
0x803F0F4C, 0x3E80F47C
0x803F0F34, 0x62942D08
0x803F0F3C, 0x3EA0D523
0x803F0F44, 0x62B50A5B
0x803F0F4C, 0x3EC02E62
0x803F0F34, 0x62D6D891
0x803F0F3C, 0x3EE01CB1
0x803F0F44, 0x62F72972
0x803F0F4C, 0x3F00C5CF
0x803F0F34, 0x6318EFF5
0x803F0F3C, 0x3F201545
0x803F0F44, 0x6339C4A4
0x803F0F4C, 0x3F40071A
0x803F0F34, 0x635A16D8
0x803F0F3C, 0x3F60C7EA
0x803F0F44, 0x637B164E
0x803F0F4C, 0x3F801547
0x803F0F34, 0x639CC892
0x803F0F3C, 0x3FA01AEC
0x803F0F44, 0x63BD114A
0x803F0F4C, 0x3FC0D99F
0x803F0F34, 0x63DE26B8
0x803F0F3C, 0x3FE02187
0x803F0F44, 0x63FFC25C
0x803F0F4C, 0xBE300000
0x803F0F34, 0x60000000
0x803F0F3C, 0x60000000
0x803F0F44, 0x60000000
0x803F0F4C, 0x60000000
0x803F0F34, 0x3A10003C
0x803F0F3C, 0x3E20EEC9
0x803F0F44, 0x62310035
0x803F0F4C, 0x3E40C04A
0x803F0F34, 0x62520611
0x803F0F3C, 0x3E600056
0x803F0F44, 0x6273C35E
0x803F0F4C, 0x3E80147B
0x803F0F34, 0x62940056
0x803F0F3C, 0x3EA0C49F
0x803F0F44, 0x62B517E1
0x803F0F4C, 0x3EC00022
0x803F0F34, 0x62D6C8C8
0x803F0F3C, 0x3EE01BBC
0x803F0F44, 0x62F7EF58
0x803F0F4C, 0x3F0007DE
0x803F0F34, 0x63183F84
0x803F0F3C, 0x3F200001
0x803F0F44, 0x63390486
0x803F0F4C, 0x3F403FD7
0x803F0F34, 0x635A0001
0x803F0F3C, 0x3F6003F2
0x803F0F44, 0x637B3FE1
0x803F0F4C, 0x3F800001
0x803F0F34, 0x639C0000
0x803F0F3C, 0x3FA04000
0x803F0F44, 0x63BD0000
0x803F0F4C, 0x3FC00000
0x803F0F34, 0x63DE4000
0x803F0F3C, 0x3FE00000
0x803F0F44, 0x63FF07E0
0x803F0F4C, 0xBE300000
0x803F0F34, 0x60000000
0x803F0F3C, 0x60000000
0x803F0F44, 0x60000000
0x803F0F4C, 0x60000000
0x803F0F34, 0x3A10003C
0x803F0F3C, 0x3E203F83
0x803F0F44, 0x62310001
0x803F0F4C, 0x3E4003F3
0x803F0F34, 0x62523FE1
0x803F0F3C, 0x3E600001
0x803F0F44, 0x627307E3
0x803F0F4C, 0x3E803F83
0x803F0F34, 0x62940000
0x803F0F3C, 0x3EA003F4
0x803F0F44, 0x62B53FE1
0x803F0F4C, 0x3EC00001
0x803F0F34, 0x62D607E4
0x803F0F3C, 0x3EE03F83
0x803F0F44, 0x62F70001
0x803F0F4C, 0x3F000488
0x803F0F34, 0x63183FD7
0x803F0F3C, 0x3F200002
0x803F0F44, 0x6339FA27
0x803F0F4C, 0x3F403698
0x803F0F34, 0x635A20E2
0x803F0F3C, 0x3F601915
0x803F0F44, 0x637B2CAC
0x803F0F4C, 0x3F80265B
0x803F0F34, 0x639CF04F
0x803F0F3C, 0x3FA02817
0x803F0F44, 0x63BD2F5B
0x803F0F4C, 0x3FC0172B
0x803F0F34, 0x63DE11B3
0x803F0F3C, 0x3FE038F9
0x803F0F44, 0x63FF1498
0x803F0F4C, 0xBE300000
0x803F0F34, 0x60000000
0x803F0F3C, 0x60000000
0x803F0F44, 0x60000000
0x803F0F4C, 0x60000000
0x803F0F34, 0x3A10003C
0x803F0F3C, 0x3E203A9D
0x803F0F44, 0x62310F61
0x803F0F4C, 0x3E403FB1
0x803F0F34, 0x62520649
0x803F0F3C, 0x3E600042
0x803F0F44, 0x6273D81E
0x803F0F4C, 0x3E80FFF6
0x803F0F34, 0x6294320E
0x803F0F3C, 0x3EA0F1CA
0x803F0F44, 0x62B5FFFC
0x803F0F4C, 0x3EC03E67
0x803F0F34, 0x62D6F21E
0x803F0F3C, 0x3EE0FFFC
0x803F0F44, 0x62F73E7A
0x803F0F4C, 0x3F00F7C1
0x803F0F34, 0x6318FFFD
0x803F0F3C, 0x3F203F77
0x803F0F44, 0x6339F7C1
0x803F0F4C, 0x3F40FFFD
0x803F0F34, 0x635A3F77
0x803F0F3C, 0x3F60D81C
0x803F0F44, 0x637BFFF6
0x803F0F4C, 0x3F80320C
0x803F0F34, 0x639CC3CC
0x803F0F3C, 0x3FA0FFF0
0x803F0F44, 0x63BD15B7
0x803F0F4C, 0x3FC0C3CC
0x803F0F34, 0x63DEFFF0
0x803F0F3C, 0x3FE015B6
0x803F0F44, 0x63FFC000
0x803F0F4C, 0xBE300000
0x803F0F34, 0x60000000
0x803F0F3C, 0x60000000
0x803F0F44, 0x60000000
0x803F0F4C, 0x60000000
0x803F0F34, 0x3A10003C
0x803F0F3C, 0x3E20FFEF
0x803F0F44, 0x62310026
0x803F0F4C, 0x3E40C000
0x803F0F34, 0x6252FFEF
0x803F0F3C, 0x3E600026
0x803F0F44, 0x6273C3D1
0x803F0F4C, 0x3E80FFF0
0x803F0F34, 0x6294EA3B
0x803F0F3C, 0x3EA0C3D1
0x803F0F44, 0x62B5FFF0
0x803F0F4C, 0x3EC0EA3B
0x803F0F34, 0x62D6D9A7
0x803F0F3C, 0x3EE0FFF6
0x803F0F44, 0x62F7CCC3
0x803F0F4C, 0x3F00D9A4
0x803F0F34, 0x6318FFF6
0x803F0F3C, 0x3F20CCC5
0x803F0F44, 0x6339F1E0
0x803F0F4C, 0x3F40FFFC
0x803F0F34, 0x635AC194
0x803F0F3C, 0x3F60F1C1
0x803F0F44, 0x637BFFFC
0x803F0F4C, 0x3F80C19B
0x803F0F34, 0x639CF3F9
0x803F0F3C, 0x3FA0FFFB
0x803F0F44, 0x63BDC124
0x803F0F4C, 0x3FC0F3F9
0x803F0F34, 0x63DEFFFB
0x803F0F3C, 0x3FE0C124
0x803F0F44, 0x63FF4000
0x803F0F4C, 0xBE300000
0x803F0F34, 0x60000000
0x803F0F3C, 0x60000000
0x803F0F44, 0x60000000
0x803F0F4C, 0x60000000
0x803F0F34, 0x3A10003C
0x803F0F3C, 0x3E20001A
0x803F0F44, 0x62310000
0x803F0F4C, 0x3E404000
0x803F0F34, 0x6252001A
0x803F0F3C, 0x3E600000
0x803F0F44, 0x62734000
0x803F0F4C, 0x3E80001A
0x803F0F34, 0x62940000
0x803F0F3C, 0x3EA007DD
0x803F0F44, 0x62B53F84
0x803F0F4C, 0x3EC00000
0x803F0F34, 0x62D64D6F
0x803F0F3C, 0x3EE06465
0x803F0F44, 0x62F76C20
0x803F0F4C, 0x3F006D61
0x803F0F34, 0x63186465
0x803F0F3C, 0x3F202077
0x803F0F44, 0x63396974
0x803F0F4C, 0x3F406820
0x803F0F34, 0x635A5375
0x803F0F3C, 0x3F607065
0x803F0F44, 0x637B7242
0x803F0F4C, 0x3F804D44
0x803F0F34, 0x639C2062
0x803F0F3C, 0x3FA07920
0x803F0F44, 0x63BD4761
0x803F0F4C, 0x3FC000B9
0x803F0F34, 0x63DE00B0
0x803F0F3C, 0x3FE000B9
0x803F0F44, 0x63FF00A7
0x803F0F4C, 0xBE300000
0x803F0F34, 0x60000000
0x803F0F3C, 0x60000000
0x803F0F44, 0x60000000
0x803F0F4C, 0x60000000
0x803F0F34, 0x3A10003C
0x803F0F3C, 0x3E200089
0x803F0F44, 0x623100A7
0x803F0F4C, 0x3E4000E9
0x803F0F34, 0x625200A7
0x803F0F3C, 0x3E6000E9
0x803F0F44, 0x627300B0
0x803F0F4C, 0x3E8000B9
0x803F0F34, 0x629400A7
0x803F0F3C, 0x3EA000B9
0x803F0F44, 0x62B500B0
0x803F0F4C, 0x3EC00089
0x803F0F34, 0x62D600A7
0x803F0F3C, 0x3EE00089
0x803F0F44, 0x62F700B0
0x803F0F4C, 0x3F000065
0x803F0F34, 0x631800A7
0x803F0F3C, 0x3F200065
0x803F0F44, 0x633900B0
0x803F0F4C, 0x3F400041
0x803F0F34, 0x635A00A7
0x803F0F3C, 0x3F600041
0x803F0F44, 0x637B00B0
0x803F0F4C, 0x3F800065
0x803F0F34, 0x639C00A7
0x803F0F3C, 0x3FA00065
0x803F0F44, 0x63BD00B0
0x803F0F4C, 0x3FC00089
0x803F0F34, 0x63DE00B0
0x803F0F3C, 0x3FE000A5
0x803F0F44, 0x63FF00A5
0x803F0F4C, 0xBE300000
0x803F0F34, 0x60000000
0x803F0F3C, 0x60000000
0x803F0F44, 0x60000000
0x803F0F4C, 0x60000000
0x803F0F34, 0x3A10003C
0x803F0F3C, 0x3E2000E9
0x803F0F44, 0x6231007D
0x803F0F4C, 0x3E4000E9
0x803F0F34, 0x625200A5
0x803F0F3C, 0x3E6000A5
0x803F0F44, 0x6273007D
0x803F0F4C, 0x3E800000
0x803F0F34, 0x629400A5
0x803F0F3C, 0x3EA00000
0x803F0F44, 0x62B5007D
0x803F0F4C, 0x3EC000A5
0x803F0F34, 0x62D6007D
0x803F0F3C, 0x3EE000A5
0x803F0F44, 0x62F700A5
0x803F0F4C, 0x3F0000E9
0x803F0F34, 0x6318007D
0x803F0F3C, 0x3F2000E9
0x803F0F44, 0x633900A5
0x803F0F4C, 0x3F4000A5
0x803F0F34, 0x635A007D
0x803F0F3C, 0x3F600000
0x803F0F44, 0x637B00A5
0x803F0F4C, 0x3F800000
0x803F0F34, 0x639C007D
0x803F0F3C, 0x3FA000A5
0x803F0F44, 0x63BD007D
0x803F0F4C, 0x3FC000A5
0x803F0F34, 0x63DE00A5
0x803F0F3C, 0x3FE000E9
0x803F0F44, 0x63FF00A5
0x803F0F4C, 0xBE300000
0x803F0F34, 0x60000000
0x803F0F3C, 0x60000000
0x803F0F44, 0x60000000
0x803F0F4C, 0x60000000
0x803F0F34, 0x3A10003C
0x803F0F3C, 0x3E2000A5
0x803F0F44, 0x623100A5
0x803F0F4C, 0x3E4000E9
0x803F0F34, 0x625200A5
0x803F0F3C, 0x3E6000CF
0x803F0F44, 0x62730013
0x803F0F4C, 0x3E8000DD
0x803F0F34, 0x62940052
0x803F0F3C, 0x3EA000DF
0x803F0F44, 0x62B50013
0x803F0F4C, 0x3EC000CF
0x803F0F34, 0x62D60052
0x803F0F3C, 0x3EE000DF
0x803F0F44, 0x62F70013
0x803F0F4C, 0x3F0000EA
0x803F0F34, 0x63180052
0x803F0F3C, 0x3F2000EF
0x803F0F44, 0x63390013
0x803F0F4C, 0x3F4000DD
0x803F0F34, 0x635A0052
0x803F0F3C, 0x3F6000EF
0x803F0F44, 0x637B0013
0x803F0F4C, 0x3F8000EA
0x803F0F34, 0x639C0052
0x803F0F3C, 0x3FA000EA
0x803F0F44, 0x63BD0052
0x803F0F4C, 0x3FC000EF
0x803F0F34, 0x63DE0013
0x803F0F3C, 0x3FE000EA
0x803F0F44, 0x63FF0052
0x803F0F4C, 0xBE300000
0x803F0F34, 0x60000000
0x803F0F3C, 0x60000000
0x803F0F44, 0x60000000
0x803F0F4C, 0x60000000
0x803F0F34, 0x3A10003C
0x803F0F3C, 0x3E2000DF
0x803F0F44, 0x62310013
0x803F0F4C, 0x3E4000EF
0x803F0F34, 0x62520013
0x803F0F3C, 0x3E6000DC
0x803F0F44, 0x62730052
0x803F0F4C, 0x3E8000DC
0x803F0F34, 0x62940052
0x803F0F3C, 0x3EA000CF
0x803F0F44, 0x62B50013
0x803F0F4C, 0x3EC000DF
0x803F0F34, 0x62D60013
0x803F0F3C, 0x3EE000CF
0x803F0F44, 0x62F70052
0x803F0F4C, 0x3F0000CF
0x803F0F34, 0x63180052
0x803F0F3C, 0x3F2000CF
0x803F0F44, 0x63390013
0x803F0F4C, 0x3F4000CF
0x803F0F34, 0x635A0052
0x803F0F3C, 0x3F6000CF
0x803F0F44, 0x637B0013
0x803F0F4C, 0x3F800010
0x803F0F34, 0x639C00BD
0x803F0F3C, 0x3FA00003
0x803F0F44, 0x63BD00A7
0x803F0F4C, 0x3FC0001C
0x803F0F34, 0x63DE00A7
0x803F0F3C, 0x3FE00003
0x803F0F44, 0x63FF00A7
0x803F0F4C, 0xBE300000
0x803F0F34, 0x60000000
0x803F0F3C, 0x60000000
0x803F0F44, 0x60000000
0x803F0F4C, 0x60000000
0x803F0F34, 0x3A10003C
0x803F0F3C, 0x3E200003
0x803F0F44, 0x623100A7
0x803F0F4C, 0x3E4000E9
0x803F0F34, 0x6252007F
0x803F0F3C, 0x3E600000
0x803F0F44, 0x627300A5
0x803F0F4C, 0x3E8000E9
0x803F0F34, 0x629400A5
0x803F0F3C, 0x3EA00000
0x803F0F44, 0x62B5007F
0x803F0F4C, 0x3EC000E9
0x803F0F34, 0x62D6007F
0x803F0F3C, 0x3EE00000
0x803F0F44, 0x62F700A5
0x803F0F4C, 0x3F0000E9
0x803F0F34, 0x631800A5
0x803F0F3C, 0x3F200000
0x803F0F44, 0x6339007F
0x803F0F4C, 0x3F4000E9
0x803F0F34, 0x635A007F
0x803F0F3C, 0x3F600000
0x803F0F44, 0x637B00A5
0x803F0F4C, 0x3F8000E9
0x803F0F34, 0x639C00A5
0x803F0F3C, 0x3FA00000
0x803F0F44, 0x63BD007F
0x803F0F4C, 0x3FC0001C
0x803F0F34, 0x63DE00A7
0x803F0F3C, 0x3FE0001C
0x803F0F44, 0x63FF00A7
0x803F0F4C, 0xBE300000
0x803F0F34, 0x60000000
0x803F0F3C, 0x60000000
0x803F0F44, 0x60000000
0x803F0F4C, 0x60000000
0x803F0F34, 0x3A10003C
0x803F0F3C, 0x3E20001C
0x803F0F44, 0x623100A7
0x803F0F4C, 0x3E40001C
0x803F0F34, 0x625200A7
0x803F0F3C, 0x3E600003
0x803F0F44, 0x627300A7
0x803F0F4C, 0x3E800003
0x803F0F34, 0x629400A7
0x803F0F3C, 0x3EA000E9
0x803F0F44, 0x62B5007D
0x803F0F4C, 0x3EC00000
0x803F0F34, 0x62D600A5
0x803F0F3C, 0x3EE000E9
0x803F0F44, 0x62F700A5
0x803F0F4C, 0x3F000000
0x803F0F34, 0x6318007D
0x803F0F3C, 0x3F2000E9
0x803F0F44, 0x6339007D
0x803F0F4C, 0x3F400000
0x803F0F34, 0x635A00A5
0x803F0F3C, 0x3F6000E9
0x803F0F44, 0x637B00A5
0x803F0F4C, 0x3F800000
0x803F0F34, 0x639C007D
0x803F0F3C, 0x3FA000E9
0x803F0F44, 0x63BD007D
0x803F0F4C, 0x3FC00000
0x803F0F34, 0x63DE00A5
0x803F0F3C, 0x3FE000E9
0x803F0F44, 0x63FF00A5
0x803F0F4C, 0xBE300000
0x803F0F34, 0x60000000
0x803F0F3C, 0x60000000
0x803F0F44, 0x60000000
0x803F0F4C, 0x60000000
0x803F0F34, 0x3A10003C
0x803F0F3C, 0x3E200000
0x803F0F44, 0x6231007D
0x803F0F4C, 0x3E4000E9
0x803F0F34, 0x6252007D
0x803F0F3C, 0x3E600000
0x803F0F44, 0x627300A5
0x803F0F4C, 0x3E8000E9
0x803F0F34, 0x629400A5
0x803F0F3C, 0x3EA00000
0x803F0F44, 0x62B5007D
0x803F0F4C, 0x3EC000E9
0x803F0F34, 0x62D6007D
0x803F0F3C, 0x3EE00000
0x803F0F44, 0x62F700A5
0x803F0F4C, 0x3F0000E9
0x803F0F34, 0x631800A5
0x803F0F3C, 0x3F200000
0x803F0F44, 0x6339007D
0x803F0F4C, 0x3F4000E9
0x803F0F34, 0x635A007D
0x803F0F3C, 0x3F600000
0x803F0F44, 0x637B00A5
0x803F0F4C, 0x3F8000E9
0x803F0F34, 0x639C00A5
0x803F0F3C, 0x3FA00000
0x803F0F44, 0x63BD007D
0x803F0F4C, 0x3FC000E9
0x803F0F34, 0x63DE00A5
0x803F0F3C, 0x3FE00000
0x803F0F44, 0x63FF007F
0x803F0F4C, 0xBE300000
0x803F0F34, 0x60000000
0x803F0F3C, 0x60000000
0x803F0F44, 0x60000000
0x803F0F4C, 0x60000000
0x803F0F34, 0x3A10003C
0x803F0F3C, 0x3E200000
0x803F0F44, 0x623100A5
0x803F0F4C, 0x3E4000E9
0x803F0F34, 0x6252007F
0x803F0F3C, 0x3E6000E9
0x803F0F44, 0x6273007D
0x803F0F4C, 0x3E800000
0x803F0F34, 0x6294007D
0x803F0F3C, 0x3EA000E9
0x803F0F44, 0x62B5007D
0x803F0F4C, 0x3EC00000
0x803F0F34, 0x62D600A5
0x803F0F3C, 0x3EE000E9
0x803F0F44, 0x62F700A5
0x803F0F4C, 0x3F000000
0x803F0F34, 0x6318007D
0x803F0F3C, 0x3F2000E9
0x803F0F44, 0x6339007D
0x803F0F4C, 0x3F400000
0x803F0F34, 0x635A00A5
0x803F0F3C, 0x3F6000E9
0x803F0F44, 0x637B00A5
0x803F0F4C, 0x3F800000
0x803F0F34, 0x639C007D
0x803F0F3C, 0x3FA00000
0x803F0F44, 0x63BD007D
0x803F0F4C, 0x3FC000E9
0x803F0F34, 0x63DE00A5
0x803F0F3C, 0x3FE00000
0x803F0F44, 0x63FF00A5
0x803F0F4C, 0xBE300000
0x803F0F34, 0x60000000
0x803F0F3C, 0x60000000
0x803F0F44, 0x60000000
0x803F0F4C, 0x60000000
0x803F0F34, 0x3A10003C
0x803F0F3C, 0x3E2000E9
0x803F0F44, 0x6231007D
0x803F0F4C, 0x3E400000
0x803F0F34, 0x6252007D
0x803F0F3C, 0x3E6000E9
0x803F0F44, 0x627300A5
0x803F0F4C, 0x3E800000
0x803F0F34, 0x629400A5
0x803F0F3C, 0x3EA000E9
0x803F0F44, 0x62B5007D
0x803F0F4C, 0x3EC00000
0x803F0F34, 0x62D6007D
0x803F0F3C, 0x3EE000E9
0x803F0F44, 0x62F7007D
0x803F0F4C, 0x3F000000
0x803F0F34, 0x6318007D
0x803F0F3C, 0x3F2000E9
0x803F0F44, 0x6339007D
0x803F0F4C, 0x3F400000
0x803F0F34, 0x635A007D
0x803F0F3C, 0x3F6000E9
0x803F0F44, 0x637B007D
0x803F0F4C, 0x3F8000E9
0x803F0F34, 0x639C007F
0x803F0F3C, 0x3FA00000
0x803F0F44, 0x63BD00A5
0x803F0F4C, 0x3FC000E9
0x803F0F34, 0x63DE00A5
0x803F0F3C, 0x3FE00000
0x803F0F44, 0x63FF007F
0x803F0F4C, 0xBE300000
0x803F0F34, 0x60000000
0x803F0F3C, 0x60000000
0x803F0F44, 0x60000000
0x803F0F4C, 0x60000000
0x803F0F34, 0x3A10003C
0x803F0F3C, 0x3E2000E9
0x803F0F44, 0x6231007F
0x803F0F4C, 0x3E400000
0x803F0F34, 0x625200A5
0x803F0F3C, 0x3E6000E9
0x803F0F44, 0x627300A5
0x803F0F4C, 0x3E800000
0x803F0F34, 0x6294007F
0x803F0F3C, 0x3EA000E9
0x803F0F44, 0x62B5007F
0x803F0F4C, 0x3EC00000
0x803F0F34, 0x62D6007F
0x803F0F3C, 0x3EE00000
0x803F0F44, 0x62F7007D
0x803F0F4C, 0x3F0000E9
0x803F0F34, 0x6318007D
0x803F0F3C, 0x3F200000
0x803F0F44, 0x6339007D
0x803F0F4C, 0x3F4000E9
0x803F0F34, 0x635A007D
0x803F0F3C, 0x3F6000E9
0x803F0F44, 0x637B007F
0x803F0F4C, 0x3F800000
0x803F0F34, 0x639C007F
0x803F0F3C, 0x3FA00000
0x803F0F44, 0x63BD00A5
0x803F0F4C, 0x3FC000E9
0x803F0F34, 0x63DE00A5
0x803F0F3C, 0x3FE00000
0x803F0F44, 0x63FF007D
0x803F0F4C, 0xBE300000
0x803F0F34, 0x60000000
0x803F0F3C, 0x60000000
0x803F0F44, 0x60000000
0x803F0F4C, 0x60000000
0x803F0F34, 0x3A10003C
0x803F0F3C, 0x3E200000
0x803F0F44, 0x623100A5
0x803F0F4C, 0x3E4000E9
0x803F0F34, 0x625200A5
0x803F0F3C, 0x3E600000
0x803F0F44, 0x627300A5
0x803F0F4C, 0x3E8000E9
0x803F0F34, 0x629400A5
0x803F0F3C, 0x3EA00000
0x803F0F44, 0x62B500A5
0x803F0F4C, 0x3EC000E9
0x803F0F34, 0x62D600A5
0x803F0F3C, 0x3EE00000
0x803F0F44, 0x62F700A5
0x803F0F4C, 0x3F0000E9
0x803F0F34, 0x631800A5
0x803F0F3C, 0x3F200000
0x803F0F44, 0x633900A5
0x803F0F4C, 0x3F4000E9
0x803F0F34, 0x635A00A5
0x803F0F3C, 0x3F600000
0x803F0F44, 0x637B00A5
0x803F0F4C, 0x3F8000E9
0x803F0F34, 0x639C00A5
0x803F0F3C, 0x3FA00000
0x803F0F44, 0x63BD00A5
0x803F0F4C, 0x3FC000E9
0x803F0F34, 0x63DE00A5
0x803F0F3C, 0x3FE000CF
0x803F0F44, 0x63FF006A
0x803F0F4C, 0xBE300000
0x803F0F34, 0x60000000
0x803F0F3C, 0x60000000
0x803F0F44, 0x60000000
0x803F0F4C, 0x60000000
0x803F0F34, 0x3A10003C
0x803F0F3C, 0x3E2000EA
0x803F0F44, 0x6231006A
0x803F0F4C, 0x3E4000CF
0x803F0F34, 0x6252006A
0x803F0F3C, 0x3E6000EA
0x803F0F44, 0x6273006A
0x803F0F4C, 0x3E8000DC
0x803F0F34, 0x6294006A
0x803F0F3C, 0x3EA000DD
0x803F0F44, 0x62B5006A
0x803F0F4C, 0x3EC0001E
0x803F0F34, 0x62D6004D
0x803F0F3C, 0x3EE0001F
0x803F0F44, 0x62F7002A
0x803F0F4C, 0x3F00001E
0x803F0F34, 0x6318002A
0x803F0F3C, 0x3F20001F
0x803F0F44, 0x6339004D
0x803F0F4C, 0x3F4000CF
0x803F0F34, 0x635A0065
0x803F0F3C, 0x3F6000DC
0x803F0F44, 0x637B0065
0x803F0F4C, 0x3F8000DC
0x803F0F34, 0x639C0065
0x803F0F3C, 0x3FA000EA
0x803F0F44, 0x63BD0065
0x803F0F4C, 0x3FC00020
0x803F0F34, 0x63DE004D
0x803F0F3C, 0x3FE00020
0x803F0F44, 0x63FF002A
0x803F0F4C, 0xBE300000
0x803F0F34, 0x60000000
0x803F0F3C, 0x60000000
0x803F0F44, 0x60000000
0x803F0F4C, 0x60000000
0x803F0F34, 0x3A10003C
0x803F0F3C, 0x3E200020
0x803F0F44, 0x6231004D
0x803F0F4C, 0x3E400020
0x803F0F34, 0x6252002A
0x803F0F3C, 0x3E6000DD
0x803F0F44, 0x62730065
0x803F0F4C, 0x3E8000EA
0x803F0F34, 0x62940065
0x803F0F3C, 0x3EA000CF
0x803F0F44, 0x62B50065
0x803F0F4C, 0x3EC000DD
0x803F0F34, 0x62D60065
0x803F0F3C, 0x3EE000CF
0x803F0F44, 0x62F70065
0x803F0F4C, 0x3F0000CF
0x803F0F34, 0x6318006A
0x803F0F3C, 0x3F2000CF
0x803F0F44, 0x63390065
0x803F0F4C, 0x3F4000CF
0x803F0F34, 0x635A006A
0x803F0F3C, 0x3F6000DC
0x803F0F44, 0x637B006A
0x803F0F4C, 0x3F8000CF
0x803F0F34, 0x639C006A
0x803F0F3C, 0x3FA000EA
0x803F0F44, 0x63BD006A
0x803F0F4C, 0x3FC000DC
0x803F0F34, 0x63DE006A
0x803F0F3C, 0x3FE000EA
0x803F0F44, 0x63FF006A
0x803F0F4C, 0xBE300000
0x803F0F34, 0x60000000
0x803F0F3C, 0x60000000
0x803F0F44, 0x60000000
0x803F0F4C, 0x60000000
0x803F0F34, 0x3A10003C
0x803F0F3C, 0x3E2000EA
0x803F0F44, 0x62310065
0x803F0F4C, 0x3E4000EA
0x803F0F34, 0x6252006A
0x803F0F3C, 0x3E6000EA
0x803F0F44, 0x62730065
0x803F0F4C, 0x3E8000DD
0x803F0F34, 0x6294006A
0x803F0F3C, 0x3EA000EA
0x803F0F44, 0x62B5006A
0x803F0F4C, 0x3EC000CF
0x803F0F34, 0x62D6006A
0x803F0F3C, 0x3EE000DD
0x803F0F44, 0x62F7006A
0x803F0F4C, 0x3F0000BA
0x803F0F34, 0x6318000F
0x803F0F3C, 0x3F2000FB
0x803F0F44, 0x6339002B
0x803F0F4C, 0x3F4000B9
0x803F0F34, 0x635A000F
0x803F0F3C, 0x3F6000FC
0x803F0F44, 0x637B002B
0x803F0F4C, 0x3F8000B9
0x803F0F34, 0x639C0068
0x803F0F3C, 0x3FA000FB
0x803F0F44, 0x63BD002B
0x803F0F4C, 0x3FC000FB
0x803F0F34, 0x63DE004C
0x803F0F3C, 0x3FE000B9
0x803F0F44, 0x63FF000F
0x803F0F4C, 0xBE300000
0x803F0F34, 0x60000000
0x803F0F3C, 0x60000000
0x803F0F44, 0x60000000
0x803F0F4C, 0x60000000
0x803F0F34, 0x3A10003C
0x803F0F3C, 0x3E2000FB
0x803F0F44, 0x6231004C
0x803F0F4C, 0x3E4000BA
0x803F0F34, 0x62520068
0x803F0F3C, 0x3E6000B9
0x803F0F44, 0x62730068
0x803F0F4C, 0x3E8000FC
0x803F0F34, 0x6294004C
0x803F0F3C, 0x3EA000BA
0x803F0F44, 0x62B5000F
0x803F0F4C, 0x3EC000BA
0x803F0F34, 0x62D60068
0x803F0F3C, 0x3EE000FC
0x803F0F44, 0x62F7002B
0x803F0F4C, 0x3F0000FC
0x803F0F34, 0x6318004C
0x803F0F3C, 0x3F2000BC
0x803F0F44, 0x6339000F
0x803F0F4C, 0x3F4000FD
0x803F0F34, 0x635A002B
0x803F0F3C, 0x3F6000FD
0x803F0F44, 0x637B002B
0x803F0F4C, 0x3F8000BA
0x803F0F34, 0x639C000F
0x803F0F3C, 0x3FA000BA
0x803F0F44, 0x63BD0068
0x803F0F4C, 0x3FC000FD
0x803F0F34, 0x63DE002B
0x803F0F3C, 0x3FE000FD
0x803F0F44, 0x63FF004C
0x803F0F4C, 0xBE300000
0x803F0F34, 0x60000000
0x803F0F3C, 0x60000000
0x803F0F44, 0x60000000
0x803F0F4C, 0x60000000
0x803F0F34, 0x3A10003C
0x803F0F3C, 0x3E2000BA
0x803F0F44, 0x6231000F
0x803F0F4C, 0x3E4000BC
0x803F0F34, 0x62520068
0x803F0F3C, 0x3E6000FD
0x803F0F44, 0x6273004C
0x803F0F4C, 0x3E8000FD
0x803F0F34, 0x6294004C
0x803F0F3C, 0x3EA000BA
0x803F0F44, 0x62B50068
0x803F0F4C, 0x3EC000BC
0x803F0F34, 0x62D60068
0x803F0F3C, 0x3EE000FD
0x803F0F44, 0x62F7002B
0x803F0F4C, 0x3F0000BC
0x803F0F34, 0x6318000F
0x803F0F3C, 0x3F2000FD
0x803F0F44, 0x6339004C
0x803F0F4C, 0x3F400071
0x803F0F34, 0x635A0006
0x803F0F3C, 0x3F60003E
0x803F0F44, 0x637B0011
0x803F0F4C, 0x3F800073
0x803F0F34, 0x639C0006
0x803F0F3C, 0x3FA0003F
0x803F0F44, 0x63BD0011
0x803F0F4C, 0x3FC00071
0x803F0F34, 0x63DE0071
0x803F0F3C, 0x3FE0003E
0x803F0F44, 0x63FF0011
0x803F0F4C, 0xBE300000
0x803F0F34, 0x60000000
0x803F0F3C, 0x60000000
0x803F0F44, 0x60000000
0x803F0F4C, 0x60000000
0x803F0F34, 0x3A10003C
0x803F0F3C, 0x3E200071
0x803F0F44, 0x62310006
0x803F0F4C, 0x3E40003E
0x803F0F34, 0x62520066
0x803F0F3C, 0x3E60003E
0x803F0F44, 0x62730066
0x803F0F4C, 0x3E800071
0x803F0F34, 0x62940071
0x803F0F3C, 0x3EA00073
0x803F0F44, 0x62B50071
0x803F0F4C, 0x3EC0003F
0x803F0F34, 0x62D60066
0x803F0F3C, 0x3EE00073
0x803F0F44, 0x62F70071
0x803F0F4C, 0x3F000073
0x803F0F34, 0x63180006
0x803F0F3C, 0x3F20003F
0x803F0F44, 0x63390011
0x803F0F4C, 0x3F40003F
0x803F0F34, 0x635A0066
0x803F0F3C, 0x3F600075
0x803F0F44, 0x637B0006
0x803F0F4C, 0x3F800040
0x803F0F34, 0x639C0011
0x803F0F3C, 0x3FA00041
0x803F0F44, 0x63BD0011
0x803F0F4C, 0x3FC00073
0x803F0F34, 0x63DE0006
0x803F0F3C, 0x3FE00040
0x803F0F44, 0x63FF0011
0x803F0F4C, 0xBE300000
0x803F0F34, 0x60000000
0x803F0F3C, 0x60000000
0x803F0F44, 0x60000000
0x803F0F4C, 0x60000000
0x803F0F34, 0x3A10003C
0x803F0F3C, 0x3E200073
0x803F0F44, 0x62310071
0x803F0F4C, 0x3E400040
0x803F0F34, 0x62520066
0x803F0F3C, 0x3E600073
0x803F0F44, 0x62730006
0x803F0F4C, 0x3E800041
0x803F0F34, 0x62940066
0x803F0F3C, 0x3EA00040
0x803F0F44, 0x62B50066
0x803F0F4C, 0x3EC00075
0x803F0F34, 0x62D60071
0x803F0F3C, 0x3EE00073
0x803F0F44, 0x62F70071
0x803F0F4C, 0x3F000075
0x803F0F34, 0x63180071
0x803F0F3C, 0x3F200041
0x803F0F44, 0x63390011
0x803F0F4C, 0x3F400041
0x803F0F34, 0x635A0066
0x803F0F3C, 0x3F600075
0x803F0F44, 0x637B0006
0x803F0F4C, 0x3F800020
0x803F0F34, 0x639C004D
0x803F0F3C, 0x3FA00020
0x803F0F44, 0x63BD002A
0x803F0F4C, 0x3FC00020
0x803F0F34, 0x63DE004D
0x803F0F3C, 0x3FE00020
0x803F0F44, 0x63FF002A
0x803F0F4C, 0xBE300000
0x803F0F34, 0x60000000
0x803F0F3C, 0x60000000
0x803F0F44, 0x60000000
0x803F0F4C, 0x60000000
0x803F0F34, 0x3A10003C
0x803F0F3C, 0x3E20001E
0x803F0F44, 0x6231004D
0x803F0F4C, 0x3E40001E
0x803F0F34, 0x6252002A
0x803F0F3C, 0x3E60001F
0x803F0F44, 0x6273004D
0x803F0F4C, 0x3E80001F
0x803F0F34, 0x6294002A
0x803F0F3C, 0x3EA00030
0x803F0F44, 0x62B50099
0x803F0F4C, 0x3EC00032
0x803F0F34, 0x62D60099
0x803F0F3C, 0x3EE00030
0x803F0F44, 0x62F7009A
0x803F0F4C, 0x3F000032
0x803F0F34, 0x6318009A
0x803F0F3C, 0x3F200034
0x803F0F44, 0x63390099
0x803F0F4C, 0x3F400033
0x803F0F34, 0x635A009A
0x803F0F3C, 0x3F600034
0x803F0F44, 0x637B009B
0x803F0F4C, 0x3F800035
0x803F0F34, 0x639C009A
0x803F0F3C, 0x3FA00036
0x803F0F44, 0x63BD009C
0x803F0F4C, 0x3FC00037
0x803F0F34, 0x63DE009C
0x803F0F3C, 0x3FE00036
0x803F0F44, 0x63FF009F
0x803F0F4C, 0xBE300000
0x803F0F34, 0x60000000
0x803F0F3C, 0x60000000
0x803F0F44, 0x60000000
0x803F0F4C, 0x60000000
0x803F0F34, 0x3A10003C
0x803F0F3C, 0x3E200037
0x803F0F44, 0x6231009E
0x803F0F4C, 0x3E400036
0x803F0F34, 0x625200A1
0x803F0F3C, 0x3E600037
0x803F0F44, 0x627300A1
0x803F0F4C, 0x3E800036
0x803F0F34, 0x629400A3
0x803F0F3C, 0x3EA00037
0x803F0F44, 0x62B500A4
0x803F0F4C, 0x3EC00036
0x803F0F34, 0x62D600A5
0x803F0F3C, 0x3EE00037
0x803F0F44, 0x62F700A6
0x803F0F4C, 0x3F000035
0x803F0F34, 0x631800A8
0x803F0F3C, 0x3F200034
0x803F0F44, 0x633900A7
0x803F0F4C, 0x3F400034
0x803F0F34, 0x635A00A9
0x803F0F3C, 0x3F600033
0x803F0F44, 0x637B00A8
0x803F0F4C, 0x3F800032
0x803F0F34, 0x639C00A8
0x803F0F3C, 0x3FA00032
0x803F0F44, 0x63BD00A9
0x803F0F4C, 0x3FC00030
0x803F0F34, 0x63DE00A8
0x803F0F3C, 0x3FE00030
0x803F0F44, 0x63FF00A9
0x803F0F4C, 0xBE300000
0x803F0F34, 0x60000000
0x803F0F3C, 0x60000000
0x803F0F44, 0x60000000
0x803F0F4C, 0x60000000
0x803F0F34, 0x3A10003C
0x803F0F3C, 0x3E200032
0x803F0F44, 0x6231009B
0x803F0F4C, 0x3E400031
0x803F0F34, 0x6252009B
0x803F0F3C, 0x3E600033
0x803F0F44, 0x6273009B
0x803F0F4C, 0x3E800034
0x803F0F34, 0x6294009C
0x803F0F3C, 0x3EA00035
0x803F0F44, 0x62B5009D
0x803F0F4C, 0x3EC00035
0x803F0F34, 0x62D6009F
0x803F0F3C, 0x3EE00035
0x803F0F44, 0x62F700A1
0x803F0F4C, 0x3F000035
0x803F0F34, 0x631800A3
0x803F0F3C, 0x3F200035
0x803F0F44, 0x633900A5
0x803F0F4C, 0x3F400034
0x803F0F34, 0x635A00A6
0x803F0F3C, 0x3F600033
0x803F0F44, 0x637B00A7
0x803F0F4C, 0x3F800032
0x803F0F34, 0x639C00A7
0x803F0F3C, 0x3FA00031
0x803F0F44, 0x63BD00A7
0x803F0F4C, 0x3FC00032
0x803F0F34, 0x63DE009C
0x803F0F3C, 0x3FE00031
0x803F0F44, 0x63FF009C
0x803F0F4C, 0xBE300000
0x803F0F34, 0x60000000
0x803F0F3C, 0x60000000
0x803F0F44, 0x60000000
0x803F0F4C, 0x60000000
0x803F0F34, 0x3A10003C
0x803F0F3C, 0x3E200032
0x803F0F44, 0x6231009C
0x803F0F4C, 0x3E400033
0x803F0F34, 0x6252009D
0x803F0F3C, 0x3E600034
0x803F0F44, 0x6273009E
0x803F0F4C, 0x3E800035
0x803F0F34, 0x6294009F
0x803F0F3C, 0x3EA00035
0x803F0F44, 0x62B500A1
0x803F0F4C, 0x3EC00035
0x803F0F34, 0x62D600A3
0x803F0F3C, 0x3EE00034
0x803F0F44, 0x62F700A4
0x803F0F4C, 0x3F000033
0x803F0F34, 0x631800A5
0x803F0F3C, 0x3F200032
0x803F0F44, 0x633900A6
0x803F0F4C, 0x3F400032
0x803F0F34, 0x635A00A7
0x803F0F3C, 0x3F600031
0x803F0F44, 0x637B00A7
0x803F0F4C, 0x3F800032
0x803F0F34, 0x639C009D
0x803F0F3C, 0x3FA00031
0x803F0F44, 0x63BD009D
0x803F0F4C, 0x3FC00032
0x803F0F34, 0x63DE009D
0x803F0F3C, 0x3FE00033
0x803F0F44, 0x63FF009E
0x803F0F4C, 0xBE300000
0x803F0F34, 0x60000000
0x803F0F3C, 0x60000000
0x803F0F44, 0x60000000
0x803F0F4C, 0x60000000
0x803F0F34, 0x3A10003C
0x803F0F3C, 0x3E200034
0x803F0F44, 0x6231009E
0x803F0F4C, 0x3E400034
0x803F0F34, 0x625200A0
0x803F0F3C, 0x3E600034
0x803F0F44, 0x627300A1
0x803F0F4C, 0x3E800034
0x803F0F34, 0x629400A2
0x803F0F3C, 0x3EA00034
0x803F0F44, 0x62B500A4
0x803F0F4C, 0x3EC00033
0x803F0F34, 0x62D600A5
0x803F0F3C, 0x3EE00032
0x803F0F44, 0x62F700A5
0x803F0F4C, 0x3F000032
0x803F0F34, 0x631800A6
0x803F0F3C, 0x3F200031
0x803F0F44, 0x633900A6
0x803F0F4C, 0x3F400032
0x803F0F34, 0x635A009E
0x803F0F3C, 0x3F600031
0x803F0F44, 0x637B009E
0x803F0F4C, 0x3F800032
0x803F0F34, 0x639C009E
0x803F0F3C, 0x3FA00033
0x803F0F44, 0x63BD009F
0x803F0F4C, 0x3FC00034
0x803F0F34, 0x63DE009F
0x803F0F3C, 0x3FE00034
0x803F0F44, 0x63FF00A0
0x803F0F4C, 0xBE300000
0x803F0F34, 0x60000000
0x803F0F3C, 0x60000000
0x803F0F44, 0x60000000
0x803F0F4C, 0x60000000
0x803F0F34, 0x3A10003C
0x803F0F3C, 0x3E200034
0x803F0F44, 0x623100A1
0x803F0F4C, 0x3E400034
0x803F0F34, 0x625200A2
0x803F0F3C, 0x3E600034
0x803F0F44, 0x627300A3
0x803F0F4C, 0x3E800033
0x803F0F34, 0x629400A4
0x803F0F3C, 0x3EA00033
0x803F0F44, 0x62B500A2
0x803F0F4C, 0x3EC00032
0x803F0F34, 0x62D600A4
0x803F0F3C, 0x3EE00032
0x803F0F44, 0x62F700A3
0x803F0F4C, 0x3F000032
0x803F0F34, 0x631800A4
0x803F0F3C, 0x3F200032
0x803F0F44, 0x633900A3
0x803F0F4C, 0x3F400031
0x803F0F34, 0x635A00A4
0x803F0F3C, 0x3F60003F
0x803F0F44, 0x637B00F3
0x803F0F4C, 0x3F80001C
0x803F0F34, 0x639C00F3
0x803F0F3C, 0x3FA00031
0x803F0F44, 0x63BD00F4
0x803F0F4C, 0x3FC00029
0x803F0F34, 0x63DE00F2
0x803F0F3C, 0x3FE00059
0x803F0F44, 0x63FF00F2
0x803F0F4C, 0xBE300000
0x803F0F34, 0x60000000
0x803F0F3C, 0x60000000
0x803F0F44, 0x60000000
0x803F0F4C, 0x60000000
0x803F0F34, 0x3A10003C
0x803F0F3C, 0x3E200044
0x803F0F44, 0x623100F1
0x803F0F4C, 0x3E40006F
0x803F0F34, 0x625200F1
0x803F0F3C, 0x3E60005B
0x803F0F44, 0x627300F1
0x803F0F4C, 0x3E800070
0x803F0F34, 0x629400F0
0x803F0F3C, 0x3EA00085
0x803F0F44, 0x62B500F1
0x803F0F4C, 0x3EC00031
0x803F0F34, 0x62D600A3
0x803F0F3C, 0x3EE00031
0x803F0F44, 0x62F700A1
0x803F0F4C, 0x3F000032
0x803F0F34, 0x631800A1
0x803F0F3C, 0x3F20007F
0x803F0F44, 0x633900F5
0x803F0F4C, 0x3F40005C
0x803F0F34, 0x635A00F5
0x803F0F3C, 0x3F600071
0x803F0F44, 0x637B00F6
0x803F0F4C, 0x3F80006A
0x803F0F34, 0x639C00F5
0x803F0F3C, 0x3FA00096
0x803F0F44, 0x63BD00F4
0x803F0F4C, 0x3FC00082
0x803F0F34, 0x63DE00F3
0x803F0F3C, 0x3FE000A7
0x803F0F44, 0x63FF00F3
0x803F0F4C, 0xBE300000
0x803F0F34, 0x60000000
0x803F0F3C, 0x60000000
0x803F0F44, 0x60000000
0x803F0F4C, 0x60000000
0x803F0F34, 0x3A10003C
0x803F0F3C, 0x3E200095
0x803F0F44, 0x623100F3
0x803F0F4C, 0x3E4000AC
0x803F0F34, 0x625200F2
0x803F0F3C, 0x3E6000A3
0x803F0F44, 0x627300F2
0x803F0F4C, 0x3E800031
0x803F0F34, 0x629400A0
0x803F0F3C, 0x3EA00032
0x803F0F44, 0x62B500A0
0x803F0F4C, 0x3EC00032
0x803F0F34, 0x62D600A0
0x803F0F3C, 0x3EE00033
0x803F0F44, 0x62F700A0
0x803F0F4C, 0x3F000047
0x803F0F34, 0x631800F5
0x803F0F3C, 0x3F200055
0x803F0F44, 0x633900F4
0x803F0F4C, 0x3F40006F
0x803F0F34, 0x635A00F3
0x803F0F3C, 0x3F600084
0x803F0F44, 0x637B00F2
0x803F0F4C, 0x3F800097
0x803F0F34, 0x639C00F1
0x803F0F3C, 0x3FA00032
0x803F0F44, 0x63BD00A1
0x803F0F4C, 0x3FC00033
0x803F0F34, 0x63DE00A1
0x803F0F3C, 0x3FE000CE
0x803F0F44, 0x63FF00DA
0x803F0F4C, 0xBE300000
0x803F0F34, 0x60000000
0x803F0F3C, 0x60000000
0x803F0F44, 0x60000000
0x803F0F4C, 0x60000000
0x803F0F34, 0x3A10003C
0x803F0F3C, 0x3E2000AA
0x803F0F44, 0x623100DD
0x803F0F4C, 0x3E4000AA
0x803F0F34, 0x625200D2
0x803F0F3C, 0x3E6000CE
0x803F0F44, 0x627300E2
0x803F0F4C, 0x3E800069
0x803F0F34, 0x629400D2
0x803F0F3C, 0x3EA00069
0x803F0F44, 0x62B500DD
0x803F0F4C, 0x3EC0003A
0x803F0F34, 0x62D600D2
0x803F0F3C, 0x3EE0003A
0x803F0F44, 0x62F700DD
0x803F0F4C, 0x3F000018
0x803F0F34, 0x631800D2
0x803F0F3C, 0x3F200018
0x803F0F44, 0x633900DD
0x803F0F4C, 0x3F40000E
0x803F0F34, 0x635A00DD
0x803F0F3C, 0x3F60000E
0x803F0F44, 0x637B00D2
0x803F0F4C, 0x3F800009
0x803F0F34, 0x639C00DD
0x803F0F3C, 0x3FA0000A
0x803F0F44, 0x63BD00D2
0x803F0F4C, 0x3FC0000E
0x803F0F34, 0x63DE00D2
0x803F0F3C, 0x3FE0000E
0x803F0F44, 0x63FF00DD
0x803F0F4C, 0xBE300000
0x803F0F34, 0x60000000
0x803F0F3C, 0x60000000
0x803F0F44, 0x60000000
0x803F0F4C, 0x60000000
0x803F0F34, 0x3A10003C
0x803F0F3C, 0x3E200018
0x803F0F44, 0x623100D2
0x803F0F4C, 0x3E400018
0x803F0F34, 0x625200DD
0x803F0F3C, 0x3E60003A
0x803F0F44, 0x627300DD
0x803F0F4C, 0x3E80003A
0x803F0F34, 0x629400D2
0x803F0F3C, 0x3EA00069
0x803F0F44, 0x62B500DD
0x803F0F4C, 0x3EC00069
0x803F0F34, 0x62D600D2
0x803F0F3C, 0x3EE000AA
0x803F0F44, 0x62F700DD
0x803F0F4C, 0x3F0000AA
0x803F0F34, 0x631800D2
0x803F0F3C, 0x3F2000B8
0x803F0F44, 0x63390096
0x803F0F4C, 0x3F4000B8
0x803F0F34, 0x635A009C
0x803F0F3C, 0x3F6000B9
0x803F0F44, 0x637B00B9
0x803F0F4C, 0x3F800008
0x803F0F34, 0x639C00DF
0x803F0F3C, 0x3FA000ED
0x803F0F44, 0x63BD00DF
0x803F0F4C, 0x3FC0007B
0x803F0F34, 0x63DE00D4
0x803F0F3C, 0x3FE000ED
0x803F0F44, 0x63FF00D4
0x803F0F4C, 0xBE300000
0x803F0F34, 0x60000000
0x803F0F3C, 0x60000000
0x803F0F44, 0x60000000
0x803F0F4C, 0x60000000
0x803F0F34, 0x3A10003C
0x803F0F3C, 0x3E2000B4
0x803F0F44, 0x623100D4
0x803F0F4C, 0x3E400041
0x803F0F34, 0x625200D4
0x803F0F3C, 0x3E600008
0x803F0F44, 0x627300D4
0x803F0F4C, 0x3E8000BA
0x803F0F34, 0x6294008D
0x803F0F3C, 0x3EA000B9
0x803F0F44, 0x62B5008F
0x803F0F4C, 0x3EC000B8
0x803F0F34, 0x62D600AC
0x803F0F3C, 0x3EE000B9
0x803F0F44, 0x62F700B0
0x803F0F4C, 0x3F0000B9
0x803F0F34, 0x631800B3
0x803F0F3C, 0x3F2000BA
0x803F0F44, 0x633900B5
0x803F0F4C, 0x3F4000BB
0x803F0F34, 0x635A00B9
0x803F0F3C, 0x3F6000B9
0x803F0F44, 0x637B00BC
0x803F0F4C, 0x3F8000B8
0x803F0F34, 0x639C00A6
0x803F0F3C, 0x3FA000B8
0x803F0F44, 0x63BD00A1
0x803F0F4C, 0x3FC000B9
0x803F0F34, 0x63DE0092
0x803F0F3C, 0x3FE000B9
0x803F0F44, 0x63FF00B6
0x803F0F4C, 0xBE300000
0x803F0F34, 0x60000000
0x803F0F3C, 0x60000000
0x803F0F44, 0x60000000
0x803F0F4C, 0x60000000
0x803F0F34, 0x3A10003C
0x803F0F3C, 0x3E2000B3
0x803F0F44, 0x623100AF
0x803F0F4C, 0x3E40002C
0x803F0F34, 0x62520088
0x803F0F3C, 0x3E600034
0x803F0F44, 0x62730089
0x803F0F4C, 0x3E80002E
0x803F0F34, 0x6294008E
0x803F0F3C, 0x3EA00026
0x803F0F44, 0x62B5008E
0x803F0F4C, 0x3EC00037
0x803F0F34, 0x62D60085
0x803F0F3C, 0x3EE0003E
0x803F0F44, 0x62F70087
0x803F0F4C, 0x3F000048
0x803F0F34, 0x63180084
0x803F0F3C, 0x3F20004A
0x803F0F44, 0x63390086
0x803F0F4C, 0x3F400037
0x803F0F34, 0x635A00A3
0x803F0F3C, 0x3F60003E
0x803F0F44, 0x637B00A1
0x803F0F4C, 0x3F80004A
0x803F0F34, 0x639C00A2
0x803F0F3C, 0x3FA00048
0x803F0F44, 0x63BD00A4
0x803F0F4C, 0x3FC0002C
0x803F0F34, 0x63DE00A0
0x803F0F3C, 0x3FE00034
0x803F0F44, 0x63FF009E
0x803F0F4C, 0xBE300000
0x803F0F34, 0x60000000
0x803F0F3C, 0x60000000
0x803F0F44, 0x60000000
0x803F0F4C, 0x60000000
0x803F0F34, 0x3A10003C
0x803F0F3C, 0x3E200026
0x803F0F44, 0x6231009A
0x803F0F4C, 0x3E40002E
0x803F0F34, 0x62520099
0x803F0F3C, 0x3E600025
0x803F0F44, 0x62730094
0x803F0F4C, 0x3E80002D
0x803F0F34, 0x62940094
0x803F0F3C, 0x3EA0003A
0x803F0F44, 0x62B5009D
0x803F0F4C, 0x3EC00042
0x803F0F34, 0x62D6009F
0x803F0F3C, 0x3EE00035
0x803F0F44, 0x62F70098
0x803F0F4C, 0x3F000033
0x803F0F34, 0x63180094
0x803F0F3C, 0x3F200035
0x803F0F44, 0x6339008F
0x803F0F4C, 0x3F40003A
0x803F0F34, 0x635A008B
0x803F0F3C, 0x3F600042
0x803F0F44, 0x637B0089
0x803F0F4C, 0x3F80004C
0x803F0F34, 0x639C0088
0x803F0F3C, 0x3FA0004C
0x803F0F44, 0x63BD00A0
0x803F0F4C, 0x3FC0003E
0x803F0F34, 0x63DE009C
0x803F0F3C, 0x3FE00045
0x803F0F44, 0x63FF009E
0x803F0F4C, 0xBE300000
0x803F0F34, 0x60000000
0x803F0F3C, 0x60000000
0x803F0F44, 0x60000000
0x803F0F4C, 0x60000000
0x803F0F34, 0x3A10003C
0x803F0F3C, 0x3E200039
0x803F0F44, 0x62310098
0x803F0F4C, 0x3E400038
0x803F0F34, 0x62520094
0x803F0F3C, 0x3E600039
0x803F0F44, 0x62730090
0x803F0F4C, 0x3E80003E
0x803F0F34, 0x6294008C
0x803F0F3C, 0x3EA00045
0x803F0F44, 0x62B5008A
0x803F0F4C, 0x3EC0004D
0x803F0F34, 0x62D60089
0x803F0F3C, 0x3EE0004D
0x803F0F44, 0x62F7009F
0x803F0F4C, 0x3F000041
0x803F0F34, 0x6318009A
0x803F0F3C, 0x3F200047
0x803F0F44, 0x6339009C
0x803F0F4C, 0x3F40003E
0x803F0F34, 0x635A0097
0x803F0F3C, 0x3F60003D
0x803F0F44, 0x637B0094
0x803F0F4C, 0x3F80003E
0x803F0F34, 0x639C0090
0x803F0F3C, 0x3FA00041
0x803F0F44, 0x63BD008D
0x803F0F4C, 0x3FC00047
0x803F0F34, 0x63DE008B
0x803F0F3C, 0x3FE0004E
0x803F0F44, 0x63FF008B
0x803F0F4C, 0xBE300000
0x803F0F34, 0x60000000
0x803F0F3C, 0x60000000
0x803F0F44, 0x60000000
0x803F0F4C, 0x60000000
0x803F0F34, 0x3A10003C
0x803F0F3C, 0x3E20004E
0x803F0F44, 0x6231009D
0x803F0F4C, 0x3E400048
0x803F0F34, 0x6252008E
0x803F0F3C, 0x3E600042
0x803F0F44, 0x6273008F
0x803F0F4C, 0x3E80004F
0x803F0F34, 0x6294008D
0x803F0F3C, 0x3EA00048
0x803F0F44, 0x62B5009A
0x803F0F4C, 0x3EC0004F
0x803F0F34, 0x62D6009A
0x803F0F3C, 0x3EE00042
0x803F0F44, 0x62F70099
0x803F0F4C, 0x3F000042
0x803F0F34, 0x63180097
0x803F0F3C, 0x3F200042
0x803F0F44, 0x63390094
0x803F0F4C, 0x3F400042
0x803F0F34, 0x635A0091
0x803F0F3C, 0x3F6000C1
0x803F0F44, 0x637B00EF
0x803F0F4C, 0x3F8000C8
0x803F0F34, 0x639C00F2
0x803F0F3C, 0x3FA000AC
0x803F0F44, 0x63BD00F1
0x803F0F4C, 0x3FC000AC
0x803F0F34, 0x63DE00EE
0x803F0F3C, 0x3FE000A1
0x803F0F44, 0x63FF00F1
0x803F0F4C, 0xBE300000
0x803F0F34, 0x60000000
0x803F0F3C, 0x60000000
0x803F0F44, 0x60000000
0x803F0F4C, 0x60000000
0x803F0F34, 0x3A10003C
0x803F0F3C, 0x3E2000A1
0x803F0F44, 0x623100ED
0x803F0F4C, 0x3E400049
0x803F0F34, 0x62520091
0x803F0F3C, 0x3E600049
0x803F0F44, 0x62730094
0x803F0F4C, 0x3E80004F
0x803F0F34, 0x62940097
0x803F0F3C, 0x3EA00049
0x803F0F44, 0x62B50097
0x803F0F4C, 0x3EC0004F
0x803F0F34, 0x62D60094
0x803F0F3C, 0x3EE000AC
0x803F0F44, 0x62F700F7
0x803F0F4C, 0x3F0000C8
0x803F0F34, 0x631800F7
0x803F0F3C, 0x3F2000C1
0x803F0F44, 0x633900F9
0x803F0F4C, 0x3F4000AC
0x803F0F34, 0x635A00FB
0x803F0F3C, 0x3F6000A1
0x803F0F44, 0x637B00FB
0x803F0F4C, 0x3F8000A1
0x803F0F34, 0x639C00F8
0x803F0F3C, 0x3FA0004F
0x803F0F44, 0x63BD0091
0x803F0F4C, 0x3FC000A1
0x803F0F34, 0x63DE00F4
0x803F0F3C, 0x3FE000AC
0x803F0F44, 0x63FF00F4
0x803F0F4C, 0xBE300000
0x803F0F34, 0x60000000
0x803F0F3C, 0x60000000
0x803F0F44, 0x60000000
0x803F0F4C, 0x60000000
0x803F0F34, 0x3A10003C
0x803F0F3C, 0x3E2000C9
0x803F0F44, 0x623100F4
0x803F0F4C, 0x3E400087
0x803F0F34, 0x625200D5
0x803F0F3C, 0x3E60008D
0x803F0F44, 0x627300D8
0x803F0F4C, 0x3E80008D
0x803F0F34, 0x629400D8
0x803F0F3C, 0x3EA00087
0x803F0F44, 0x62B500D5
0x803F0F4C, 0x3EC0008F
0x803F0F34, 0x62D600DA
0x803F0F3C, 0x3EE0008F
0x803F0F44, 0x62F700DA
0x803F0F4C, 0x3F00008E
0x803F0F34, 0x631800DD
0x803F0F3C, 0x3F20008E
0x803F0F44, 0x633900DD
0x803F0F4C, 0x3F400087
0x803F0F34, 0x635A00DF
0x803F0F3C, 0x3F600087
0x803F0F44, 0x637B00DF
0x803F0F4C, 0x3F800072
0x803F0F34, 0x639C00E1
0x803F0F3C, 0x3FA00072
0x803F0F44, 0x63BD00E1
0x803F0F4C, 0x3FC00067
0x803F0F34, 0x63DE00E1
0x803F0F3C, 0x3FE00067
0x803F0F44, 0x63FF00E1
0x803F0F4C, 0xBE300000
0x803F0F34, 0x60000000
0x803F0F3C, 0x60000000
0x803F0F44, 0x60000000
0x803F0F4C, 0x60000000
0x803F0F34, 0x3A10003C
0x803F0F3C, 0x3E200067
0x803F0F44, 0x623100D4
0x803F0F4C, 0x3E400072
0x803F0F34, 0x625200D4
0x803F0F3C, 0x3E600072
0x803F0F44, 0x627300D4
0x803F0F4C, 0x3E800067
0x803F0F34, 0x629400D4
0x803F0F3C, 0x3EA0007B
0x803F0F44, 0x62B500B7
0x803F0F4C, 0x3EC0007B
0x803F0F34, 0x62D600B7
0x803F0F3C, 0x3EE0007E
0x803F0F44, 0x62F700B7
0x803F0F4C, 0x3F000081
0x803F0F34, 0x631800B7
0x803F0F3C, 0x3F20007E
0x803F0F44, 0x633900B7
0x803F0F4C, 0x3F40007B
0x803F0F34, 0x635A00B7
0x803F0F3C, 0x3F60007E
0x803F0F44, 0x637B00B7
0x803F0F4C, 0x3F80007E
0x803F0F34, 0x639C00B7
0x803F0F3C, 0x3FA00067
0x803F0F44, 0x63BD00D7
0x803F0F4C, 0x3FC00067
0x803F0F34, 0x63DE00DA
0x803F0F3C, 0x3FE00067
0x803F0F44, 0x63FF00DE
0x803F0F4C, 0xBE300000
0x803F0F34, 0x60000000
0x803F0F3C, 0x60000000
0x803F0F44, 0x60000000
0x803F0F4C, 0x60000000
0x803F0F34, 0x3A10003C
0x803F0F3C, 0x3E20007B
0x803F0F44, 0x623100B7
0x803F0F4C, 0x3E40007B
0x803F0F34, 0x625200B7
0x803F0F3C, 0x3E60007B
0x803F0F44, 0x627300B7
0x803F0F4C, 0x3E80007B
0x803F0F34, 0x629400B7
0x803F0F3C, 0x3EA0007E
0x803F0F44, 0x62B500B7
0x803F0F4C, 0x3EC0007B
0x803F0F34, 0x62D600B7
0x803F0F3C, 0x3EE0007E
0x803F0F44, 0x62F700B7
0x803F0F4C, 0x3F00007E
0x803F0F34, 0x631800B7
0x803F0F3C, 0x3F204D6F
0x803F0F44, 0x63396465
0x803F0F4C, 0x3F406C20
0x803F0F34, 0x635A6D61
0x803F0F3C, 0x3F604556
0x803F0F44, 0x637B5031
0x803F0F4C, 0x3F800000
0x803F0F34, 0x639C0020
0x803F0F3C, 0x3FA00000
0x803F0F44, 0x63BDFFFF
0x803F0F4C, 0x3FC00000
0x803F0F34, 0x63DE0000
0x803F0F3C, 0x3FE00000
0x803F0F44, 0x63FF0000
0x803F0F4C, 0xBE300000
0x803F0F34, 0x60000000
0x803F0F3C, 0x60000000
0x803F0F44, 0x60000000
0x803F0F4C, 0x60000000
0x803F0F34, 0x3A10003C
0x803F0F3C, 0x3E200000
0x803F0F44, 0x62310000
0x803F0F4C, 0x3E400000
0x803F0F34, 0x62520000
0x803F0F3C, 0x3E604D6F
0x803F0F44, 0x62736465
0x803F0F4C, 0x3E804452
0x803F0F34, 0x62945731
0x803F0F3C, 0x3EA00000
0x803F0F44, 0x62B50020
0x803F0F4C, 0x3EC00003
0x803F0F34, 0x62D6FFFF
0x803F0F3C, 0x3EE00000
0x803F0F44, 0x62F70014
0x803F0F4C, 0x3F000000
0x803F0F34, 0x63180017
0x803F0F3C, 0x3F200000
0x803F0F44, 0x63390000
0x803F0F4C, 0x3F400100
0x803F0F34, 0x635A0200
0x803F0F3C, 0x3F60034D
0x803F0F44, 0x637B6F64
0x803F0F4C, 0x3F804A4E
0x803F0F34, 0x639C5431
0x803F0F3C, 0x3FA00000
0x803F0F44, 0x63BD0160
0x803F0F4C, 0x3FC00004
0x803F0F34, 0x63DEFFFF
0x803F0F3C, 0x3FE00000
0x803F0F44, 0x63FF0018
0x803F0F4C, 0xBE300000
0x803F0F34, 0x60000000
0x803F0F3C, 0x60000000
0x803F0F44, 0x60000000
0x803F0F4C, 0x60000000
0x803F0F34, 0x3A10003C
0x803F0F3C, 0x3E200000
0x803F0F44, 0x62310118
0x803F0F4C, 0x3E400000
0x803F0F34, 0x62520120
0x803F0F3C, 0x3E600001
0x803F0F44, 0x627300FF
0x803F0F4C, 0x3E803F80
0x803F0F34, 0x62940000
0x803F0F3C, 0x3EA03F80
0x803F0F44, 0x62B50000
0x803F0F4C, 0x3EC03F80
0x803F0F34, 0x62D60000
0x803F0F3C, 0x3EE00000
0x803F0F44, 0x62F70000
0x803F0F4C, 0x3F000000
0x803F0F34, 0x6318FFFF
0x803F0F3C, 0x3F200000
0x803F0F44, 0x63390000
0x803F0F4C, 0x3F400000
0x803F0F34, 0x635A0000
0x803F0F3C, 0x3F600000
0x803F0F44, 0x637B0000
0x803F0F4C, 0x3F800000
0x803F0F34, 0x639C0000
0x803F0F3C, 0x3FA00000
0x803F0F44, 0x63BD0000
0x803F0F4C, 0x3FC00000
0x803F0F34, 0x63DE0000
0x803F0F3C, 0x3FE00000
0x803F0F44, 0x63FF0000
0x803F0F4C, 0xBE300000
0x803F0F34, 0x60000000
0x803F0F3C, 0x60000000
0x803F0F44, 0x60000000
0x803F0F4C, 0x60000000
0x803F0F34, 0x3A10003C
0x803F0F3C, 0x3E200000
0x803F0F44, 0x62310000
0x803F0F4C, 0x3E400000
0x803F0F34, 0x62520000
0x803F0F3C, 0x3E600000
0x803F0F44, 0x62730000
0x803F0F4C, 0x3E800001
0x803F0F34, 0x629400FF
0x803F0F3C, 0x3EA03F80
0x803F0F44, 0x62B50000
0x803F0F4C, 0x3EC03F80
0x803F0F34, 0x62D60000
0x803F0F3C, 0x3EE03F80
0x803F0F44, 0x62F70000
0x803F0F4C, 0x3F000000
0x803F0F34, 0x63180000
0x803F0F3C, 0x3F200000
0x803F0F44, 0x6339FFFF
0x803F0F4C, 0x3F400000
0x803F0F34, 0x635A0000
0x803F0F3C, 0x3F600000
0x803F0F44, 0x637B0000
0x803F0F4C, 0x3F800000
0x803F0F34, 0x639C0000
0x803F0F3C, 0x3FA00000
0x803F0F44, 0x63BD0000
0x803F0F4C, 0x3FC00000
0x803F0F34, 0x63DE0000
0x803F0F3C, 0x3FE00000
0x803F0F44, 0x63FF0000
0x803F0F4C, 0xBE300000
0x803F0F34, 0x60000000
0x803F0F3C, 0x60000000
0x803F0F44, 0x60000000
0x803F0F4C, 0x60000000
0x803F0F34, 0x3A10003C
0x803F0F3C, 0x3E200000
0x803F0F44, 0x62310000
0x803F0F4C, 0x3E400000
0x803F0F34, 0x62520000
0x803F0F3C, 0x3E600000
0x803F0F44, 0x62730000
0x803F0F4C, 0x3E800000
0x803F0F34, 0x62940000
0x803F0F3C, 0x3EA00001
0x803F0F44, 0x62B500FF
0x803F0F4C, 0x3EC03F80
0x803F0F34, 0x62D60000
0x803F0F3C, 0x3EE03F80
0x803F0F44, 0x62F70000
0x803F0F4C, 0x3F003F80
0x803F0F34, 0x63180000
0x803F0F3C, 0x3F200000
0x803F0F44, 0x63390000
0x803F0F4C, 0x3F400000
0x803F0F34, 0x635AFFFF
0x803F0F3C, 0x3F600000
0x803F0F44, 0x637B0000
0x803F0F4C, 0x3F800000
0x803F0F34, 0x639C0000
0x803F0F3C, 0x3FA00000
0x803F0F44, 0x63BD0000
0x803F0F4C, 0x3FC00000
0x803F0F34, 0x63DE0000
0x803F0F3C, 0x3FE00000
0x803F0F44, 0x63FF0000
0x803F0F4C, 0xBE300000
0x803F0F34, 0x60000000
0x803F0F3C, 0x60000000
0x803F0F44, 0x60000000
0x803F0F4C, 0x60000000
0x803F0F34, 0x3A10003C
0x803F0F3C, 0x3E200000
0x803F0F44, 0x62310000
0x803F0F4C, 0x3E400000
0x803F0F34, 0x62520000
0x803F0F3C, 0x3E600000
0x803F0F44, 0x62730000
0x803F0F4C, 0x3E800000
0x803F0F34, 0x62940000
0x803F0F3C, 0x3EA00000
0x803F0F44, 0x62B50000
0x803F0F4C, 0x3EC00001
0x803F0F34, 0x62D600FF
0x803F0F3C, 0x3EE03F80
0x803F0F44, 0x62F70000
0x803F0F4C, 0x3F003F80
0x803F0F34, 0x63180000
0x803F0F3C, 0x3F203F80
0x803F0F44, 0x63390000
0x803F0F4C, 0x3F400000
0x803F0F34, 0x635A0000
0x803F0F3C, 0x3F600000
0x803F0F44, 0x637BFFFF
0x803F0F4C, 0x3F800000
0x803F0F34, 0x639C0000
0x803F0F3C, 0x3FA00000
0x803F0F44, 0x63BD0000
0x803F0F4C, 0x3FC00000
0x803F0F34, 0x63DE0000
0x803F0F3C, 0x3FE00000
0x803F0F44, 0x63FF0000
0x803F0F4C, 0xBE300000
0x803F0F34, 0x60000000
0x803F0F3C, 0x60000000
0x803F0F44, 0x60000000
0x803F0F4C, 0x60000000
0x803F0F34, 0x3A10003C
0x803F0F3C, 0x3E200000
0x803F0F44, 0x62310000
0x803F0F4C, 0x3E400000
0x803F0F34, 0x62520000
0x803F0F3C, 0x3E600000
0x803F0F44, 0x62730000
0x803F0F4C, 0x3E800000
0x803F0F34, 0x62940000
0x803F0F3C, 0x3EA00000
0x803F0F44, 0x62B50000
0x803F0F4C, 0x3EC00000
0x803F0F34, 0x62D60000
0x803F0F3C, 0x3EE00000
0x803F0F44, 0x62F70001
0x803F0F4C, 0x3F000002
0x803F0F34, 0x63180003
0x803F0F3C, 0x3F200004
0x803F0F44, 0x6339FFFF
0x803F0F4C, 0x3F406A6F
0x803F0F34, 0x635A0014
0x803F0F3C, 0x3F60F77A
0x803F0F44, 0x637B001F
0x803F0F4C, 0x3F80F77B
0x803F0F34, 0x639C002A
0x803F0F3C, 0x3FA0F77C
0x803F0F44, 0x63BD0035
0x803F0F4C, 0x3FC0776F
0x803F0F34, 0x63DE726C
0x803F0F3C, 0x3FE0645F
0x803F0F44, 0x63FF726F
0x803F0F4C, 0xBE300000
0x803F0F34, 0x60000000
0x803F0F3C, 0x60000000
0x803F0F44, 0x60000000
0x803F0F4C, 0x60000000
0x803F0F34, 0x3A10003C
0x803F0F3C, 0x3E206F74
0x803F0F44, 0x62310063
0x803F0F4C, 0x3E406C5F
0x803F0F34, 0x62524842
0x803F0F3C, 0x3E606F6F
0x803F0F44, 0x62737473
0x803F0F4C, 0x3E804100
0x803F0F34, 0x6294636C
0x803F0F3C, 0x3EA05F48
0x803F0F44, 0x62B5426F
0x803F0F4C, 0x3EC06F74
0x803F0F34, 0x62D67342
0x803F0F3C, 0x3EE00063
0x803F0F44, 0x62F76C5F
0x803F0F4C, 0x3F004842
0x803F0F34, 0x63186F6F
0x803F0F3C, 0x3F207473
0x803F0F44, 0x63394300
0x803F0F4C, 0x3F405348
0x803F0F34, 0x635A5031
0x803F0F3C, 0x3F600000
0x803F0F44, 0x637B1E20
0x803F0F4C, 0x3F800003
0x803F0F34, 0x639CFFFF
0x803F0F3C, 0x3FA00000
0x803F0F44, 0x63BD002C
0x803F0F4C, 0x3FC00000
0x803F0F34, 0x63DE00A4
0x803F0F3C, 0x3FE00000
0x803F0F44, 0x63FF0000
0x803F0F4C, 0xBE300000
0x803F0F34, 0x60000000
0x803F0F3C, 0x60000000
0x803F0F44, 0x60000000
0x803F0F4C, 0x60000000
0x803F0F34, 0x3A10003C
0x803F0F3C, 0x3E200000
0x803F0F44, 0x623100C0
0x803F0F4C, 0x3E400000
0x803F0F34, 0x625200E8
0x803F0F3C, 0x3E600000
0x803F0F44, 0x62730100
0x803F0F4C, 0x3E800000
0x803F0F34, 0x62941DE0
0x803F0F3C, 0x3EA00000
0x803F0F44, 0x62B51DF8
0x803F0F4C, 0x3EC003FF
0x803F0F34, 0x62D60001
0x803F0F3C, 0x3EE00000
0x803F0F44, 0x62F70000
0x803F0F4C, 0x3F000000
0x803F0F34, 0x6318FFFF
0x803F0F3C, 0x3F200000
0x803F0F44, 0x63390000
0x803F0F4C, 0x3F400000
0x803F0F34, 0x635A0000
0x803F0F3C, 0x3F600000
0x803F0F44, 0x637B0000
0x803F0F4C, 0x3F800000
0x803F0F34, 0x639C0000
0x803F0F3C, 0x3FA00000
0x803F0F44, 0x63BD0000
0x803F0F4C, 0x3FC00000
0x803F0F34, 0x63DE0000
0x803F0F3C, 0x3FE00000
0x803F0F44, 0x63FF0000
0x803F0F4C, 0xBE300000
0x803F0F34, 0x60000000
0x803F0F3C, 0x60000000
0x803F0F44, 0x60000000
0x803F0F4C, 0x60000000
0x803F0F34, 0x3A10003C
0x803F0F3C, 0x3E2003FF
0x803F0F44, 0x62310001
0x803F0F4C, 0x3E400000
0x803F0F34, 0x62520001
0x803F0F3C, 0x3E600001
0x803F0F44, 0x6273FFFF
0x803F0F4C, 0x3E800000
0x803F0F34, 0x62940000
0x803F0F3C, 0x3EA00000
0x803F0F44, 0x62B50000
0x803F0F4C, 0x3EC00000
0x803F0F34, 0x62D60000
0x803F0F3C, 0x3EE00000
0x803F0F44, 0x62F70000
0x803F0F4C, 0x3F000000
0x803F0F34, 0x63180000
0x803F0F3C, 0x3F200000
0x803F0F44, 0x63390000
0x803F0F4C, 0x3F400000
0x803F0F34, 0x635A0000
0x803F0F3C, 0x3F6003FF
0x803F0F44, 0x637B0001
0x803F0F4C, 0x3F800000
0x803F0F34, 0x639C0002
0x803F0F3C, 0x3FA00002
0x803F0F44, 0x63BDFFFF
0x803F0F4C, 0x3FC00000
0x803F0F34, 0x63DE0000
0x803F0F3C, 0x3FE00000
0x803F0F44, 0x63FF0000
0x803F0F4C, 0xBE300000
0x803F0F34, 0x60000000
0x803F0F3C, 0x60000000
0x803F0F44, 0x60000000
0x803F0F4C, 0x60000000
0x803F0F34, 0x3A10003C
0x803F0F3C, 0x3E200000
0x803F0F44, 0x62310000
0x803F0F4C, 0x3E400000
0x803F0F34, 0x62520000
0x803F0F3C, 0x3E600000
0x803F0F44, 0x62730000
0x803F0F4C, 0x3E800000
0x803F0F34, 0x62940000
0x803F0F3C, 0x3EA00000
0x803F0F44, 0x62B50000
0x803F0F4C, 0x3EC00000
0x803F0F34, 0x62D60001
0x803F0F3C, 0x3EE00002
0x803F0F44, 0x62F74D6F
0x803F0F4C, 0x3F006465
0x803F0F34, 0x63186C20
0x803F0F3C, 0x3F206D61
0x803F0F44, 0x63396465
0x803F0F4C, 0x3F402077
0x803F0F34, 0x635A6974
0x803F0F3C, 0x3F606820
0x803F0F44, 0x637B5375
0x803F0F4C, 0x3F807065
0x803F0F34, 0x639C7242
0x803F0F3C, 0x3FA00000
0x803F0F44, 0x63BD0000
0x803F0F4C, 0x3FC00000
0x803F0F34, 0x63DE0001
0x803F0F3C, 0x3FE00000
0x803F0F44, 0x63FF0009
0x803F0F4C, 0xBE300000
0x803F0F34, 0x60000000
0x803F0F3C, 0x60000000
0x803F0F44, 0x60000000
0x803F0F4C, 0x60000000
0x803F0F34, 0x3A10003C
0x803F0F3C, 0x3E200000
0x803F0F44, 0x62310003
0x803F0F4C, 0x3E400000
0x803F0F34, 0x6252000A
0x803F0F3C, 0x3E600000
0x803F0F44, 0x62730003
0x803F0F4C, 0x3E800000
0x803F0F34, 0x6294000D
0x803F0F3C, 0x3EA00000
0x803F0F44, 0x62B50003
0x803F0F4C, 0x3EC00000
0x803F0F34, 0x62D600FF
0x803F0F3C, 0x3EE00000
0x803F0F44, 0x62F70000
0x803F0F4C, 0x3F000000
0x803F0F34, 0x63180001
0x803F0F3C, 0x3F200002
0x803F0F44, 0x63394D6F
0x803F0F4C, 0x3F406465
0x803F0F34, 0x635A6C20
0x803F0F3C, 0x3F606D61
0x803F0F44, 0x637B6465
0x803F0F4C, 0x3F802077
0x803F0F34, 0x639C6974
0x803F0F3C, 0x3FA06820
0x803F0F44, 0x63BD5375
0x803F0F4C, 0x3FC09800
0x803F0F34, 0x63DE0700
0x803F0F3C, 0x3FE00000
0x803F0F44, 0x63FF0000
0x803F0F4C, 0xBE300000
0x803F0F34, 0x60000000
0x803F0F3C, 0x60000000
0x803F0F44, 0x60000000
0x803F0F4C, 0x60000000
0x803F0F34, 0x3A10003C
0x803F0F3C, 0x3E200001
0x803F0F44, 0x62310000
0x803F0F4C, 0x3E400100
0x803F0F34, 0x62520100
0x803F0F3C, 0x3E600000
0x803F0F44, 0x62730002
0x803F0F4C, 0x3E800002
0x803F0F34, 0x62940002
0x803F0F3C, 0x3EA00000
0x803F0F44, 0x62B50300
0x803F0F4C, 0x3EC00300
0x803F0F34, 0x62D60800
0x803F0F3C, 0x3EE00004
0x803F0F44, 0x62F70004
0x803F0F4C, 0x3F000009
0x803F0F34, 0x63180000
0x803F0F3C, 0x3F200500
0x803F0F44, 0x63390500
0x803F0F4C, 0x3F400A00
0x803F0F34, 0x635A0006
0x803F0F3C, 0x3F600006
0x803F0F44, 0x637B000C
0x803F0F4C, 0x3F809800
0x803F0F34, 0x639C0400
0x803F0F3C, 0x3FA00000
0x803F0F44, 0x63BD0000
0x803F0F4C, 0x3FC00001
0x803F0F34, 0x63DE0000
0x803F0F3C, 0x3FE00700
0x803F0F44, 0x63FF0700
0x803F0F4C, 0xBE300000
0x803F0F34, 0x60000000
0x803F0F3C, 0x60000000
0x803F0F44, 0x60000000
0x803F0F4C, 0x60000000
0x803F0F34, 0x3A10003C
0x803F0F3C, 0x3E200300
0x803F0F44, 0x62310001
0x803F0F4C, 0x3E400001
0x803F0F34, 0x62520000
0x803F0F3C, 0x3E600000
0x803F0F44, 0x62730800
0x803F0F4C, 0x3E800800
0x803F0F34, 0x62940498
0x803F0F3C, 0x3EA00004
0x803F0F44, 0x62B50000
0x803F0F4C, 0x3EC00700
0x803F0F34, 0x62D60700
0x803F0F3C, 0x3EE00300
0x803F0F44, 0x62F70009
0x803F0F4C, 0x3F000009
0x803F0F34, 0x63180001
0x803F0F3C, 0x3F200000
0x803F0F44, 0x63390800
0x803F0F4C, 0x3F400800
0x803F0F34, 0x635A0400
0x803F0F3C, 0x3F60000A
0x803F0F44, 0x637B000A
0x803F0F4C, 0x3F800000
0x803F0F34, 0x639C9800
0x803F0F3C, 0x3FA00400
0x803F0F44, 0x63BD0009
0x803F0F4C, 0x3FC00009
0x803F0F34, 0x63DE0001
0x803F0F3C, 0x3FE00000
0x803F0F44, 0x63FF0B00
0x803F0F4C, 0xBE300000
0x803F0F34, 0x60000000
0x803F0F3C, 0x60000000
0x803F0F44, 0x60000000
0x803F0F4C, 0x60000000
0x803F0F34, 0x3A10003C
0x803F0F3C, 0x3E200B00
0x803F0F44, 0x62310200
0x803F0F4C, 0x3E40000A
0x803F0F34, 0x6252000A
0x803F0F3C, 0x3E600000
0x803F0F44, 0x62730000
0x803F0F4C, 0x3E800C00
0x803F0F34, 0x62940C00
0x803F0F3C, 0x3EA00898
0x803F0F44, 0x62B50004
0x803F0F4C, 0x3EC00000
0x803F0F34, 0x62D60B00
0x803F0F3C, 0x3EE00B00
0x803F0F44, 0x62F70200
0x803F0F4C, 0x3F00000D
0x803F0F34, 0x6318000D
0x803F0F3C, 0x3F200009
0x803F0F44, 0x63390000
0x803F0F4C, 0x3F400C00
0x803F0F34, 0x635A0C00
0x803F0F3C, 0x3F600800
0x803F0F44, 0x637B000E
0x803F0F4C, 0x3F80000E
0x803F0F34, 0x639C000A
0x803F0F3C, 0x3FA09800
0x803F0F44, 0x63BD0400
0x803F0F4C, 0x3FC0000D
0x803F0F34, 0x63DE000D
0x803F0F3C, 0x3FE00009
0x803F0F44, 0x63FF0000
0x803F0F4C, 0xBE300000
0x803F0F34, 0x60000000
0x803F0F3C, 0x60000000
0x803F0F44, 0x60000000
0x803F0F4C, 0x60000000
0x803F0F34, 0x3A10003C
0x803F0F3C, 0x3E200F00
0x803F0F44, 0x62310F00
0x803F0F4C, 0x3E400B00
0x803F0F34, 0x6252000E
0x803F0F3C, 0x3E60000E
0x803F0F44, 0x6273000A
0x803F0F4C, 0x3E800000
0x803F0F34, 0x62940600
0x803F0F3C, 0x3EA00600
0x803F0F44, 0x62B50C98
0x803F0F4C, 0x3EC00005
0x803F0F34, 0x62D60000
0x803F0F3C, 0x3EE00400
0x803F0F44, 0x62F70400
0x803F0F4C, 0x3F001300
0x803F0F34, 0x63180010
0x803F0F3C, 0x3F200010
0x803F0F44, 0x63390010
0x803F0F4C, 0x3F400000
0x803F0F34, 0x635A0200
0x803F0F3C, 0x3F600200
0x803F0F44, 0x637B1100
0x803F0F4C, 0x3F800011
0x803F0F34, 0x639C0011
0x803F0F3C, 0x3FA00012
0x803F0F44, 0x63BD0000
0x803F0F4C, 0x3FC01200
0x803F0F34, 0x63DE1200
0x803F0F3C, 0x3FE01298
0x803F0F44, 0x63FF0005
0x803F0F4C, 0xBE300000
0x803F0F34, 0x60000000
0x803F0F3C, 0x60000000
0x803F0F44, 0x60000000
0x803F0F4C, 0x60000000
0x803F0F34, 0x3A10003C
0x803F0F3C, 0x3E200000
0x803F0F44, 0x62311000
0x803F0F4C, 0x3E401000
0x803F0F34, 0x62521000
0x803F0F3C, 0x3E600004
0x803F0F44, 0x62730004
0x803F0F4C, 0x3E800013
0x803F0F34, 0x62940000
0x803F0F3C, 0x3EA01300
0x803F0F44, 0x62B51300
0x803F0F4C, 0x3EC01400
0x803F0F34, 0x62D6000F
0x803F0F3C, 0x3EE0000F
0x803F0F44, 0x62F70015
0x803F0F4C, 0x3F000000
0x803F0F34, 0x63180D00
0x803F0F3C, 0x3F200D00
0x803F0F44, 0x63391398
0x803F0F4C, 0x3F400006
0x803F0F34, 0x635A0000
0x803F0F3C, 0x3F601300
0x803F0F44, 0x637B1300
0x803F0F4C, 0x3F801400
0x803F0F34, 0x639C000D
0x803F0F3C, 0x3FA0000D
0x803F0F44, 0x63BD0013
0x803F0F4C, 0x3FC00000
0x803F0F34, 0x63DE1400
0x803F0F3C, 0x3FE01400
0x803F0F44, 0x63FF1000
0x803F0F4C, 0xBE300000
0x803F0F34, 0x60000000
0x803F0F3C, 0x60000000
0x803F0F44, 0x60000000
0x803F0F4C, 0x60000000
0x803F0F34, 0x3A10003C
0x803F0F3C, 0x3E20000B
0x803F0F44, 0x6231000B
0x803F0F4C, 0x3E400011
0x803F0F34, 0x62520000
0x803F0F3C, 0x3E601500
0x803F0F44, 0x62731500
0x803F0F4C, 0x3E801200
0x803F0F34, 0x62940016
0x803F0F3C, 0x3EA00016
0x803F0F44, 0x62B50012
0x803F0F4C, 0x3EC09800
0x803F0F34, 0x62D60700
0x803F0F3C, 0x3EE00016
0x803F0F44, 0x62F70016
0x803F0F4C, 0x3F000012
0x803F0F34, 0x63180000
0x803F0F3C, 0x3F200B00
0x803F0F44, 0x63390B00
0x803F0F4C, 0x3F401100
0x803F0F34, 0x635A0017
0x803F0F3C, 0x3F600017
0x803F0F44, 0x637B0010
0x803F0F4C, 0x3F800000
0x803F0F34, 0x639C0900
0x803F0F3C, 0x3FA00900
0x803F0F44, 0x63BD1300
0x803F0F4C, 0x3FC00018
0x803F0F34, 0x63DE0018
0x803F0F3C, 0x3FE00014
0x803F0F44, 0x63FF0000
0x803F0F4C, 0xBE300000
0x803F0F34, 0x60000000
0x803F0F3C, 0x60000000
0x803F0F44, 0x60000000
0x803F0F4C, 0x60000000
0x803F0F34, 0x3A10003C
0x803F0F3C, 0x3E200700
0x803F0F44, 0x62310700
0x803F0F4C, 0x3E401500
0x803F0F34, 0x62520000
0x803F0F3C, 0x3E600000
0x803F0F44, 0x62730013
0x803F0F4C, 0x3E809800
0x803F0F34, 0x62940500
0x803F0F3C, 0x3EA00018
0x803F0F44, 0x62B50018
0x803F0F4C, 0x3EC00014
0x803F0F34, 0x62D60000
0x803F0F3C, 0x3EE00000
0x803F0F44, 0x62F70000
0x803F0F4C, 0x3F001300
0x803F0F34, 0x63180019
0x803F0F3C, 0x3F200019
0x803F0F44, 0x63390010
0x803F0F4C, 0x3F400000
0x803F0F34, 0x635A0200
0x803F0F3C, 0x3F600200
0x803F0F44, 0x637B1100
0x803F0F4C, 0x3F800012
0x803F0F34, 0x639C0012
0x803F0F3C, 0x3FA00012
0x803F0F44, 0x63BD9800
0x803F0F4C, 0x3FC00400
0x803F0F34, 0x63DE001A
0x803F0F3C, 0x3FE0001A
0x803F0F44, 0x63FF0023
0x803F0F4C, 0xBE300000
0x803F0F34, 0x60000000
0x803F0F3C, 0x60000000
0x803F0F44, 0x60000000
0x803F0F4C, 0x60000000
0x803F0F34, 0x3A10003C
0x803F0F3C, 0x3E200000
0x803F0F44, 0x62311B00
0x803F0F4C, 0x3E401B00
0x803F0F34, 0x6252B800
0x803F0F3C, 0x3E60001C
0x803F0F44, 0x6273001C
0x803F0F4C, 0x3E8000BA
0x803F0F34, 0x62940000
0x803F0F3C, 0x3EA01D00
0x803F0F44, 0x62B51B00
0x803F0F4C, 0x3EC0A898
0x803F0F34, 0x62D60005
0x803F0F3C, 0x3EE00000
0x803F0F44, 0x62F71C00
0x803F0F4C, 0x3F001C00
0x803F0F34, 0x6318BA00
0x803F0F3C, 0x3F20001E
0x803F0F44, 0x6339001D
0x803F0F4C, 0x3F400025
0x803F0F34, 0x635A0000
0x803F0F3C, 0x3F601A00
0x803F0F44, 0x637B1A00
0x803F0F4C, 0x3F802300
0x803F0F34, 0x639C001F
0x803F0F3C, 0x3FA0001E
0x803F0F44, 0x63BD0022
0x803F0F4C, 0x3FC00000
0x803F0F34, 0x63DE2000
0x803F0F3C, 0x3FE01E00
0x803F0F44, 0x63FF2498
0x803F0F4C, 0xBE300000
0x803F0F34, 0x60000000
0x803F0F3C, 0x60000000
0x803F0F44, 0x60000000
0x803F0F4C, 0x60000000
0x803F0F34, 0x3A10003C
0x803F0F3C, 0x3E200004
0x803F0F44, 0x62310000
0x803F0F4C, 0x3E402100
0x803F0F34, 0x62521F00
0x803F0F3C, 0x3E60F300
0x803F0F44, 0x62730022
0x803F0F4C, 0x3E800020
0x803F0F34, 0x629400ED
0x803F0F3C, 0x3EA00000
0x803F0F44, 0x62B52300
0x803F0F4C, 0x3EC02100
0x803F0F34, 0x62D6AC00
0x803F0F3C, 0x3EE00024
0x803F0F44, 0x62F70021
0x803F0F4C, 0x3F0000AE
0x803F0F34, 0x63189800
0x803F0F3C, 0x3F200400
0x803F0F44, 0x63390021
0x803F0F4C, 0x3F40001F
0x803F0F34, 0x635A00F3
0x803F0F3C, 0x3F600000
0x803F0F44, 0x637B2500
0x803F0F4C, 0x3F802200
0x803F0F34, 0x639CF000
0x803F0F3C, 0x3FA00022
0x803F0F44, 0x63BD0020
0x803F0F4C, 0x3FC000ED
0x803F0F34, 0x63DE0000
0x803F0F3C, 0x3FE02600
0x803F0F44, 0x63FF2300
0x803F0F4C, 0xBE300000
0x803F0F34, 0x60000000
0x803F0F3C, 0x60000000
0x803F0F44, 0x60000000
0x803F0F4C, 0x60000000
0x803F0F34, 0x3A10003C
0x803F0F3C, 0x3E20EC98
0x803F0F44, 0x62310004
0x803F0F4C, 0x3E400000
0x803F0F34, 0x62522500
0x803F0F3C, 0x3E602200
0x803F0F44, 0x6273F000
0x803F0F4C, 0x3E800027
0x803F0F34, 0x62940024
0x803F0F3C, 0x3EA000D0
0x803F0F44, 0x62B50000
0x803F0F4C, 0x3EC02600
0x803F0F34, 0x62D62300
0x803F0F3C, 0x3EE0EC00
0x803F0F44, 0x62F70028
0x803F0F4C, 0x3F000025
0x803F0F34, 0x631800CE
0x803F0F3C, 0x3F209800
0x803F0F44, 0x63390400
0x803F0F4C, 0x3F400028
0x803F0F34, 0x635A0025
0x803F0F3C, 0x3F6000CE
0x803F0F44, 0x637B0000
0x803F0F4C, 0x3F802700
0x803F0F34, 0x639C2400
0x803F0F3C, 0x3FA0D000
0x803F0F44, 0x63BD0029
0x803F0F4C, 0x3FC00026
0x803F0F34, 0x63DE00CD
0x803F0F3C, 0x3FE00000
0x803F0F44, 0x63FF2A00
0x803F0F4C, 0xBE300000
0x803F0F34, 0x60000000
0x803F0F3C, 0x60000000
0x803F0F44, 0x60000000
0x803F0F4C, 0x60000000
0x803F0F34, 0x3A10003C
0x803F0F3C, 0x3E202700
0x803F0F44, 0x6231D298
0x803F0F4C, 0x3E400007
0x803F0F34, 0x62520000
0x803F0F3C, 0x3E602200
0x803F0F44, 0x62732800
0x803F0F4C, 0x3E80ED00
0x803F0F34, 0x6294002B
0x803F0F3C, 0x3EA00029
0x803F0F44, 0x62B500EF
0x803F0F4C, 0x3EC00000
0x803F0F34, 0x62D62400
0x803F0F3C, 0x3EE02A00
0x803F0F44, 0x62F7AE00
0x803F0F4C, 0x3F00002C
0x803F0F34, 0x6318002B
0x803F0F3C, 0x3F2000AD
0x803F0F44, 0x63390000
0x803F0F4C, 0x3F402300
0x803F0F34, 0x635A2C00
0x803F0F3C, 0x3F60AC00
0x803F0F44, 0x637B002D
0x803F0F4C, 0x3F80002D
0x803F0F34, 0x639C00AF
0x803F0F3C, 0x3FA00000
0x803F0F44, 0x63BD2E00
0x803F0F4C, 0x3FC02E00
0x803F0F34, 0x63DEF798
0x803F0F3C, 0x3FE00005
0x803F0F44, 0x63FF0000
0x803F0F4C, 0xBE300000
0x803F0F34, 0x60000000
0x803F0F3C, 0x60000000
0x803F0F44, 0x60000000
0x803F0F4C, 0x60000000
0x803F0F34, 0x3A10003C
0x803F0F3C, 0x3E202B00
0x803F0F44, 0x62312900
0x803F0F4C, 0x3E40EF00
0x803F0F34, 0x62520022
0x803F0F3C, 0x3E600028
0x803F0F44, 0x627300ED
0x803F0F4C, 0x3E800000
0x803F0F34, 0x62942F00
0x803F0F3C, 0x3EA02F00
0x803F0F44, 0x62B5EE00
0x803F0F4C, 0x3EC00026
0x803F0F34, 0x62D60030
0x803F0F3C, 0x3EE000EC
0x803F0F44, 0x62F70000
0x803F0F4C, 0x3F002800
0x803F0F34, 0x63183100
0x803F0F3C, 0x3F20CE98
0x803F0F44, 0x63390005
0x803F0F4C, 0x3F400000
0x803F0F34, 0x635A2F00
0x803F0F3C, 0x3F602F00
0x803F0F44, 0x637BEE00
0x803F0F4C, 0x3F800028
0x803F0F34, 0x639C0031
0x803F0F3C, 0x3FA000CE
0x803F0F44, 0x63BD0000
0x803F0F4C, 0x3FC03000
0x803F0F34, 0x63DE3200
0x803F0F3C, 0x3FE0CC00
0x803F0F44, 0x63FF0029
0x803F0F4C, 0xBE300000
0x803F0F34, 0x60000000
0x803F0F3C, 0x60000000
0x803F0F44, 0x60000000
0x803F0F4C, 0x60000000
0x803F0F34, 0x3A10003C
0x803F0F3C, 0x3E200033
0x803F0F44, 0x623100CD
0x803F0F4C, 0x3E400000
0x803F0F34, 0x62521E00
0x803F0F3C, 0x3E603300
0x803F0F44, 0x6273CF98
0x803F0F4C, 0x3E800004
0x803F0F34, 0x62940000
0x803F0F3C, 0x3EA03100
0x803F0F44, 0x62B53400
0x803F0F4C, 0x3EC0AA00
0x803F0F34, 0x62D60032
0x803F0F3C, 0x3EE00034
0x803F0F44, 0x62F700B1
0x803F0F4C, 0x3F000000
0x803F0F34, 0x63182A00
0x803F0F3C, 0x3F202700
0x803F0F44, 0x6339B000
0x803F0F4C, 0x3F400029
0x803F0F34, 0x635A0026
0x803F0F3C, 0x3F600035
0x803F0F44, 0x637B9800
0x803F0F4C, 0x3F800400
0x803F0F34, 0x639C0032
0x803F0F3C, 0x3FA00034
0x803F0F44, 0x63BD00B1
0x803F0F4C, 0x3FC00000
0x803F0F34, 0x63DE3300
0x803F0F3C, 0x3FE03500
0x803F0F44, 0x63FF3100
0x803F0F4C, 0xBE300000
0x803F0F34, 0x60000000
0x803F0F3C, 0x60000000
0x803F0F44, 0x60000000
0x803F0F4C, 0x60000000
0x803F0F34, 0x3A10003C
0x803F0F3C, 0x3E200029
0x803F0F44, 0x62310026
0x803F0F4C, 0x3E400035
0x803F0F34, 0x62520000
0x803F0F3C, 0x3E603400
0x803F0F44, 0x62733600
0x803F0F4C, 0x3E803398
0x803F0F34, 0x62940004
0x803F0F3C, 0x3EA00000
0x803F0F44, 0x62B53500
0x803F0F4C, 0x3EC03700
0x803F0F34, 0x62D6A900
0x803F0F3C, 0x3EE00036
0x803F0F44, 0x62F70038
0x803F0F4C, 0x3F0000B3
0x803F0F34, 0x63180000
0x803F0F3C, 0x3F203200
0x803F0F44, 0x63393700
0x803F0F4C, 0x3F40B100
0x803F0F34, 0x635A0033
0x803F0F3C, 0x3F600039
0x803F0F44, 0x637B0031
0x803F0F4C, 0x3F809800
0x803F0F34, 0x639C0400
0x803F0F3C, 0x3FA00036
0x803F0F44, 0x63BD0038
0x803F0F4C, 0x3FC000B3
0x803F0F34, 0x63DE0000
0x803F0F3C, 0x3FE03700
0x803F0F44, 0x63FF3A00
0x803F0F4C, 0xBE300000
0x803F0F34, 0x60000000
0x803F0F3C, 0x60000000
0x803F0F44, 0x60000000
0x803F0F4C, 0x60000000
0x803F0F34, 0x3A10003C
0x803F0F3C, 0x3E202C00
0x803F0F44, 0x62310033
0x803F0F4C, 0x3E400039
0x803F0F34, 0x62520031
0x803F0F3C, 0x3E600000
0x803F0F44, 0x62733800
0x803F0F4C, 0x3E803B00
0x803F0F34, 0x62942F98
0x803F0F3C, 0x3EA0000A
0x803F0F44, 0x62B50000
0x803F0F4C, 0x3EC03900
0x803F0F34, 0x62D63C00
0x803F0F3C, 0x3EE0FE00
0x803F0F44, 0x62F7003A
0x803F0F4C, 0x3F00003D
0x803F0F34, 0x631800B7
0x803F0F3C, 0x3F200000
0x803F0F44, 0x63393B00
0x803F0F4C, 0x3F403E00
0x803F0F34, 0x635AB500
0x803F0F3C, 0x3F60003C
0x803F0F44, 0x637B003F
0x803F0F4C, 0x3F8000B4
0x803F0F34, 0x639C0000
0x803F0F3C, 0x3FA03D00
0x803F0F44, 0x63BD4000
0x803F0F4C, 0x3FC0B600
0x803F0F34, 0x63DE003E
0x803F0F3C, 0x3FE00041
0x803F0F44, 0x63FF0104
0x803F0F4C, 0xBE300000
0x803F0F34, 0x60000000
0x803F0F3C, 0x60000000
0x803F0F44, 0x60000000
0x803F0F4C, 0x60000000
0x803F0F34, 0x3A10003C
0x803F0F3C, 0x3E200000
0x803F0F44, 0x62313F00
0x803F0F4C, 0x3E404201
0x803F0F34, 0x62520200
0x803F0F3C, 0x3E600040
0x803F0F44, 0x62730043
0x803F0F4C, 0x3E800106
0x803F0F34, 0x62940000
0x803F0F3C, 0x3EA04100
0x803F0F44, 0x62B54401
0x803F0F4C, 0x3EC00100
0x803F0F34, 0x62D60042
0x803F0F3C, 0x3EE00045
0x803F0F44, 0x62F700E0
0x803F0F4C, 0x3F009800
0x803F0F34, 0x63180400
0x803F0F3C, 0x3F20003B
0x803F0F44, 0x6339003E
0x803F0F4C, 0x3F4000B5
0x803F0F34, 0x635A0000
0x803F0F3C, 0x3F604300
0x803F0F44, 0x637B4600
0x803F0F4C, 0x3F80FD00
0x803F0F34, 0x639C0039
0x803F0F3C, 0x3FA0003C
0x803F0F44, 0x63BD00FE
0x803F0F4C, 0x3FC00000
0x803F0F34, 0x63DE4400
0x803F0F3C, 0x3FE04700
0x803F0F44, 0x63FFFC98
0x803F0F4C, 0xBE300000
0x803F0F34, 0x60000000
0x803F0F3C, 0x60000000
0x803F0F44, 0x60000000
0x803F0F4C, 0x60000000
0x803F0F34, 0x3A10003C
0x803F0F3C, 0x3E200007
0x803F0F44, 0x62310000
0x803F0F4C, 0x3E404300
0x803F0F34, 0x62524600
0x803F0F3C, 0x3E60FD00
0x803F0F44, 0x62730045
0x803F0F4C, 0x3E800048
0x803F0F34, 0x629400FF
0x803F0F3C, 0x3EA00000
0x803F0F44, 0x62B54400
0x803F0F4C, 0x3EC04700
0x803F0F34, 0x62D6FC00
0x803F0F3C, 0x3EE00046
0x803F0F44, 0x62F70049
0x803F0F4C, 0x3F0000DF
0x803F0F34, 0x63180000
0x803F0F3C, 0x3F204700
0x803F0F44, 0x63394A00
0x803F0F4C, 0x3F40DC00
0x803F0F34, 0x635A0048
0x803F0F3C, 0x3F60004B
0x803F0F44, 0x637B00DE
0x803F0F4C, 0x3F800000
0x803F0F34, 0x639C3700
0x803F0F3C, 0x3FA04C00
0x803F0F44, 0x63BDDD98
0x803F0F4C, 0x3FC00005
0x803F0F34, 0x63DE0000
0x803F0F3C, 0x3FE04900
0x803F0F44, 0x63FF4D00
0x803F0F4C, 0xBE300000
0x803F0F34, 0x60000000
0x803F0F3C, 0x60000000
0x803F0F44, 0x60000000
0x803F0F4C, 0x60000000
0x803F0F34, 0x3A10003C
0x803F0F3C, 0x3E20F600
0x803F0F44, 0x6231002F
0x803F0F4C, 0x3E40004E
0x803F0F34, 0x625200EE
0x803F0F3C, 0x3E600000
0x803F0F44, 0x62734A00
0x803F0F4C, 0x3E804F00
0x803F0F34, 0x6294D500
0x803F0F3C, 0x3EA00030
0x803F0F44, 0x62B50050
0x803F0F4C, 0x3EC000CC
0x803F0F34, 0x62D60000
0x803F0F3C, 0x3EE01E00
0x803F0F44, 0x62F71D00
0x803F0F4C, 0x3F00CF98
0x803F0F34, 0x63180005
0x803F0F3C, 0x3F200000
0x803F0F44, 0x63392F00
0x803F0F4C, 0x3F404E00
0x803F0F34, 0x635AEE00
0x803F0F3C, 0x3F600049
0x803F0F44, 0x637B004D
0x803F0F4C, 0x3F8000F6
0x803F0F34, 0x639C0000
0x803F0F3C, 0x3FA02B00
0x803F0F44, 0x63BD5100
0x803F0F4C, 0x3FC0EF00
0x803F0F34, 0x63DE002E
0x803F0F3C, 0x3FE00051
0x803F0F44, 0x63FF00F7
0x803F0F4C, 0xBE300000
0x803F0F34, 0x60000000
0x803F0F3C, 0x60000000
0x803F0F44, 0x60000000
0x803F0F4C, 0x60000000
0x803F0F34, 0x3A10003C
0x803F0F3C, 0x3E200000
0x803F0F44, 0x62312D00
0x803F0F4C, 0x3E405200
0x803F0F34, 0x6252AF98
0x803F0F3C, 0x3E600004
0x803F0F44, 0x62730000
0x803F0F4C, 0x3E804100
0x803F0F34, 0x62945301
0x803F0F3C, 0x3EA00100
0x803F0F44, 0x62B50043
0x803F0F4C, 0x3EC00054
0x803F0F34, 0x62D600FD
0x803F0F3C, 0x3EE00000
0x803F0F44, 0x62F73F00
0x803F0F4C, 0x3F005501
0x803F0F34, 0x63180200
0x803F0F3C, 0x3F20003D
0x803F0F44, 0x63390056
0x803F0F4C, 0x3F4000B6
0x803F0F34, 0x635A9800
0x803F0F3C, 0x3F600600
0x803F0F44, 0x637B0043
0x803F0F4C, 0x3F800054
0x803F0F34, 0x639C00FD
0x803F0F3C, 0x3FA00000
0x803F0F44, 0x63BD4100
0x803F0F4C, 0x3FC05301
0x803F0F34, 0x63DE0100
0x803F0F3C, 0x3FE00045
0x803F0F44, 0x63FF0057
0x803F0F4C, 0xBE300000
0x803F0F34, 0x60000000
0x803F0F3C, 0x60000000
0x803F0F44, 0x60000000
0x803F0F4C, 0x60000000
0x803F0F34, 0x3A10003C
0x803F0F3C, 0x3E2000FF
0x803F0F44, 0x62310000
0x803F0F4C, 0x3E404200
0x803F0F34, 0x62525800
0x803F0F3C, 0x3E60E000
0x803F0F44, 0x62730046
0x803F0F4C, 0x3E800059
0x803F0F34, 0x629400DF
0x803F0F3C, 0x3EA00000
0x803F0F44, 0x62B54800
0x803F0F4C, 0x3EC05A00
0x803F0F34, 0x62D6DE98
0x803F0F3C, 0x3EE00005
0x803F0F44, 0x62F70000
0x803F0F4C, 0x3F004000
0x803F0F34, 0x63185B01
0x803F0F3C, 0x3F200600
0x803F0F44, 0x6339003E
0x803F0F4C, 0x3F40005C
0x803F0F34, 0x635A0104
0x803F0F3C, 0x3F600000
0x803F0F44, 0x637B3900
0x803F0F4C, 0x3F805D00
0x803F0F34, 0x639CFE00
0x803F0F3C, 0x3FA0003C
0x803F0F44, 0x63BD005E
0x803F0F4C, 0x3FC000B4
0x803F0F34, 0x63DE0000
0x803F0F3C, 0x3FE03A00
0x803F0F44, 0x63FF5E00
0x803F0F4C, 0xBE300000
0x803F0F34, 0x60000000
0x803F0F3C, 0x60000000
0x803F0F44, 0x60000000
0x803F0F4C, 0x60000000
0x803F0F34, 0x3A10003C
0x803F0F3C, 0x3E20B798
0x803F0F44, 0x62310004
0x803F0F4C, 0x3E400000
0x803F0F34, 0x62523900
0x803F0F3C, 0x3E605D00
0x803F0F44, 0x6273FE00
0x803F0F4C, 0x3E800044
0x803F0F34, 0x6294005F
0x803F0F3C, 0x3EA000FC
0x803F0F44, 0x62B50000
0x803F0F4C, 0x3EC04000
0x803F0F34, 0x62D65B01
0x803F0F3C, 0x3EE00600
0x803F0F44, 0x62F7004B
0x803F0F4C, 0x3F000060
0x803F0F34, 0x631800E4
0x803F0F3C, 0x3F209800
0x803F0F44, 0x63390500
0x803F0F4C, 0x3F400044
0x803F0F34, 0x635A005F
0x803F0F3C, 0x3F6000FC
0x803F0F44, 0x637B0000
0x803F0F4C, 0x3F804700
0x803F0F34, 0x639C6100
0x803F0F3C, 0x3FA0DC00
0x803F0F44, 0x63BD004B
0x803F0F4C, 0x3FC00060
0x803F0F34, 0x63DE00E4
0x803F0F3C, 0x3FE00000
0x803F0F44, 0x63FF3700
0x803F0F4C, 0xBE300000
0x803F0F34, 0x60000000
0x803F0F3C, 0x60000000
0x803F0F44, 0x60000000
0x803F0F4C, 0x60000000
0x803F0F34, 0x3A10003C
0x803F0F3C, 0x3E203A00
0x803F0F44, 0x6231DD00
0x803F0F4C, 0x3E400036
0x803F0F34, 0x62520038
0x803F0F3C, 0x3E6000E6
0x803F0F44, 0x62739800
0x803F0F4C, 0x3E800400
0x803F0F34, 0x6294001B
0x803F0F3C, 0x3EA00062
0x803F0F44, 0x62B500B8
0x803F0F4C, 0x3EC00000
0x803F0F34, 0x62D64C00
0x803F0F3C, 0x3EE06300
0x803F0F44, 0x62F7B900
0x803F0F4C, 0x3F00004D
0x803F0F34, 0x63180062
0x803F0F3C, 0x3F2000AB
0x803F0F44, 0x63390000
0x803F0F4C, 0x3F404E00
0x803F0F34, 0x635A6200
0x803F0F3C, 0x3F60A798
0x803F0F44, 0x637B0005
0x803F0F4C, 0x3F800000
0x803F0F34, 0x639C4C00
0x803F0F3C, 0x3FA06300
0x803F0F44, 0x63BDB900
0x803F0F4C, 0x3FC0001B
0x803F0F34, 0x63DE0062
0x803F0F3C, 0x3FE000B8
0x803F0F44, 0x63FF0000
0x803F0F4C, 0xBE300000
0x803F0F34, 0x60000000
0x803F0F3C, 0x60000000
0x803F0F44, 0x60000000
0x803F0F4C, 0x60000000
0x803F0F34, 0x3A10003C
0x803F0F3C, 0x3E204800
0x803F0F44, 0x62315A00
0x803F0F4C, 0x3E402700
0x803F0F34, 0x6252001A
0x803F0F3C, 0x3E600064
0x803F0F44, 0x62730023
0x803F0F4C, 0x3E800000
0x803F0F34, 0x62942000
0x803F0F3C, 0x3EA06500
0x803F0F44, 0x62B52498
0x803F0F4C, 0x3EC00004
0x803F0F34, 0x62D60000
0x803F0F3C, 0x3EE02A00
0x803F0F44, 0x62F76600
0x803F0F4C, 0x3F00D200
0x803F0F34, 0x63180027
0x803F0F3C, 0x3F200067
0x803F0F44, 0x633900D0
0x803F0F4C, 0x3F400000
0x803F0F34, 0x635A4A00
0x803F0F3C, 0x3F606800
0x803F0F44, 0x637BD500
0x803F0F4C, 0x3F800049
0x803F0F34, 0x639C0069
0x803F0F3C, 0x3FA000F6
0x803F0F44, 0x63BD9800
0x803F0F4C, 0x3FC00600
0x803F0F34, 0x63DE0027
0x803F0F3C, 0x3FE00067
0x803F0F44, 0x63FF00D0
0x803F0F4C, 0xBE300000
0x803F0F34, 0x60000000
0x803F0F3C, 0x60000000
0x803F0F44, 0x60000000
0x803F0F4C, 0x60000000
0x803F0F34, 0x3A10003C
0x803F0F3C, 0x3E200000
0x803F0F44, 0x62312500
0x803F0F4C, 0x3E406A00
0x803F0F34, 0x6252F000
0x803F0F3C, 0x3E600049
0x803F0F44, 0x62730069
0x803F0F4C, 0x3E8000F6
0x803F0F34, 0x62940000
0x803F0F3C, 0x3EA02100
0x803F0F44, 0x62B56B00
0x803F0F4C, 0x3EC0F300
0x803F0F34, 0x62D6002E
0x803F0F3C, 0x3EE0002E
0x803F0F44, 0x62F700F7
0x803F0F4C, 0x3F000000
0x803F0F34, 0x63182300
0x803F0F3C, 0x3F202C00
0x803F0F44, 0x6339AC98
0x803F0F4C, 0x3F400005
0x803F0F34, 0x635A0000
0x803F0F3C, 0x3F604F00
0x803F0F44, 0x637B6C00
0x803F0F4C, 0x3F804200
0x803F0F34, 0x639C0050
0x803F0F3C, 0x3FA0006D
0x803F0F44, 0x63BD0012
0x803F0F4C, 0x3FC00000
0x803F0F34, 0x63DE5100
0x803F0F3C, 0x3FE06E00
0x803F0F44, 0x63FF1400
0x803F0F4C, 0xBE300000
0x803F0F34, 0x60000000
0x803F0F3C, 0x60000000
0x803F0F44, 0x60000000
0x803F0F4C, 0x60000000
0x803F0F34, 0x3A10003C
0x803F0F3C, 0x3E200003
0x803F0F44, 0x62310003
0x803F0F4C, 0x3E400011
0x803F0F34, 0x62520000
0x803F0F3C, 0x3E600100
0x803F0F44, 0x62730100
0x803F0F4C, 0x3E801598
0x803F0F34, 0x62940004
0x803F0F3C, 0x3EA00000
0x803F0F44, 0x62B54C00
0x803F0F4C, 0x3EC06F00
0x803F0F34, 0x62D6E200
0x803F0F3C, 0x3EE00042
0x803F0F44, 0x62F70045
0x803F0F4C, 0x3F0000E0
0x803F0F34, 0x63180000
0x803F0F3C, 0x3F204B00
0x803F0F44, 0x63397000
0x803F0F4C, 0x3F40E400
0x803F0F34, 0x635A0040
0x803F0F3C, 0x3F600043
0x803F0F44, 0x637B0106
0x803F0F4C, 0x3F809800
0x803F0F34, 0x639C0400
0x803F0F3C, 0x3FA0004F
0x803F0F44, 0x63BD006C
0x803F0F4C, 0x3FC0003F
0x803F0F34, 0x63DE0000
0x803F0F3C, 0x3FE05100
0x803F0F44, 0x63FF6E00
0x803F0F4C, 0xBE300000
0x803F0F34, 0x60000000
0x803F0F3C, 0x60000000
0x803F0F44, 0x60000000
0x803F0F4C, 0x60000000
0x803F0F34, 0x3A10003C
0x803F0F3C, 0x3E201200
0x803F0F44, 0x62310052
0x803F0F4C, 0x3E400071
0x803F0F34, 0x62520014
0x803F0F3C, 0x3E600000
0x803F0F44, 0x62730800
0x803F0F4C, 0x3E800800
0x803F0F34, 0x62941598
0x803F0F3C, 0x3EA00004
0x803F0F44, 0x62B50000
0x803F0F4C, 0x3EC00A00
0x803F0F34, 0x62D60A00
0x803F0F3C, 0x3EE01500
0x803F0F44, 0x62F70053
0x803F0F4C, 0x3F000072
0x803F0F34, 0x63180014
0x803F0F3C, 0x3F200000
0x803F0F44, 0x63395200
0x803F0F4C, 0x3F407100
0x803F0F34, 0x635A1200
0x803F0F3C, 0x3F600054
0x803F0F44, 0x637B0073
0x803F0F4C, 0x3F80003F
0x803F0F34, 0x639C9800
0x803F0F3C, 0x3FA00400
0x803F0F44, 0x63BD000C
0x803F0F4C, 0x3FC0000C
0x803F0F34, 0x63DE0015
0x803F0F3C, 0x3FE00000
0x803F0F44, 0x63FF5500
0x803F0F4C, 0xBE300000
0x803F0F34, 0x60000000
0x803F0F3C, 0x60000000
0x803F0F44, 0x60000000
0x803F0F4C, 0x60000000
0x803F0F34, 0x3A10003C
0x803F0F3C, 0x3E207400
0x803F0F44, 0x62311400
0x803F0F4C, 0x3E400053
0x803F0F34, 0x62520072
0x803F0F3C, 0x3E600012
0x803F0F44, 0x62730000
0x803F0F4C, 0x3E805600
0x803F0F34, 0x62947500
0x803F0F3C, 0x3EA03F98
0x803F0F44, 0x62B50004
0x803F0F4C, 0x3EC00000
0x803F0F34, 0x62D60E00
0x803F0F3C, 0x3EE00E00
0x803F0F44, 0x62F71500
0x803F0F4C, 0x3F000057
0x803F0F34, 0x63180076
0x803F0F3C, 0x3F200014
0x803F0F44, 0x63390000
0x803F0F4C, 0x3F405500
0x803F0F34, 0x635A7400
0x803F0F3C, 0x3F601200
0x803F0F44, 0x637B0058
0x803F0F4C, 0x3F800077
0x803F0F34, 0x639C003F
0x803F0F3C, 0x3FA09800
0x803F0F44, 0x63BD0400
0x803F0F4C, 0x3FC00006
0x803F0F34, 0x63DE0006
0x803F0F3C, 0x3FE00015
0x803F0F44, 0x63FF0000
0x803F0F4C, 0xBE300000
0x803F0F34, 0x60000000
0x803F0F3C, 0x60000000
0x803F0F44, 0x60000000
0x803F0F4C, 0x60000000
0x803F0F34, 0x3A10003C
0x803F0F3C, 0x3E205900
0x803F0F44, 0x62317800
0x803F0F4C, 0x3E401400
0x803F0F34, 0x62520057
0x803F0F3C, 0x3E600076
0x803F0F44, 0x62730012
0x803F0F4C, 0x3E800000
0x803F0F34, 0x62945A00
0x803F0F3C, 0x3EA07900
0x803F0F44, 0x62B53F98
0x803F0F4C, 0x3EC00004
0x803F0F34, 0x62D60000
0x803F0F3C, 0x3EE01600
0x803F0F44, 0x62F71600
0x803F0F4C, 0x3F003B00
0x803F0F34, 0x6318005B
0x803F0F3C, 0x3F20007A
0x803F0F44, 0x6339003A
0x803F0F4C, 0x3F400000
0x803F0F34, 0x635A1500
0x803F0F3C, 0x3F601500
0x803F0F44, 0x637B3C00
0x803F0F4C, 0x3F800014
0x803F0F34, 0x639C0014
0x803F0F3C, 0x3FA0003C
0x803F0F44, 0x63BD9800
0x803F0F4C, 0x3FC00500
0x803F0F34, 0x63DE0016
0x803F0F3C, 0x3FE00016
0x803F0F44, 0x63FF003B
0x803F0F4C, 0xBE300000
0x803F0F34, 0x60000000
0x803F0F3C, 0x60000000
0x803F0F44, 0x60000000
0x803F0F4C, 0x60000000
0x803F0F34, 0x3A10003C
0x803F0F3C, 0x3E200000
0x803F0F44, 0x62311700
0x803F0F4C, 0x3E401700
0x803F0F34, 0x62523B00
0x803F0F3C, 0x3E60005B
0x803F0F44, 0x6273007A
0x803F0F4C, 0x3E80003A
0x803F0F34, 0x62940000
0x803F0F3C, 0x3EA01800
0x803F0F44, 0x62B51800
0x803F0F4C, 0x3EC03B00
0x803F0F34, 0x62D60019
0x803F0F3C, 0x3EE00019
0x803F0F44, 0x62F7003B
0x803F0F4C, 0x3F009800
0x803F0F34, 0x63180500
0x803F0F3C, 0x3F200019
0x803F0F44, 0x63390019
0x803F0F4C, 0x3F40003B
0x803F0F34, 0x635A0000
0x803F0F3C, 0x3F601200
0x803F0F44, 0x637B1200
0x803F0F4C, 0x3F803B00
0x803F0F34, 0x639C005B
0x803F0F3C, 0x3FA0007A
0x803F0F44, 0x63BD003A
0x803F0F4C, 0x3FC00000
0x803F0F34, 0x63DE1100
0x803F0F3C, 0x3FE01100
0x803F0F44, 0x63FF3C00
0x803F0F4C, 0xBE300000
0x803F0F34, 0x60000000
0x803F0F3C, 0x60000000
0x803F0F44, 0x60000000
0x803F0F4C, 0x60000000
0x803F0F34, 0x3A10003C
0x803F0F3C, 0x3E200010
0x803F0F44, 0x62310010
0x803F0F4C, 0x3E40003C
0x803F0F34, 0x62529800
0x803F0F3C, 0x3E600400
0x803F0F44, 0x62730010
0x803F0F4C, 0x3E800010
0x803F0F34, 0x6294003C
0x803F0F3C, 0x3EA00000
0x803F0F44, 0x62B51300
0x803F0F4C, 0x3EC01300
0x803F0F34, 0x62D63C00
0x803F0F3C, 0x3EE0005B
0x803F0F44, 0x62F7007A
0x803F0F4C, 0x3F00003A
0x803F0F34, 0x63180000
0x803F0F3C, 0x3F201400
0x803F0F44, 0x63391400
0x803F0F4C, 0x3F403C98
0x803F0F34, 0x635A0004
0x803F0F3C, 0x3F600000
0x803F0F44, 0x637B0500
0x803F0F4C, 0x3F800500
0x803F0F34, 0x639C1500
0x803F0F3C, 0x3FA0005C
0x803F0F44, 0x63BD007B
0x803F0F4C, 0x3FC00014
0x803F0F34, 0x63DE0000
0x803F0F3C, 0x3FE05900
0x803F0F44, 0x63FF7800
0x803F0F4C, 0xBE300000
0x803F0F34, 0x60000000
0x803F0F3C, 0x60000000
0x803F0F44, 0x60000000
0x803F0F4C, 0x60000000
0x803F0F34, 0x3A10003C
0x803F0F3C, 0x3E201200
0x803F0F44, 0x6231005D
0x803F0F4C, 0x3E40007C
0x803F0F34, 0x6252003F
0x803F0F3C, 0x3E609800
0x803F0F44, 0x62730400
0x803F0F4C, 0x3E80005E
0x803F0F34, 0x6294007D
0x803F0F3C, 0x3EA0003F
0x803F0F44, 0x62B50000
0x803F0F4C, 0x3EC05C00
0x803F0F34, 0x62D67B00
0x803F0F3C, 0x3EE01200
0x803F0F44, 0x62F70050
0x803F0F4C, 0x3F00006D
0x803F0F34, 0x63180014
0x803F0F3C, 0x3F200000
0x803F0F44, 0x63390300
0x803F0F4C, 0x3F400300
0x803F0F34, 0x635A1598
0x803F0F3C, 0x3F600004
0x803F0F44, 0x637B0000
0x803F0F4C, 0x3F805F00
0x803F0F34, 0x639C7E00
0x803F0F3C, 0x3FA0A600
0x803F0F44, 0x63BD001D
0x803F0F4C, 0x3FC0007E
0x803F0F34, 0x63DE00A8
0x803F0F3C, 0x3FE00000
0x803F0F44, 0x63FF4E00
0x803F0F4C, 0xBE300000
0x803F0F34, 0x60000000
0x803F0F3C, 0x60000000
0x803F0F44, 0x60000000
0x803F0F4C, 0x60000000
0x803F0F34, 0x3A10003C
0x803F0F3C, 0x3E207E00
0x803F0F44, 0x6231A700
0x803F0F4C, 0x3E40004D
0x803F0F34, 0x6252007E
0x803F0F3C, 0x3E6000AB
0x803F0F44, 0x62739800
0x803F0F4C, 0x3E800400
0x803F0F34, 0x6294004E
0x803F0F3C, 0x3EA0007E
0x803F0F44, 0x62B500A7
0x803F0F4C, 0x3EC00000
0x803F0F34, 0x62D63500
0x803F0F3C, 0x3EE07E00
0x803F0F44, 0x62F7A900
0x803F0F4C, 0x3F00005F
0x803F0F34, 0x6318007E
0x803F0F3C, 0x3F2000A6
0x803F0F44, 0x63390000
0x803F0F4C, 0x3F403100
0x803F0F34, 0x635A7E00
0x803F0F3C, 0x3F60AA98
0x803F0F44, 0x637B0004
0x803F0F4C, 0x3F800000
0x803F0F34, 0x639C5800
0x803F0F3C, 0x3FA07700
0x803F0F44, 0x63BD1200
0x803F0F4C, 0x3FC0005A
0x803F0F34, 0x63DE0079
0x803F0F3C, 0x3FE00014
0x803F0F44, 0x63FF0000
0x803F0F4C, 0xBE300000
0x803F0F34, 0x60000000
0x803F0F3C, 0x60000000
0x803F0F44, 0x60000000
0x803F0F4C, 0x60000000
0x803F0F34, 0x3A10003C
0x803F0F3C, 0x3E206000
0x803F0F44, 0x62317F00
0x803F0F4C, 0x3E401100
0x803F0F34, 0x62520061
0x803F0F3C, 0x3E600080
0x803F0F44, 0x62730015
0x803F0F4C, 0x3E809800
0x803F0F34, 0x62940400
0x803F0F3C, 0x3EA0005A
0x803F0F44, 0x62B50079
0x803F0F4C, 0x3EC00012
0x803F0F34, 0x62D60000
0x803F0F3C, 0x3EE05D00
0x803F0F44, 0x62F77C00
0x803F0F4C, 0x3F001400
0x803F0F34, 0x63180061
0x803F0F3C, 0x3F200080
0x803F0F44, 0x63390011
0x803F0F4C, 0x3F400000
0x803F0F34, 0x635A6200
0x803F0F3C, 0x3F608100
0x803F0F44, 0x637B1598
0x803F0F4C, 0x3F800004
0x803F0F34, 0x639C0000
0x803F0F3C, 0x3FA04C00
0x803F0F44, 0x63BD8200
0x803F0F4C, 0x3FC0B900
0x803F0F34, 0x63DE0036
0x803F0F3C, 0x3FE00082
0x803F0F44, 0x63FF00B3
0x803F0F4C, 0xBE300000
0x803F0F34, 0x60000000
0x803F0F3C, 0x60000000
0x803F0F44, 0x60000000
0x803F0F4C, 0x60000000
0x803F0F34, 0x3A10003C
0x803F0F3C, 0x3E200000
0x803F0F44, 0x62314E00
0x803F0F4C, 0x3E408200
0x803F0F34, 0x6252A700
0x803F0F3C, 0x3E600035
0x803F0F44, 0x62730082
0x803F0F4C, 0x3E8000A9
0x803F0F34, 0x62949800
0x803F0F3C, 0x3EA00400
0x803F0F44, 0x62B5005E
0x803F0F4C, 0x3EC0007D
0x803F0F34, 0x62D60012
0x803F0F3C, 0x3EE00000
0x803F0F44, 0x62F76300
0x803F0F4C, 0x3F008300
0x803F0F34, 0x63181400
0x803F0F3C, 0x3F200064
0x803F0F44, 0x63390084
0x803F0F4C, 0x3F400011
0x803F0F34, 0x635A0000
0x803F0F3C, 0x3F606500
0x803F0F44, 0x637B8500
0x803F0F4C, 0x3F801598
0x803F0F34, 0x639C0004
0x803F0F3C, 0x3FA00000
0x803F0F44, 0x63BD5D00
0x803F0F4C, 0x3FC07C00
0x803F0F34, 0x63DE1200
0x803F0F3C, 0x3FE0005E
0x803F0F44, 0x63FF007D
0x803F0F4C, 0xBE300000
0x803F0F34, 0x60000000
0x803F0F3C, 0x60000000
0x803F0F44, 0x60000000
0x803F0F4C, 0x60000000
0x803F0F34, 0x3A10003C
0x803F0F3C, 0x3E200014
0x803F0F44, 0x62310000
0x803F0F4C, 0x3E406200
0x803F0F34, 0x62528100
0x803F0F3C, 0x3E601100
0x803F0F44, 0x62730064
0x803F0F4C, 0x3E800084
0x803F0F34, 0x62940015
0x803F0F3C, 0x3EA09800
0x803F0F44, 0x62B50400
0x803F0F4C, 0x3EC00066
0x803F0F34, 0x62D60086
0x803F0F3C, 0x3EE00015
0x803F0F44, 0x62F70000
0x803F0F4C, 0x3F006500
0x803F0F34, 0x63188500
0x803F0F3C, 0x3F201100
0x803F0F44, 0x6339004F
0x803F0F4C, 0x3F40006C
0x803F0F34, 0x635A0014
0x803F0F3C, 0x3F600000
0x803F0F44, 0x637B6300
0x803F0F4C, 0x3F808300
0x803F0F34, 0x639C1298
0x803F0F3C, 0x3FA00004
0x803F0F44, 0x63BD0000
0x803F0F4C, 0x3FC05400
0x803F0F34, 0x63DE7300
0x803F0F3C, 0x3FE01200
0x803F0F44, 0x63FF0056
0x803F0F4C, 0xBE300000
0x803F0F34, 0x60000000
0x803F0F3C, 0x60000000
0x803F0F44, 0x60000000
0x803F0F4C, 0x60000000
0x803F0F34, 0x3A10003C
0x803F0F3C, 0x3E200075
0x803F0F44, 0x62310014
0x803F0F4C, 0x3E400000
0x803F0F34, 0x62526700
0x803F0F3C, 0x3E608700
0x803F0F44, 0x62731100
0x803F0F4C, 0x3E800068
0x803F0F34, 0x62940088
0x803F0F3C, 0x3EA00015
0x803F0F44, 0x62B59800
0x803F0F4C, 0x3EC00400
0x803F0F34, 0x62D60037
0x803F0F3C, 0x3EE00089
0x803F0F44, 0x62F7002C
0x803F0F4C, 0x3F000000
0x803F0F34, 0x63184800
0x803F0F3C, 0x3F208900
0x803F0F44, 0x63392700
0x803F0F4C, 0x3F400069
0x803F0F34, 0x635A0089
0x803F0F3C, 0x3F60002A
0x803F0F44, 0x637B0000
0x803F0F4C, 0x3F806A00
0x803F0F34, 0x639C8900
0x803F0F3C, 0x3FA02898
0x803F0F44, 0x63BD0004
0x803F0F4C, 0x3FC00000
0x803F0F34, 0x63DE4F00
0x803F0F3C, 0x3FE06C00
0x803F0F44, 0x63FF1200
0x803F0F4C, 0xBE300000
0x803F0F34, 0x60000000
0x803F0F3C, 0x60000000
0x803F0F44, 0x60000000
0x803F0F4C, 0x60000000
0x803F0F34, 0x3A10003C
0x803F0F3C, 0x3E200054
0x803F0F44, 0x62310073
0x803F0F4C, 0x3E400014
0x803F0F34, 0x62520000
0x803F0F3C, 0x3E606600
0x803F0F44, 0x62738600
0x803F0F4C, 0x3E801100
0x803F0F34, 0x62940067
0x803F0F3C, 0x3EA00087
0x803F0F44, 0x62B50015
0x803F0F4C, 0x3EC09800
0x803F0F34, 0x62D60400
0x803F0F3C, 0x3EE0001C
0x803F0F44, 0x62F7008A
0x803F0F4C, 0x3F0000BA
0x803F0F34, 0x63180000
0x803F0F3C, 0x3F201D00
0x803F0F44, 0x63398A00
0x803F0F4C, 0x3F40A800
0x803F0F34, 0x635A002A
0x803F0F3C, 0x3F60008A
0x803F0F44, 0x637B00B0
0x803F0F4C, 0x3F800000
0x803F0F34, 0x639C5F00
0x803F0F3C, 0x3FA08A00
0x803F0F44, 0x63BDA698
0x803F0F4C, 0x3FC00004
0x803F0F34, 0x63DE0000
0x803F0F3C, 0x3FE06000
0x803F0F44, 0x63FF7F00
0x803F0F4C, 0xBE300000
0x803F0F34, 0x60000000
0x803F0F3C, 0x60000000
0x803F0F44, 0x60000000
0x803F0F4C, 0x60000000
0x803F0F34, 0x3A10003C
0x803F0F3C, 0x3E201500
0x803F0F44, 0x62310068
0x803F0F4C, 0x3E400088
0x803F0F34, 0x62520011
0x803F0F3C, 0x3E600000
0x803F0F44, 0x62735800
0x803F0F4C, 0x3E807700
0x803F0F34, 0x62941400
0x803F0F3C, 0x3EA00056
0x803F0F44, 0x62B50075
0x803F0F4C, 0x3EC00012
0x803F0F34, 0x62D69800
0x803F0F3C, 0x3EE00400
0x803F0F44, 0x62F7001F
0x803F0F4C, 0x3F00008B
0x803F0F34, 0x63180022
0x803F0F3C, 0x3F200000
0x803F0F44, 0x63391E00
0x803F0F4C, 0x3F408B00
0x803F0F34, 0x635A2500
0x803F0F3C, 0x3F600034
0x803F0F44, 0x637B008B
0x803F0F4C, 0x3F800033
0x803F0F34, 0x639C0000
0x803F0F3C, 0x3FA02900
0x803F0F44, 0x63BD8B00
0x803F0F4C, 0x3FC03590
0x803F0F34, 0x63DE006C
0x803F0F3C, 0x3FE00000
0x803F0F44, 0x63FF0F00
0x803F0F4C, 0xBE300000
0x803F0F34, 0x60000000
0x803F0F3C, 0x60000000
0x803F0F44, 0x60000000
0x803F0F4C, 0x60000000
0x803F0F34, 0x3A10003C
0x803F0F3C, 0x3E200F00
0x803F0F44, 0x62310B00
0x803F0F4C, 0x3E400004
0x803F0F34, 0x62520004
0x803F0F3C, 0x3E600009
0x803F0F44, 0x62730000
0x803F0F4C, 0x3E800600
0x803F0F34, 0x62940600
0x803F0F3C, 0x3EA00C00
0x803F0F44, 0x62B5006A
0x803F0F4C, 0x3EC00065
0x803F0F34, 0x62D60028
0x803F0F3C, 0x3EE00000
0x803F0F44, 0x62F74800
0x803F0F4C, 0x3F005A00
0x803F0F34, 0x63182700
0x803F0F3C, 0x3F200020
0x803F0F44, 0x63390065
0x803F0F4C, 0x3F400024
0x803F0F34, 0x635A0000
0x803F0F3C, 0x3F606900
0x803F0F44, 0x637B3B00
0x803F0F4C, 0x3F802A00
0x803F0F34, 0x639C0038
0x803F0F3C, 0x3FA0003B
0x803F0F44, 0x63BD002F
0x803F0F4C, 0x3FC00000
0x803F0F34, 0x63DE3700
0x803F0F3C, 0x3FE03A00
0x803F0F44, 0x63FF2C00
0x803F0F4C, 0xBE300000
0x803F0F34, 0x60000000
0x803F0F3C, 0x60000000
0x803F0F44, 0x60000000
0x803F0F4C, 0x60000000
0x803F0F34, 0x3A10003C
0x803F0F3C, 0x3E200038
0x803F0F44, 0x62310036
0x803F0F4C, 0x3E40002F
0x803F0F34, 0x62520000
0x803F0F3C, 0x3E603400
0x803F0F44, 0x62733600
0x803F0F4C, 0x3E803300
0x803F0F34, 0x62940033
0x803F0F3C, 0x3EA00035
0x803F0F44, 0x62B50031
0x803F0F4C, 0x3EC00000
0x803F0F34, 0x62D65C00
0x803F0F3C, 0x3EE07B00
0x803F0F44, 0x62F71400
0x803F0F4C, 0x3F00005E
0x803F0F34, 0x6318007D
0x803F0F3C, 0x3F200042
0x803F0F44, 0x63390000
0x803F0F4C, 0x3F405D00
0x803F0F34, 0x635A7C00
0x803F0F3C, 0x3F603F00
0x803F0F44, 0x637B0059
0x803F0F4C, 0x3F800078
0x803F0F34, 0x639C0014
0x803F0F3C, 0x3FA00000
0x803F0F44, 0x63BD5D00
0x803F0F4C, 0x3FC07C00
0x803F0F34, 0x63DE4200
0x803F0F3C, 0x3FE0005A
0x803F0F44, 0x63FF0079
0x803F0F4C, 0xBE300000
0x803F0F34, 0x60000000
0x803F0F3C, 0x60000000
0x803F0F44, 0x60000000
0x803F0F4C, 0x60000000
0x803F0F34, 0x3A10003C
0x803F0F3C, 0x3E20003F
0x803F0F44, 0x62310000
0x803F0F4C, 0x3E405700
0x803F0F34, 0x62527600
0x803F0F3C, 0x3E601400
0x803F0F44, 0x6273005A
0x803F0F4C, 0x3E800079
0x803F0F34, 0x62940042
0x803F0F3C, 0x3EA00000
0x803F0F44, 0x62B55800
0x803F0F4C, 0x3EC07700
0x803F0F34, 0x62D63F00
0x803F0F3C, 0x3EE0004F
0x803F0F44, 0x62F7006C
0x803F0F4C, 0x3F000042
0x803F0F34, 0x63180000
0x803F0F3C, 0x3F206300
0x803F0F44, 0x63398300
0x803F0F4C, 0x3F403F00
0x803F0F34, 0x635A0050
0x803F0F3C, 0x3F60006D
0x803F0F44, 0x637B0012
0x803F0F4C, 0x3F800000
0x803F0F34, 0x639C5200
0x803F0F3C, 0x3FA07100
0x803F0F44, 0x63BD1200
0x803F0F4C, 0x3FC00008
0x803F0F34, 0x63DE0008
0x803F0F3C, 0x3FE00011
0x803F0F44, 0x63FF0000
0x803F0F4C, 0xBE300000
0x803F0F34, 0x60000000
0x803F0F3C, 0x60000000
0x803F0F44, 0x60000000
0x803F0F4C, 0x60000000
0x803F0F34, 0x3A10003C
0x803F0F3C, 0x3E200A00
0x803F0F44, 0x62310A00
0x803F0F4C, 0x3E401500
0x803F0F34, 0x62520053
0x803F0F3C, 0x3E600072
0x803F0F44, 0x62730012
0x803F0F4C, 0x3E800000
0x803F0F34, 0x62940A00
0x803F0F3C, 0x3EA00A00
0x803F0F44, 0x62B51100
0x803F0F4C, 0x3EC0000C
0x803F0F34, 0x62D6000C
0x803F0F3C, 0x3EE00015
0x803F0F44, 0x62F70000
0x803F0F4C, 0x3F005500
0x803F0F34, 0x63187400
0x803F0F3C, 0x3F201200
0x803F0F44, 0x6339000C
0x803F0F4C, 0x3F40000C
0x803F0F34, 0x635A0011
0x803F0F3C, 0x3F600000
0x803F0F44, 0x637B0E00
0x803F0F4C, 0x3F800E00
0x803F0F34, 0x639C1500
0x803F0F3C, 0x3FA00057
0x803F0F44, 0x63BD0076
0x803F0F4C, 0x3FC00012
0x803F0F34, 0x63DE0000
0x803F0F3C, 0x3FE00E00
0x803F0F44, 0x63FF0E00
0x803F0F4C, 0xBE300000
0x803F0F34, 0x60000000
0x803F0F3C, 0x60000000
0x803F0F44, 0x60000000
0x803F0F4C, 0x60000000
0x803F0F34, 0x3A10003C
0x803F0F3C, 0x3E201100
0x803F0F44, 0x62310006
0x803F0F4C, 0x3E400006
0x803F0F34, 0x62520015
0x803F0F3C, 0x3E600000
0x803F0F44, 0x62735900
0x803F0F4C, 0x3E807800
0x803F0F34, 0x62941200
0x803F0F3C, 0x3EA00006
0x803F0F44, 0x62B50006
0x803F0F4C, 0x3EC00011
0x803F0F34, 0x62D60000
0x803F0F3C, 0x3EE00500
0x803F0F44, 0x62F70500
0x803F0F4C, 0x3F001500
0x803F0F34, 0x63180050
0x803F0F3C, 0x3F20006D
0x803F0F44, 0x63390014
0x803F0F4C, 0x3F400000
0x803F0F34, 0x635A6300
0x803F0F3C, 0x3F608300
0x803F0F44, 0x637B4200
0x803F0F4C, 0x3F80005E
0x803F0F34, 0x639C007D
0x803F0F3C, 0x3FA0003F
0x803F0F44, 0x63BD0000
0x803F0F4C, 0x3FC05200
0x803F0F34, 0x63DE7100
0x803F0F3C, 0x3FE01400
0x803F0F44, 0x63FF0054
0x803F0F4C, 0xBE300000
0x803F0F34, 0x60000000
0x803F0F3C, 0x60000000
0x803F0F44, 0x60000000
0x803F0F4C, 0x60000000
0x803F0F34, 0x3A10003C
0x803F0F3C, 0x3E200073
0x803F0F44, 0x62310042
0x803F0F4C, 0x3E400000
0x803F0F34, 0x62524F00
0x803F0F3C, 0x3E606C00
0x803F0F44, 0x62733F00
0x803F0F4C, 0x3E800053
0x803F0F34, 0x62940072
0x803F0F3C, 0x3EA00014
0x803F0F44, 0x62B50000
0x803F0F4C, 0x3EC05600
0x803F0F34, 0x62D67500
0x803F0F3C, 0x3EE04200
0x803F0F44, 0x62F70054
0x803F0F4C, 0x3F000073
0x803F0F34, 0x6318003F
0x803F0F3C, 0x3F200000
0x803F0F44, 0x63395100
0x803F0F4C, 0x3F406E00
0x803F0F34, 0x635A1200
0x803F0F3C, 0x3F600001
0x803F0F44, 0x637B0001
0x803F0F4C, 0x3F800011
0x803F0F34, 0x639C0000
0x803F0F3C, 0x3FA00800
0x803F0F44, 0x63BD0800
0x803F0F4C, 0x3FC01500
0x803F0F34, 0x63DE005C
0x803F0F3C, 0x3FE0007B
0x803F0F44, 0x63FF0012
0x803F0F4C, 0xBE300000
0x803F0F34, 0x60000000
0x803F0F3C, 0x60000000
0x803F0F44, 0x60000000
0x803F0F4C, 0x60000000
0x803F0F34, 0x3A10003C
0x803F0F3C, 0x3E200000
0x803F0F44, 0x62310500
0x803F0F4C, 0x3E400500
0x803F0F34, 0x62521100
0x803F0F3C, 0x3E600003
0x803F0F44, 0x62730003
0x803F0F4C, 0x3E800015
0x803F0F34, 0x62940000
0x803F0F3C, 0x3EA05500
0x803F0F44, 0x62B57400
0x803F0F4C, 0x3EC01400
0x803F0F34, 0x62D60058
0x803F0F3C, 0x3EE00077
0x803F0F44, 0x62F70042
0x803F0F4C, 0x3F000000
0x803F0F34, 0x63185600
0x803F0F3C, 0x3F207500
0x803F0F44, 0x63393F00
0x803F0F4C, 0x3F40006B
0x803F0F34, 0x635A008C
0x803F0F3C, 0x3F600015
0x803F0F44, 0x637B0000
0x803F0F4C, 0x3F806200
0x803F0F34, 0x639C8100
0x803F0F3C, 0x3FA01200
0x803F0F44, 0x63BD0064
0x803F0F4C, 0x3FC00084
0x803F0F34, 0x63DE0014
0x803F0F3C, 0x3FE00000
0x803F0F44, 0x63FF6B00
0x803F0F4C, 0xBE300000
0x803F0F34, 0x60000000
0x803F0F3C, 0x60000000
0x803F0F44, 0x60000000
0x803F0F4C, 0x60000000
0x803F0F34, 0x3A10003C
0x803F0F3C, 0x3E208C00
0x803F0F44, 0x62311500
0x803F0F4C, 0x3E400061
0x803F0F34, 0x62520080
0x803F0F3C, 0x3E600012
0x803F0F44, 0x62730000
0x803F0F4C, 0x3E806200
0x803F0F34, 0x62948100
0x803F0F3C, 0x3EA01400
0x803F0F44, 0x62B5006B
0x803F0F4C, 0x3EC0008C
0x803F0F34, 0x62D60015
0x803F0F3C, 0x3EE00000
0x803F0F44, 0x62F76000
0x803F0F4C, 0x3F007F00
0x803F0F34, 0x63181200
0x803F0F3C, 0x3F200061
0x803F0F44, 0x63390080
0x803F0F4C, 0x3F400014
0x803F0F34, 0x635A0000
0x803F0F3C, 0x3F606B00
0x803F0F44, 0x637B8C00
0x803F0F4C, 0x3F801500
0x803F0F34, 0x639C0068
0x803F0F3C, 0x3FA00088
0x803F0F44, 0x63BD0012
0x803F0F4C, 0x3FC00000
0x803F0F34, 0x63DE6000
0x803F0F3C, 0x3FE07F00
0x803F0F44, 0x63FF1400
0x803F0F4C, 0xBE300000
0x803F0F34, 0x60000000
0x803F0F3C, 0x60000000
0x803F0F44, 0x60000000
0x803F0F4C, 0x60000000
0x803F0F34, 0x3A10003C
0x803F0F3C, 0x3E20006B
0x803F0F44, 0x6231008C
0x803F0F4C, 0x3E400015
0x803F0F34, 0x62520000
0x803F0F3C, 0x3E606700
0x803F0F44, 0x62738700
0x803F0F4C, 0x3E801200
0x803F0F34, 0x62940068
0x803F0F3C, 0x3EA00088
0x803F0F44, 0x62B50014
0x803F0F4C, 0x3EC00000
0x803F0F34, 0x62D66B00
0x803F0F3C, 0x3EE08C00
0x803F0F44, 0x62F71500
0x803F0F4C, 0x3F000066
0x803F0F34, 0x63180086
0x803F0F3C, 0x3F200012
0x803F0F44, 0x63390000
0x803F0F4C, 0x3F406700
0x803F0F34, 0x635A8700
0x803F0F3C, 0x3F601400
0x803F0F44, 0x637B006B
0x803F0F4C, 0x3F80008C
0x803F0F34, 0x639C0015
0x803F0F3C, 0x3FA00000
0x803F0F44, 0x63BD6500
0x803F0F4C, 0x3FC08500
0x803F0F34, 0x63DE1200
0x803F0F3C, 0x3FE00066
0x803F0F44, 0x63FF0086
0x803F0F4C, 0xBE300000
0x803F0F34, 0x60000000
0x803F0F3C, 0x60000000
0x803F0F44, 0x60000000
0x803F0F4C, 0x60000000
0x803F0F34, 0x3A10003C
0x803F0F3C, 0x3E200014
0x803F0F44, 0x62310000
0x803F0F4C, 0x3E406B00
0x803F0F34, 0x62528C00
0x803F0F3C, 0x3E601500
0x803F0F44, 0x62730064
0x803F0F4C, 0x3E800084
0x803F0F34, 0x62940012
0x803F0F3C, 0x3EA00000
0x803F0F44, 0x62B56500
0x803F0F4C, 0x3EC08500
0x803F0F34, 0x62D61400
0x803F0F3C, 0x3EE0002A
0x803F0F44, 0x62F70027
0x803F0F4C, 0x3F0000B0
0x803F0F34, 0x63180000
0x803F0F3C, 0x3F205F00
0x803F0F44, 0x63393400
0x803F0F4C, 0x3F40A600
0x803F0F34, 0x635A0031
0x803F0F3C, 0x3F600034
0x803F0F44, 0x637B00AA
0x803F0F4C, 0x3F800000
0x803F0F34, 0x639C3200
0x803F0F3C, 0x3FA03700
0x803F0F44, 0x63BDB100
0x803F0F4C, 0x3FC00031
0x803F0F34, 0x63DE0037
0x803F0F3C, 0x3FE000AA
0x803F0F44, 0x63FF0000
0x803F0F4C, 0xBE300000
0x803F0F34, 0x60000000
0x803F0F3C, 0x60000000
0x803F0F44, 0x60000000
0x803F0F4C, 0x60000000
0x803F0F34, 0x3A10003C
0x803F0F3C, 0x3E203500
0x803F0F44, 0x62313700
0x803F0F4C, 0x3E40A900
0x803F0F34, 0x6252004D
0x803F0F3C, 0x3E60001B
0x803F0F44, 0x627300AB
0x803F0F4C, 0x3E800000
0x803F0F34, 0x62941D00
0x803F0F3C, 0x3EA01B00
0x803F0F44, 0x62B5A800
0x803F0F4C, 0x3EC0001B
0x803F0F34, 0x62D6001B
0x803F0F3C, 0x3EE000B8
0x803F0F44, 0x62F70000
0x803F0F4C, 0x3F001C00
0x803F0F34, 0x63186600
0x803F0F3C, 0x3F20D700
0x803F0F44, 0x6339002A
0x803F0F4C, 0x3F400066
0x803F0F34, 0x635A00D2
0x803F0F3C, 0x3F600000
0x803F0F44, 0x637B4A00
0x803F0F4C, 0x3F806800
0x803F0F34, 0x639CD500
0x803F0F3C, 0x3FA0001C
0x803F0F44, 0x63BD001C
0x803F0F4C, 0x3FC000D7
0x803F0F34, 0x63DE0000
0x803F0F3C, 0x3FE04A00
0x803F0F44, 0x63FF4F00
0x803F0F4C, 0xBE300000
0x803F0F34, 0x60000000
0x803F0F3C, 0x60000000
0x803F0F44, 0x60000000
0x803F0F4C, 0x60000000
0x803F0F34, 0x3A10003C
0x803F0F3C, 0x3E20D500
0x803F0F44, 0x6231001E
0x803F0F4C, 0x3E40001D
0x803F0F34, 0x625200CF
0x803F0F3C, 0x3E600000
0x803F0F44, 0x62734C00
0x803F0F4C, 0x3E806300
0x803F0F34, 0x6294E200
0x803F0F3C, 0x3EA00048
0x803F0F44, 0x62B5005A
0x803F0F4C, 0x3EC000DE
0x803F0F34, 0x62D60000
0x803F0F3C, 0x3EE04200
0x803F0F44, 0x62F75800
0x803F0F4C, 0x3F00E000
0x803F0F34, 0x63180036
0x803F0F3C, 0x3F20006F
0x803F0F44, 0x633900E6
0x803F0F4C, 0x3F400000
0x803F0F34, 0x635A4C00
0x803F0F3C, 0x3F606F00
0x803F0F44, 0x637BE200
0x803F0F4C, 0x3F80004B
0x803F0F34, 0x639C0070
0x803F0F3C, 0x3FA000E4
0x803F0F44, 0x63BD0000
0x803F0F4C, 0x3FC03B00
0x803F0F34, 0x63DE5600
0x803F0F3C, 0x3FE0B500
0x803F0F44, 0x63FF003D
0x803F0F4C, 0xBE300000
0x803F0F34, 0x60000000
0x803F0F3C, 0x60000000
0x803F0F44, 0x60000000
0x803F0F4C, 0x60000000
0x803F0F34, 0x3A10003C
0x803F0F3C, 0x3E200056
0x803F0F44, 0x623100B6
0x803F0F4C, 0x3E400000
0x803F0F34, 0x62524300
0x803F0F3C, 0x3E605400
0x803F0F44, 0x6273FD00
0x803F0F4C, 0x3E80002C
0x803F0F34, 0x62940052
0x803F0F3C, 0x3EA000AD
0x803F0F44, 0x62B50000
0x803F0F4C, 0x3EC02B00
0x803F0F34, 0x62D65100
0x803F0F3C, 0x3EE0EF00
0x803F0F44, 0x62F7002D
0x803F0F4C, 0x3F000052
0x803F0F34, 0x631800AF
0x803F0F3C, 0x3F209800
0x803F0F44, 0x63390400
0x803F0F4C, 0x3F40006C
0x803F0F34, 0x635A008D
0x803F0F3C, 0x3F600116
0x803F0F44, 0x637B0000
0x803F0F4C, 0x3F806D00
0x803F0F34, 0x639C8E01
0x803F0F3C, 0x3FA01700
0x803F0F44, 0x63BD006E
0x803F0F4C, 0x3FC0008F
0x803F0F34, 0x63DE0115
0x803F0F3C, 0x3FE00000
0x803F0F44, 0x63FF6F00
0x803F0F4C, 0xBE300000
0x803F0F34, 0x60000000
0x803F0F3C, 0x60000000
0x803F0F44, 0x60000000
0x803F0F4C, 0x60000000
0x803F0F34, 0x3A10003C
0x803F0F3C, 0x3E209001
0x803F0F44, 0x62311898
0x803F0F4C, 0x3E40000A
0x803F0F34, 0x62520000
0x803F0F3C, 0x3E606C00
0x803F0F44, 0x62738D01
0x803F0F4C, 0x3E801600
0x803F0F34, 0x62940070
0x803F0F3C, 0x3EA00091
0x803F0F44, 0x62B5012F
0x803F0F4C, 0x3EC00000
0x803F0F34, 0x62D66D00
0x803F0F3C, 0x3EE08E01
0x803F0F44, 0x62F71700
0x803F0F4C, 0x3F000071
0x803F0F34, 0x63180092
0x803F0F3C, 0x3F20012E
0x803F0F44, 0x63390000
0x803F0F4C, 0x3F407200
0x803F0F34, 0x635A9301
0x803F0F3C, 0x3F603000
0x803F0F44, 0x637B0073
0x803F0F4C, 0x3F800094
0x803F0F34, 0x639C013D
0x803F0F3C, 0x3FA00000
0x803F0F44, 0x63BD7400
0x803F0F4C, 0x3FC09501
0x803F0F34, 0x63DE3E00
0x803F0F3C, 0x3FE00075
0x803F0F44, 0x63FF0096
0x803F0F4C, 0xBE300000
0x803F0F34, 0x60000000
0x803F0F3C, 0x60000000
0x803F0F44, 0x60000000
0x803F0F4C, 0x60000000
0x803F0F34, 0x3A10003C
0x803F0F3C, 0x3E20014B
0x803F0F44, 0x62310000
0x803F0F4C, 0x3E407600
0x803F0F34, 0x62529701
0x803F0F3C, 0x3E604C00
0x803F0F44, 0x62730077
0x803F0F4C, 0x3E800098
0x803F0F34, 0x62940159
0x803F0F3C, 0x3EA09800
0x803F0F44, 0x62B50A00
0x803F0F4C, 0x3EC00070
0x803F0F34, 0x62D60091
0x803F0F3C, 0x3EE0012F
0x803F0F44, 0x62F70000
0x803F0F4C, 0x3F007800
0x803F0F34, 0x63189901
0x803F0F3C, 0x3F203C00
0x803F0F44, 0x63390071
0x803F0F4C, 0x3F400092
0x803F0F34, 0x635A012E
0x803F0F3C, 0x3F600000
0x803F0F44, 0x637B7900
0x803F0F4C, 0x3F809A01
0x803F0F34, 0x639C3B00
0x803F0F3C, 0x3FA00073
0x803F0F44, 0x63BD0094
0x803F0F4C, 0x3FC0013D
0x803F0F34, 0x63DE0000
0x803F0F3C, 0x3FE07A00
0x803F0F44, 0x63FF9B01
0x803F0F4C, 0xBE300000
0x803F0F34, 0x60000000
0x803F0F3C, 0x60000000
0x803F0F44, 0x60000000
0x803F0F4C, 0x60000000
0x803F0F34, 0x3A10003C
0x803F0F3C, 0x3E204A00
0x803F0F44, 0x62310075
0x803F0F4C, 0x3E400096
0x803F0F34, 0x6252014B
0x803F0F3C, 0x3E600000
0x803F0F44, 0x62737B00
0x803F0F4C, 0x3E809C01
0x803F0F34, 0x62945800
0x803F0F3C, 0x3EA00077
0x803F0F44, 0x62B50098
0x803F0F4C, 0x3EC00159
0x803F0F34, 0x62D60000
0x803F0F3C, 0x3EE07C00
0x803F0F44, 0x62F79D01
0x803F0F4C, 0x3F007F98
0x803F0F34, 0x6318000A
0x803F0F3C, 0x3F200000
0x803F0F44, 0x63397800
0x803F0F4C, 0x3F409901
0x803F0F34, 0x635A3C00
0x803F0F3C, 0x3F60007D
0x803F0F44, 0x637B009E
0x803F0F4C, 0x3F800149
0x803F0F34, 0x639C0000
0x803F0F3C, 0x3FA07900
0x803F0F44, 0x63BD9A01
0x803F0F4C, 0x3FC03B00
0x803F0F34, 0x63DE007E
0x803F0F3C, 0x3FE0009F
0x803F0F44, 0x63FF0148
0x803F0F4C, 0xBE300000
0x803F0F34, 0x60000000
0x803F0F3C, 0x60000000
0x803F0F44, 0x60000000
0x803F0F4C, 0x60000000
0x803F0F34, 0x3A10003C
0x803F0F3C, 0x3E200000
0x803F0F44, 0x62317A00
0x803F0F4C, 0x3E409B01
0x803F0F34, 0x62524A00
0x803F0F3C, 0x3E60007F
0x803F0F44, 0x627300A0
0x803F0F4C, 0x3E800157
0x803F0F34, 0x62940000
0x803F0F3C, 0x3EA07B00
0x803F0F44, 0x62B59C01
0x803F0F4C, 0x3EC05800
0x803F0F34, 0x62D60080
0x803F0F3C, 0x3EE000A1
0x803F0F44, 0x62F7017E
0x803F0F4C, 0x3F000000
0x803F0F34, 0x63187C00
0x803F0F3C, 0x3F209D01
0x803F0F44, 0x63397F00
0x803F0F4C, 0x3F400081
0x803F0F34, 0x635A00A2
0x803F0F3C, 0x3F600185
0x803F0F44, 0x637B9800
0x803F0F4C, 0x3F800A00
0x803F0F34, 0x639C007D
0x803F0F3C, 0x3FA0009E
0x803F0F44, 0x63BD0149
0x803F0F4C, 0x3FC00000
0x803F0F34, 0x63DE8200
0x803F0F3C, 0x3FE0A301
0x803F0F44, 0x63FF5600
0x803F0F4C, 0xBE300000
0x803F0F34, 0x60000000
0x803F0F3C, 0x60000000
0x803F0F44, 0x60000000
0x803F0F4C, 0x60000000
0x803F0F34, 0x3A10003C
0x803F0F3C, 0x3E20007E
0x803F0F44, 0x6231009F
0x803F0F4C, 0x3E400148
0x803F0F34, 0x62520000
0x803F0F3C, 0x3E608300
0x803F0F44, 0x6273A401
0x803F0F4C, 0x3E805500
0x803F0F34, 0x6294007F
0x803F0F3C, 0x3EA000A0
0x803F0F44, 0x62B50157
0x803F0F4C, 0x3EC00000
0x803F0F34, 0x62D68400
0x803F0F3C, 0x3EE0A501
0x803F0F44, 0x62F77D00
0x803F0F4C, 0x3F000080
0x803F0F34, 0x631800A1
0x803F0F3C, 0x3F20017E
0x803F0F44, 0x63390000
0x803F0F4C, 0x3F408500
0x803F0F34, 0x635AA601
0x803F0F3C, 0x3F607100
0x803F0F44, 0x637B0081
0x803F0F4C, 0x3F8000A2
0x803F0F34, 0x639C0185
0x803F0F3C, 0x3FA00000
0x803F0F44, 0x63BD8600
0x803F0F4C, 0x3FC0A701
0x803F0F34, 0x63DE6198
0x803F0F3C, 0x3FE00004
0x803F0F44, 0x63FF0000
0x803F0F4C, 0xBE300000
0x803F0F34, 0x60000000
0x803F0F3C, 0x60000000
0x803F0F44, 0x60000000
0x803F0F4C, 0x60000000
0x803F0F34, 0x3A10003C
0x803F0F3C, 0x3E208200
0x803F0F44, 0x6231A301
0x803F0F4C, 0x3E405600
0x803F0F34, 0x62520087
0x803F0F3C, 0x3E6000A8
0x803F0F44, 0x6273017C
0x803F0F4C, 0x3E800000
0x803F0F34, 0x62948300
0x803F0F3C, 0x3EA0A401
0x803F0F44, 0x62B55500
0x803F0F4C, 0x3EC00084
0x803F0F34, 0x62D600A5
0x803F0F3C, 0x3EE0017D
0x803F0F44, 0x62F79800
0x803F0F4C, 0x3F000A00
0x803F0F34, 0x63180084
0x803F0F3C, 0x3F2000A5
0x803F0F44, 0x6339017D
0x803F0F4C, 0x3F400000
0x803F0F34, 0x635A8700
0x803F0F3C, 0x3F60A801
0x803F0F44, 0x637B7C00
0x803F0F4C, 0x3F800085
0x803F0F34, 0x639C00A6
0x803F0F3C, 0x3FA00171
0x803F0F44, 0x63BD0000
0x803F0F4C, 0x3FC08800
0x803F0F34, 0x63DEA901
0x803F0F3C, 0x3FE07000
0x803F0F44, 0x63FF0089
0x803F0F4C, 0xBE300000
0x803F0F34, 0x60000000
0x803F0F3C, 0x60000000
0x803F0F44, 0x60000000
0x803F0F4C, 0x60000000
0x803F0F34, 0x3A10003C
0x803F0F3C, 0x3E2000AA
0x803F0F44, 0x62310163
0x803F0F4C, 0x3E400000
0x803F0F34, 0x62528A00
0x803F0F3C, 0x3E60AB01
0x803F0F44, 0x62736F00
0x803F0F4C, 0x3E80008B
0x803F0F34, 0x629400AC
0x803F0F3C, 0x3EA00162
0x803F0F44, 0x62B50000
0x803F0F4C, 0x3EC08C00
0x803F0F34, 0x62D6AD01
0x803F0F3C, 0x3EE06400
0x803F0F44, 0x62F7008D
0x803F0F4C, 0x3F0000AE
0x803F0F34, 0x63180153
0x803F0F3C, 0x3F200000
0x803F0F44, 0x63398E00
0x803F0F4C, 0x3F40AF01
0x803F0F34, 0x635A5498
0x803F0F3C, 0x3F60000A
0x803F0F44, 0x637B0000
0x803F0F4C, 0x3F808500
0x803F0F34, 0x639CA601
0x803F0F3C, 0x3FA07100
0x803F0F44, 0x63BD0089
0x803F0F4C, 0x3FC000AA
0x803F0F34, 0x63DE0163
0x803F0F3C, 0x3FE00000
0x803F0F44, 0x63FF8600
0x803F0F4C, 0xBE300000
0x803F0F34, 0x60000000
0x803F0F3C, 0x60000000
0x803F0F44, 0x60000000
0x803F0F4C, 0x60000000
0x803F0F34, 0x3A10003C
0x803F0F3C, 0x3E20A701
0x803F0F44, 0x62316100
0x803F0F4C, 0x3E40008F
0x803F0F34, 0x625200B0
0x803F0F3C, 0x3E600160
0x803F0F44, 0x62730000
0x803F0F4C, 0x3E809000
0x803F0F34, 0x6294B101
0x803F0F3C, 0x3EA05E00
0x803F0F44, 0x62B50091
0x803F0F4C, 0x3EC000B2
0x803F0F34, 0x62D60152
0x803F0F3C, 0x3EE00000
0x803F0F44, 0x62F79200
0x803F0F4C, 0x3F00B301
0x803F0F34, 0x63185100
0x803F0F3C, 0x3F200093
0x803F0F44, 0x633900B4
0x803F0F4C, 0x3F400145
0x803F0F34, 0x635A0000
0x803F0F3C, 0x3F609400
0x803F0F44, 0x637BB501
0x803F0F4C, 0x3F804400
0x803F0F34, 0x639C0095
0x803F0F3C, 0x3FA000B6
0x803F0F44, 0x63BD0138
0x803F0F4C, 0x3FC09800
0x803F0F34, 0x63DE0A00
0x803F0F3C, 0x3FE00089
0x803F0F44, 0x63FF00AA
0x803F0F4C, 0xBE300000
0x803F0F34, 0x60000000
0x803F0F3C, 0x60000000
0x803F0F44, 0x60000000
0x803F0F4C, 0x60000000
0x803F0F34, 0x3A10003C
0x803F0F3C, 0x3E200163
0x803F0F44, 0x62310000
0x803F0F4C, 0x3E408B00
0x803F0F34, 0x6252AC01
0x803F0F3C, 0x3E606200
0x803F0F44, 0x6273008F
0x803F0F4C, 0x3E8000B0
0x803F0F34, 0x62940160
0x803F0F3C, 0x3EA00000
0x803F0F44, 0x62B58D00
0x803F0F4C, 0x3EC0AE01
0x803F0F34, 0x62D65300
0x803F0F3C, 0x3EE00091
0x803F0F44, 0x62F700B2
0x803F0F4C, 0x3F000152
0x803F0F34, 0x63180000
0x803F0F3C, 0x3F209600
0x803F0F44, 0x6339B701
0x803F0F4C, 0x3F404600
0x803F0F34, 0x635A0093
0x803F0F3C, 0x3F6000B4
0x803F0F44, 0x637B0145
0x803F0F4C, 0x3F800000
0x803F0F34, 0x639C9700
0x803F0F3C, 0x3FA0B801
0x803F0F44, 0x63BD3900
0x803F0F4C, 0x3FC00095
0x803F0F34, 0x63DE00B6
0x803F0F3C, 0x3FE00138
0x803F0F44, 0x63FF0000
0x803F0F4C, 0xBE300000
0x803F0F34, 0x60000000
0x803F0F3C, 0x60000000
0x803F0F44, 0x60000000
0x803F0F4C, 0x60000000
0x803F0F34, 0x3A10003C
0x803F0F3C, 0x3E209800
0x803F0F44, 0x6231B901
0x803F0F4C, 0x3E402A98
0x803F0F34, 0x6252000A
0x803F0F3C, 0x3E600000
0x803F0F44, 0x62738D00
0x803F0F4C, 0x3E80AE01
0x803F0F34, 0x62945300
0x803F0F3C, 0x3EA0008E
0x803F0F44, 0x62B500AF
0x803F0F4C, 0x3EC00154
0x803F0F34, 0x62D60000
0x803F0F3C, 0x3EE09600
0x803F0F44, 0x62F7B701
0x803F0F4C, 0x3F004600
0x803F0F34, 0x63180099
0x803F0F3C, 0x3F2000BA
0x803F0F44, 0x63390147
0x803F0F4C, 0x3F400000
0x803F0F34, 0x635A9700
0x803F0F3C, 0x3F60B801
0x803F0F44, 0x637B3900
0x803F0F4C, 0x3F80009A
0x803F0F34, 0x639C00BB
0x803F0F3C, 0x3FA0013A
0x803F0F44, 0x63BD0000
0x803F0F4C, 0x3FC09800
0x803F0F34, 0x63DEB901
0x803F0F3C, 0x3FE02A00
0x803F0F44, 0x63FF009B
0x803F0F4C, 0xBE300000
0x803F0F34, 0x60000000
0x803F0F3C, 0x60000000
0x803F0F44, 0x60000000
0x803F0F4C, 0x60000000
0x803F0F34, 0x3A10003C
0x803F0F3C, 0x3E2000BC
0x803F0F44, 0x6231012C
0x803F0F4C, 0x3E400000
0x803F0F34, 0x62529C00
0x803F0F3C, 0x3E60BD01
0x803F0F44, 0x62732B00
0x803F0F4C, 0x3E80009D
0x803F0F34, 0x629400BE
0x803F0F3C, 0x3EA0012D
0x803F0F44, 0x62B59800
0x803F0F4C, 0x3EC00A00
0x803F0F34, 0x62D6009C
0x803F0F3C, 0x3EE000BD
0x803F0F44, 0x62F7012B
0x803F0F4C, 0x3F000000
0x803F0F34, 0x63189E00
0x803F0F3C, 0x3F20BF01
0x803F0F44, 0x63392800
0x803F0F4C, 0x3F400098
0x803F0F34, 0x635A00B9
0x803F0F3C, 0x3F60012A
0x803F0F44, 0x637B0000
0x803F0F4C, 0x3F809F00
0x803F0F34, 0x639CC001
0x803F0F3C, 0x3FA02900
0x803F0F44, 0x63BD0095
0x803F0F4C, 0x3FC000B6
0x803F0F34, 0x63DE0138
0x803F0F3C, 0x3FE00000
0x803F0F44, 0x63FFA000
0x803F0F4C, 0xBE300000
0x803F0F34, 0x60000000
0x803F0F3C, 0x60000000
0x803F0F44, 0x60000000
0x803F0F4C, 0x60000000
0x803F0F34, 0x3A10003C
0x803F0F3C, 0x3E20C101
0x803F0F44, 0x62313700
0x803F0F4C, 0x3E400094
0x803F0F34, 0x625200B5
0x803F0F3C, 0x3E600144
0x803F0F44, 0x62730000
0x803F0F4C, 0x3E80A100
0x803F0F34, 0x6294C201
0x803F0F3C, 0x3EA04300
0x803F0F44, 0x62B500A2
0x803F0F4C, 0x3EC000C3
0x803F0F34, 0x62D60150
0x803F0F3C, 0x3EE00000
0x803F0F44, 0x62F7A300
0x803F0F4C, 0x3F00C401
0x803F0F34, 0x63184298
0x803F0F3C, 0x3F20000A
0x803F0F44, 0x63390000
0x803F0F4C, 0x3F409F00
0x803F0F34, 0x635AC001
0x803F0F3C, 0x3F602900
0x803F0F44, 0x637B009E
0x803F0F4C, 0x3F8000BF
0x803F0F34, 0x639C0128
0x803F0F3C, 0x3FA00000
0x803F0F44, 0x63BDA400
0x803F0F4C, 0x3FC0C501
0x803F0F34, 0x63DE2700
0x803F0F3C, 0x3FE000A5
0x803F0F44, 0x63FF00C6
0x803F0F4C, 0xBE300000
0x803F0F34, 0x60000000
0x803F0F3C, 0x60000000
0x803F0F44, 0x60000000
0x803F0F4C, 0x60000000
0x803F0F34, 0x3A10003C
0x803F0F3C, 0x3E200126
0x803F0F44, 0x62310000
0x803F0F4C, 0x3E40A600
0x803F0F34, 0x6252C701
0x803F0F3C, 0x3E602400
0x803F0F44, 0x627300A7
0x803F0F4C, 0x3E8000C8
0x803F0F34, 0x62940125
0x803F0F3C, 0x3EA00000
0x803F0F44, 0x62B5A800
0x803F0F4C, 0x3EC0C901
0x803F0F34, 0x62D62200
0x803F0F3C, 0x3EE000A9
0x803F0F44, 0x62F700CA
0x803F0F4C, 0x3F000123
0x803F0F34, 0x63180000
0x803F0F3C, 0x3F20AA00
0x803F0F44, 0x6339CB01
0x803F0F4C, 0x3F402000
0x803F0F34, 0x635A00AB
0x803F0F3C, 0x3F6000CC
0x803F0F44, 0x637B0121
0x803F0F4C, 0x3F809800
0x803F0F34, 0x639C0800
0x803F0F3C, 0x3FA0009F
0x803F0F44, 0x63BD00C0
0x803F0F4C, 0x3FC00129
0x803F0F34, 0x63DE0000
0x803F0F3C, 0x3FE0A400
0x803F0F44, 0x63FFC501
0x803F0F4C, 0xBE300000
0x803F0F34, 0x60000000
0x803F0F3C, 0x60000000
0x803F0F44, 0x60000000
0x803F0F4C, 0x60000000
0x803F0F34, 0x3A10003C
0x803F0F3C, 0x3E202700
0x803F0F44, 0x623100A0
0x803F0F4C, 0x3E4000C1
0x803F0F34, 0x62520137
0x803F0F3C, 0x3E600000
0x803F0F44, 0x6273A600
0x803F0F4C, 0x3E80C701
0x803F0F34, 0x62942400
0x803F0F3C, 0x3EA000AC
0x803F0F44, 0x62B500CD
0x803F0F4C, 0x3EC00136
0x803F0F34, 0x62D60000
0x803F0F3C, 0x3EE0AD00
0x803F0F44, 0x62F7CE01
0x803F0F4C, 0x3F003500
0x803F0F34, 0x631800A1
0x803F0F3C, 0x3F2000C2
0x803F0F44, 0x63390143
0x803F0F4C, 0x3F400000
0x803F0F34, 0x635AA300
0x803F0F3C, 0x3F60C401
0x803F0F44, 0x637B4298
0x803F0F4C, 0x3F80000A
0x803F0F34, 0x639C0000
0x803F0F3C, 0x3FA0A600
0x803F0F44, 0x63BDC701
0x803F0F4C, 0x3FC02400
0x803F0F34, 0x63DE00A8
0x803F0F3C, 0x3FE000C9
0x803F0F44, 0x63FF0122
0x803F0F4C, 0xBE300000
0x803F0F34, 0x60000000
0x803F0F3C, 0x60000000
0x803F0F44, 0x60000000
0x803F0F4C, 0x60000000
0x803F0F34, 0x3A10003C
0x803F0F3C, 0x3E200000
0x803F0F44, 0x6231AD00
0x803F0F4C, 0x3E40CE01
0x803F0F34, 0x62523500
0x803F0F3C, 0x3E6000AE
0x803F0F44, 0x627300CF
0x803F0F4C, 0x3E800134
0x803F0F34, 0x62940000
0x803F0F3C, 0x3EA0A300
0x803F0F44, 0x62B5C401
0x803F0F4C, 0x3EC04200
0x803F0F34, 0x62D600AF
0x803F0F3C, 0x3EE000D0
0x803F0F44, 0x62F70141
0x803F0F4C, 0x3F000000
0x803F0F34, 0x6318B000
0x803F0F3C, 0x3F20D101
0x803F0F44, 0x63394F00
0x803F0F4C, 0x3F4000B1
0x803F0F34, 0x635A00D2
0x803F0F3C, 0x3F60014E
0x803F0F44, 0x637B0000
0x803F0F4C, 0x3F80B200
0x803F0F34, 0x639CD301
0x803F0F3C, 0x3FA05C00
0x803F0F44, 0x63BD00B3
0x803F0F4C, 0x3FC000D4
0x803F0F34, 0x63DE015B
0x803F0F3C, 0x3FE09800
0x803F0F44, 0x63FF0A00
0x803F0F4C, 0xBE300000
0x803F0F34, 0x60000000
0x803F0F3C, 0x60000000
0x803F0F44, 0x60000000
0x803F0F4C, 0x60000000
0x803F0F34, 0x3A10003C
0x803F0F3C, 0x3E2000A8
0x803F0F44, 0x623100C9
0x803F0F4C, 0x3E400122
0x803F0F34, 0x62520000
0x803F0F3C, 0x3E60AA00
0x803F0F44, 0x6273CB01
0x803F0F4C, 0x3E802000
0x803F0F34, 0x629400AE
0x803F0F3C, 0x3EA000CF
0x803F0F44, 0x62B50134
0x803F0F4C, 0x3EC00000
0x803F0F34, 0x62D6B400
0x803F0F3C, 0x3EE0D501
0x803F0F44, 0x62F71E00
0x803F0F4C, 0x3F0000B5
0x803F0F34, 0x631800D6
0x803F0F3C, 0x3F200133
0x803F0F44, 0x63390000
0x803F0F4C, 0x3F40B600
0x803F0F34, 0x635AD701
0x803F0F3C, 0x3F601C00
0x803F0F44, 0x637B00B7
0x803F0F4C, 0x3F8000D8
0x803F0F34, 0x639C0132
0x803F0F3C, 0x3FA00000
0x803F0F44, 0x63BDB800
0x803F0F4C, 0x3FC0D901
0x803F0F34, 0x63DE3100
0x803F0F3C, 0x3FE000B9
0x803F0F44, 0x63FF00DA
0x803F0F4C, 0xBE300000
0x803F0F34, 0x60000000
0x803F0F3C, 0x60000000
0x803F0F44, 0x60000000
0x803F0F4C, 0x60000000
0x803F0F34, 0x3A10003C
0x803F0F3C, 0x3E20013F
0x803F0F44, 0x62310000
0x803F0F4C, 0x3E407400
0x803F0F34, 0x62529501
0x803F0F3C, 0x3E603E98
0x803F0F44, 0x6273000A
0x803F0F4C, 0x3E800000
0x803F0F34, 0x6294AA00
0x803F0F3C, 0x3EA0CB01
0x803F0F44, 0x62B52000
0x803F0F4C, 0x3EC000BA
0x803F0F34, 0x62D600DB
0x803F0F3C, 0x3EE0011F
0x803F0F44, 0x62F70000
0x803F0F4C, 0x3F00B400
0x803F0F34, 0x6318D501
0x803F0F3C, 0x3F201E00
0x803F0F44, 0x633900BB
0x803F0F4C, 0x3F4000DC
0x803F0F34, 0x635A011D
0x803F0F3C, 0x3F600000
0x803F0F44, 0x637BB600
0x803F0F4C, 0x3F80D701
0x803F0F34, 0x639C1C00
0x803F0F3C, 0x3FA000BC
0x803F0F44, 0x63BD00DD
0x803F0F4C, 0x3FC0011B
0x803F0F34, 0x63DE0000
0x803F0F3C, 0x3FE0BD00
0x803F0F44, 0x63FFDE01
0x803F0F4C, 0xBE300000
0x803F0F34, 0x60000000
0x803F0F3C, 0x60000000
0x803F0F44, 0x60000000
0x803F0F4C, 0x60000000
0x803F0F34, 0x3A10003C
0x803F0F3C, 0x3E201A00
0x803F0F44, 0x6231006F
0x803F0F4C, 0x3E400090
0x803F0F34, 0x62520118
0x803F0F3C, 0x3E600000
0x803F0F44, 0x6273BE00
0x803F0F4C, 0x3E80DF01
0x803F0F34, 0x62941900
0x803F0F3C, 0x3EA0006D
0x803F0F44, 0x62B5008E
0x803F0F4C, 0x3EC00117
0x803F0F34, 0x62D69800
0x803F0F3C, 0x3EE00600
0x803F0F44, 0x62F700B6
0x803F0F4C, 0x3F0000D7
0x803F0F34, 0x6318011C
0x803F0F3C, 0x3F200000
0x803F0F44, 0x6339BD00
0x803F0F4C, 0x3F40DE01
0x803F0F34, 0x635A1A00
0x803F0F3C, 0x3F6000B8
0x803F0F44, 0x637B00D9
0x803F0F4C, 0x3F800131
0x803F0F34, 0x639C0000
0x803F0F3C, 0x3FA0BE00
0x803F0F44, 0x63BDDF01
0x803F0F4C, 0x3FC01900
0x803F0F34, 0x63DE0072
0x803F0F3C, 0x3FE00093
0x803F0F44, 0x63FF0130
0x803F0F4C, 0xBE300000
0x803F0F34, 0x60000000
0x803F0F3C, 0x60000000
0x803F0F44, 0x60000000
0x803F0F4C, 0x60000000
0x803F0F34, 0x3A10003C
0x803F0F3C, 0x3E200000
0x803F0F44, 0x62316D00
0x803F0F4C, 0x3E408E01
0x803F0F34, 0x62521798
0x803F0F3C, 0x3E600009
0x803F0F44, 0x62730000
0x803F0F4C, 0x3E80BF00
0x803F0F34, 0x6294E001
0x803F0F3C, 0x3EA06700
0x803F0F44, 0x62B500C0
0x803F0F4C, 0x3EC000E1
0x803F0F34, 0x62D60165
0x803F0F3C, 0x3EE00000
0x803F0F44, 0x62F7C100
0x803F0F4C, 0x3F00E201
0x803F0F34, 0x63188100
0x803F0F3C, 0x3F2000C2
0x803F0F44, 0x6339007E
0x803F0F4C, 0x3F400169
0x803F0F34, 0x635A0000
0x803F0F3C, 0x3F60C300
0x803F0F44, 0x637B7E01
0x803F0F4C, 0x3F808200
0x803F0F34, 0x639C00C4
0x803F0F3C, 0x3FA0007E
0x803F0F44, 0x63BD016B
0x803F0F4C, 0x3FC00000
0x803F0F34, 0x63DEC500
0x803F0F3C, 0x3FE07E01
0x803F0F44, 0x63FF8300
0x803F0F4C, 0xBE300000
0x803F0F34, 0x60000000
0x803F0F3C, 0x60000000
0x803F0F44, 0x60000000
0x803F0F4C, 0x60000000
0x803F0F34, 0x3A10003C
0x803F0F3C, 0x3E2000C6
0x803F0F44, 0x6231007E
0x803F0F4C, 0x3E40016E
0x803F0F34, 0x62520000
0x803F0F3C, 0x3E60C700
0x803F0F44, 0x62737E01
0x803F0F4C, 0x3E808498
0x803F0F34, 0x62940007
0x803F0F3C, 0x3EA00000
0x803F0F44, 0x62B5BF00
0x803F0F4C, 0x3EC0E001
0x803F0F34, 0x62D66700
0x803F0F3C, 0x3EE000C1
0x803F0F44, 0x62F700E2
0x803F0F4C, 0x3F000181
0x803F0F34, 0x63180000
0x803F0F3C, 0x3F20C800
0x803F0F44, 0x6339E301
0x803F0F4C, 0x3F408000
0x803F0F34, 0x635A00C9
0x803F0F3C, 0x3F6000E4
0x803F0F44, 0x637B0175
0x803F0F4C, 0x3F800000
0x803F0F34, 0x639CCA00
0x803F0F3C, 0x3FA0E501
0x803F0F44, 0x63BD7300
0x803F0F4C, 0x3FC000CB
0x803F0F34, 0x63DE00E6
0x803F0F3C, 0x3FE00172
0x803F0F44, 0x63FF0000
0x803F0F4C, 0xBE300000
0x803F0F34, 0x60000000
0x803F0F3C, 0x60000000
0x803F0F44, 0x60000000
0x803F0F4C, 0x60000000
0x803F0F34, 0x3A10003C
0x803F0F3C, 0x3E20CC00
0x803F0F44, 0x6231E701
0x803F0F4C, 0x3E407498
0x803F0F34, 0x62520005
0x803F0F3C, 0x3E600000
0x803F0F44, 0x6273C100
0x803F0F4C, 0x3E80E201
0x803F0F34, 0x62948100
0x803F0F3C, 0x3EA000CD
0x803F0F44, 0x62B5007E
0x803F0F4C, 0x3EC00177
0x803F0F34, 0x62D60000
0x803F0F3C, 0x3EE0C900
0x803F0F44, 0x62F7E401
0x803F0F4C, 0x3F007500
0x803F0F34, 0x631800CE
0x803F0F3C, 0x3F20007E
0x803F0F44, 0x63390176
0x803F0F4C, 0x3F400000
0x803F0F34, 0x635ACB00
0x803F0F3C, 0x3F60E601
0x803F0F44, 0x637B7298
0x803F0F4C, 0x3F800007
0x803F0F34, 0x639C0000
0x803F0F3C, 0x3FA0C100
0x803F0F44, 0x63BDE201
0x803F0F4C, 0x3FC08100
0x803F0F34, 0x63DE00C3
0x803F0F3C, 0x3FE0007E
0x803F0F44, 0x63FF0182
0x803F0F4C, 0xBE300000
0x803F0F34, 0x60000000
0x803F0F3C, 0x60000000
0x803F0F44, 0x60000000
0x803F0F4C, 0x60000000
0x803F0F34, 0x3A10003C
0x803F0F3C, 0x3E200000
0x803F0F44, 0x6231CD00
0x803F0F4C, 0x3E407E01
0x803F0F34, 0x62527700
0x803F0F3C, 0x3E6000C5
0x803F0F44, 0x6273007E
0x803F0F4C, 0x3E800183
0x803F0F34, 0x62940000
0x803F0F3C, 0x3EA0CF00
0x803F0F44, 0x62B57E01
0x803F0F4C, 0x3EC07900
0x803F0F34, 0x62D600D0
0x803F0F3C, 0x3EE0007E
0x803F0F44, 0x62F7017B
0x803F0F4C, 0x3F000000
0x803F0F34, 0x6318D100
0x803F0F3C, 0x3F207E01
0x803F0F44, 0x63397A98
0x803F0F4C, 0x3F400004
0x803F0F34, 0x635A0000
0x803F0F3C, 0x3F60CD00
0x803F0F44, 0x637B7E01
0x803F0F4C, 0x3F807700
0x803F0F34, 0x639C00CF
0x803F0F3C, 0x3FA0007E
0x803F0F44, 0x63BD0179
0x803F0F4C, 0x3FC00000
0x803F0F34, 0x63DED200
0x803F0F3C, 0x3FE07E01
0x803F0F44, 0x63FF7800
0x803F0F4C, 0xBE300000
0x803F0F34, 0x60000000
0x803F0F3C, 0x60000000
0x803F0F44, 0x60000000
0x803F0F4C, 0x60000000
0x803F0F34, 0x3A10003C
0x803F0F3C, 0x3E2000D1
0x803F0F44, 0x6231007E
0x803F0F4C, 0x3E40017A
0x803F0F34, 0x62529800
0x803F0F3C, 0x3E600500
0x803F0F44, 0x627300D3
0x803F0F4C, 0x3E8000E8
0x803F0F34, 0x6294015A
0x803F0F3C, 0x3EA00000
0x803F0F44, 0x62B57C00
0x803F0F4C, 0x3EC09D01
0x803F0F34, 0x62D67F00
0x803F0F3C, 0x3EE000D4
0x803F0F44, 0x62F700E9
0x803F0F4C, 0x3F000186
0x803F0F34, 0x63180000
0x803F0F3C, 0x3F208100
0x803F0F44, 0x6339A201
0x803F0F4C, 0x3F408500
0x803F0F34, 0x635A0086
0x803F0F3C, 0x3F6000A7
0x803F0F44, 0x637B0161
0x803F0F4C, 0x3F809800
0x803F0F34, 0x639C0900
0x803F0F3C, 0x3FA000D4
0x803F0F44, 0x63BD00E9
0x803F0F4C, 0x3FC00186
0x803F0F34, 0x63DE0000
0x803F0F3C, 0x3FE0B300
0x803F0F44, 0x63FFD401
0x803F0F4C, 0xBE300000
0x803F0F34, 0x60000000
0x803F0F3C, 0x60000000
0x803F0F44, 0x60000000
0x803F0F4C, 0x60000000
0x803F0F34, 0x3A10003C
0x803F0F3C, 0x3E205B00
0x803F0F44, 0x623100D3
0x803F0F4C, 0x3E4000E8
0x803F0F34, 0x6252015A
0x803F0F3C, 0x3E600000
0x803F0F44, 0x6273B100
0x803F0F4C, 0x3E80D201
0x803F0F34, 0x62944E00
0x803F0F3C, 0x3EA000D5
0x803F0F44, 0x62B500EA
0x803F0F4C, 0x3EC0014D
0x803F0F34, 0x62D60000
0x803F0F3C, 0x3EE0AF00
0x803F0F44, 0x62F7D001
0x803F0F4C, 0x3F004100
0x803F0F34, 0x631800D6
0x803F0F3C, 0x3F2000EB
0x803F0F44, 0x63390140
0x803F0F4C, 0x3F400000
0x803F0F34, 0x635AAE00
0x803F0F3C, 0x3F60CF01
0x803F0F44, 0x637B3400
0x803F0F4C, 0x3F8000B5
0x803F0F34, 0x639C00D6
0x803F0F3C, 0x3FA00133
0x803F0F44, 0x63BD9800
0x803F0F4C, 0x3FC00700
0x803F0F34, 0x63DE00B3
0x803F0F3C, 0x3FE000D4
0x803F0F44, 0x63FF015B
0x803F0F4C, 0xBE300000
0x803F0F34, 0x60000000
0x803F0F3C, 0x60000000
0x803F0F44, 0x60000000
0x803F0F4C, 0x60000000
0x803F0F34, 0x3A10003C
0x803F0F3C, 0x3E200000
0x803F0F44, 0x6231D400
0x803F0F4C, 0x3E40E901
0x803F0F34, 0x62528600
0x803F0F3C, 0x3E6000B2
0x803F0F44, 0x627300D3
0x803F0F4C, 0x3E80015C
0x803F0F34, 0x62940000
0x803F0F3C, 0x3EA0D700
0x803F0F44, 0x62B5EC01
0x803F0F4C, 0x3EC05F00
0x803F0F34, 0x62D600D8
0x803F0F3C, 0x3EE000ED
0x803F0F44, 0x62F7015D
0x803F0F4C, 0x3F000000
0x803F0F34, 0x63189000
0x803F0F3C, 0x3F20B101
0x803F0F44, 0x63395E00
0x803F0F4C, 0x3F400092
0x803F0F34, 0x635A00B3
0x803F0F3C, 0x3F600151
0x803F0F44, 0x637B9800
0x803F0F4C, 0x3F800400
0x803F0F34, 0x639C00D4
0x803F0F3C, 0x3FA000E9
0x803F0F44, 0x63BD0186
0x803F0F4C, 0x3FC00000
0x803F0F34, 0x63DE8600
0x803F0F3C, 0x3FE0A701
0x803F0F44, 0x63FF6100
0x803F0F4C, 0xBE300000
0x803F0F34, 0x60000000
0x803F0F3C, 0x60000000
0x803F0F44, 0x60000000
0x803F0F4C, 0x60000000
0x803F0F34, 0x3A10003C
0x803F0F3C, 0x3E2000D7
0x803F0F44, 0x623100EC
0x803F0F4C, 0x3E40015F
0x803F0F34, 0x62520000
0x803F0F3C, 0x3E609000
0x803F0F44, 0x6273B101
0x803F0F4C, 0x3E805E98
0x803F0F34, 0x62940004
0x803F0F3C, 0x3EA00000
0x803F0F44, 0x62B5D600
0x803F0F4C, 0x3EC0EB01
0x803F0F34, 0x62D64000
0x803F0F3C, 0x3EE000B9
0x803F0F44, 0x62F700DA
0x803F0F4C, 0x3F00013F
0x803F0F34, 0x63180000
0x803F0F3C, 0x3F207600
0x803F0F44, 0x63399701
0x803F0F4C, 0x3F404C00
0x803F0F34, 0x635A0074
0x803F0F3C, 0x3F600095
0x803F0F44, 0x637B013E
0x803F0F4C, 0x3F809800
0x803F0F34, 0x639C0600
0x803F0F3C, 0x3FA000D6
0x803F0F44, 0x63BD00EB
0x803F0F4C, 0x3FC00140
0x803F0F34, 0x63DE0000
0x803F0F3C, 0x3FE07600
0x803F0F44, 0x63FF9701
0x803F0F4C, 0xBE300000
0x803F0F34, 0x60000000
0x803F0F3C, 0x60000000
0x803F0F44, 0x60000000
0x803F0F4C, 0x60000000
0x803F0F34, 0x3A10003C
0x803F0F3C, 0x3E204C00
0x803F0F44, 0x623100D5
0x803F0F4C, 0x3E4000EA
0x803F0F34, 0x6252014D
0x803F0F3C, 0x3E600000
0x803F0F44, 0x62737700
0x803F0F4C, 0x3E809801
0x803F0F34, 0x62945900
0x803F0F3C, 0x3EA000D3
0x803F0F44, 0x62B500E8
0x803F0F4C, 0x3EC0015A
0x803F0F34, 0x62D60000
0x803F0F3C, 0x3EE07C00
0x803F0F44, 0x62F79D01
0x803F0F4C, 0x3F007F98
0x803F0F34, 0x63180004
0x803F0F3C, 0x3F200000
0x803F0F44, 0x6339D800
0x803F0F4C, 0x3F40ED01
0x803F0F34, 0x635A5D00
0x803F0F3C, 0x3F6000A2
0x803F0F44, 0x637B00C3
0x803F0F4C, 0x3F800150
0x803F0F34, 0x639C0000
0x803F0F3C, 0x3FA0B000
0x803F0F44, 0x63BDD101
0x803F0F4C, 0x3FC04F00
0x803F0F34, 0x63DE00A3
0x803F0F3C, 0x3FE000C4
0x803F0F44, 0x63FF0142
0x803F0F4C, 0xBE300000
0x803F0F34, 0x60000000
0x803F0F3C, 0x60000000
0x803F0F44, 0x60000000
0x803F0F4C, 0x60000000
0x803F0F34, 0x3A10003C
0x803F0F3C, 0x3E209800
0x803F0F44, 0x62310400
0x803F0F4C, 0x3E4000D8
0x803F0F34, 0x625200ED
0x803F0F3C, 0x3E60015D
0x803F0F44, 0x62730000
0x803F0F4C, 0x3E809200
0x803F0F34, 0x6294B301
0x803F0F3C, 0x3EA05100
0x803F0F44, 0x62B500A2
0x803F0F4C, 0x3EC000C3
0x803F0F34, 0x62D60150
0x803F0F3C, 0x3EE00000
0x803F0F44, 0x62F79400
0x803F0F4C, 0x3F00B501
0x803F0F34, 0x63184498
0x803F0F3C, 0x3F200006
0x803F0F44, 0x63390000
0x803F0F4C, 0x3F409E00
0x803F0F34, 0x635AEE01
0x803F0F3C, 0x3F608C00
0x803F0F44, 0x637B00D2
0x803F0F4C, 0x3F8000EF
0x803F0F34, 0x639C018D
0x803F0F3C, 0x3FA00000
0x803F0F44, 0x63BDA500
0x803F0F4C, 0x3FC0F001
0x803F0F34, 0x63DE8E00
0x803F0F3C, 0x3FE000D1
0x803F0F44, 0x63FF00F1
0x803F0F4C, 0xBE300000
0x803F0F34, 0x60000000
0x803F0F3C, 0x60000000
0x803F0F44, 0x60000000
0x803F0F4C, 0x60000000
0x803F0F34, 0x3A10003C
0x803F0F3C, 0x3E20018F
0x803F0F44, 0x62310000
0x803F0F4C, 0x3E40A700
0x803F0F34, 0x6252F201
0x803F0F3C, 0x3E609000
0x803F0F44, 0x627300A9
0x803F0F4C, 0x3E8000F3
0x803F0F34, 0x62940191
0x803F0F3C, 0x3EA09800
0x803F0F44, 0x62B50600
0x803F0F4C, 0x3EC000D2
0x803F0F34, 0x62D600EF
0x803F0F3C, 0x3EE0018D
0x803F0F44, 0x62F70000
0x803F0F4C, 0x3F009E00
0x803F0F34, 0x6318EE01
0x803F0F3C, 0x3F208C00
0x803F0F44, 0x633900CE
0x803F0F4C, 0x3F4000F4
0x803F0F34, 0x635A018B
0x803F0F3C, 0x3F600000
0x803F0F44, 0x637B9C00
0x803F0F4C, 0x3F80F501
0x803F0F34, 0x639C8800
0x803F0F3C, 0x3FA000CB
0x803F0F44, 0x63BD00F6
0x803F0F4C, 0x3FC00189
0x803F0F34, 0x63DE0000
0x803F0F3C, 0x3FE0CC00
0x803F0F44, 0x63FFF701
0x803F0F4C, 0xBE300000
0x803F0F34, 0x60000000
0x803F0F3C, 0x60000000
0x803F0F44, 0x60000000
0x803F0F4C, 0x60000000
0x803F0F34, 0x3A10003C
0x803F0F3C, 0x3E208798
0x803F0F44, 0x62310008
0x803F0F4C, 0x3E400000
0x803F0F34, 0x6252D900
0x803F0F3C, 0x3E60F801
0x803F0F44, 0x62736D00
0x803F0F4C, 0x3E8000C4
0x803F0F34, 0x6294007E
0x803F0F3C, 0x3EA0016B
0x803F0F44, 0x62B50000
0x803F0F4C, 0x3EC0DA00
0x803F0F34, 0x62D67E01
0x803F0F3C, 0x3EE06C00
0x803F0F44, 0x62F700C2
0x803F0F4C, 0x3F00007E
0x803F0F34, 0x63180169
0x803F0F3C, 0x3F200000
0x803F0F44, 0x6339DB00
0x803F0F4C, 0x3F407E01
0x803F0F34, 0x635A6A00
0x803F0F3C, 0x3F6000C0
0x803F0F44, 0x637B00E1
0x803F0F4C, 0x3F800165
0x803F0F34, 0x639C0000
0x803F0F3C, 0x3FA0DC00
0x803F0F44, 0x63BDF901
0x803F0F4C, 0x3FC06800
0x803F0F34, 0x63DE00DD
0x803F0F3C, 0x3FE000FA
0x803F0F44, 0x63FF0166
0x803F0F4C, 0xBE300000
0x803F0F34, 0x60000000
0x803F0F3C, 0x60000000
0x803F0F44, 0x60000000
0x803F0F4C, 0x60000000
0x803F0F34, 0x3A10003C
0x803F0F3C, 0x3E209800
0x803F0F44, 0x62310600
0x803F0F4C, 0x3E4000AB
0x803F0F34, 0x625200FB
0x803F0F3C, 0x3E600193
0x803F0F44, 0x62730000
0x803F0F4C, 0x3E80C600
0x803F0F34, 0x6294FC01
0x803F0F3C, 0x3EA09500
0x803F0F44, 0x62B500BA
0x803F0F4C, 0x3EC000FD
0x803F0F34, 0x62D60196
0x803F0F3C, 0x3EE00000
0x803F0F44, 0x62F7D900
0x803F0F4C, 0x3F00FE01
0x803F0F34, 0x63189700
0x803F0F3C, 0x3F2000BB
0x803F0F44, 0x633900FF
0x803F0F4C, 0x3F400198
0x803F0F34, 0x635A0000
0x803F0F3C, 0x3F60BC01
0x803F0F44, 0x637B0001
0x803F0F4C, 0x3F809998
0x803F0F34, 0x639C0004
0x803F0F3C, 0x3FA00000
0x803F0F44, 0x63BDC600
0x803F0F4C, 0x3FC0FC01
0x803F0F34, 0x63DE9500
0x803F0F3C, 0x3FE000AB
0x803F0F44, 0x63FF00FB
0x803F0F4C, 0xBE300000
0x803F0F34, 0x60000000
0x803F0F3C, 0x60000000
0x803F0F44, 0x60000000
0x803F0F4C, 0x60000000
0x803F0F34, 0x3A10003C
0x803F0F3C, 0x3E200193
0x803F0F44, 0x62310000
0x803F0F4C, 0x3E40C701
0x803F0F34, 0x62520101
0x803F0F3C, 0x3E609400
0x803F0F44, 0x627300D0
0x803F0F4C, 0x3E800102
0x803F0F34, 0x62940192
0x803F0F3C, 0x3EA09800
0x803F0F44, 0x62B50400
0x803F0F4C, 0x3EC000AB
0x803F0F34, 0x62D600FB
0x803F0F3C, 0x3EE00193
0x803F0F44, 0x62F70000
0x803F0F4C, 0x3F00A900
0x803F0F34, 0x6318F301
0x803F0F3C, 0x3F209100
0x803F0F44, 0x633900D0
0x803F0F4C, 0x3F400102
0x803F0F34, 0x635A0192
0x803F0F3C, 0x3F600000
0x803F0F44, 0x637BD100
0x803F0F4C, 0x3F80F101
0x803F0F34, 0x639C8F98
0x803F0F3C, 0x3FA00004
0x803F0F44, 0x63BD0000
0x803F0F4C, 0x3FC0C801
0x803F0F34, 0x63DE0301
0x803F0F3C, 0x3FE0A400
0x803F0F44, 0x63FF00DE
0x803F0F4C, 0xBE300000
0x803F0F34, 0x60000000
0x803F0F3C, 0x60000000
0x803F0F44, 0x60000000
0x803F0F4C, 0x60000000
0x803F0F34, 0x3A10003C
0x803F0F3C, 0x3E200103
0x803F0F44, 0x623101A2
0x803F0F4C, 0x3E400000
0x803F0F34, 0x6252BF01
0x803F0F3C, 0x3E600301
0x803F0F44, 0x6273A700
0x803F0F4C, 0x3E8000DD
0x803F0F34, 0x62940103
0x803F0F3C, 0x3EA001A8
0x803F0F44, 0x62B59800
0x803F0F4C, 0x3EC00500
0x803F0F34, 0x62D600DE
0x803F0F3C, 0x3EE00103
0x803F0F44, 0x62F701A2
0x803F0F4C, 0x3F000000
0x803F0F34, 0x6318C801
0x803F0F3C, 0x3F200301
0x803F0F44, 0x6339A400
0x803F0F4C, 0x3F40009D
0x803F0F34, 0x635A0103
0x803F0F3C, 0x3F6001A3
0x803F0F44, 0x637B0000
0x803F0F4C, 0x3F80CA01
0x803F0F34, 0x639C0301
0x803F0F3C, 0x3FA0A600
0x803F0F44, 0x63BD00CC
0x803F0F4C, 0x3FC00103
0x803F0F34, 0x63DE01A5
0x803F0F3C, 0x3FE09800
0x803F0F44, 0x63FF0400
0x803F0F4C, 0xBE300000
0x803F0F34, 0x60000000
0x803F0F3C, 0x60000000
0x803F0F44, 0x60000000
0x803F0F4C, 0x60000000
0x803F0F34, 0x3A10003C
0x803F0F3C, 0x3E2000DA
0x803F0F44, 0x62310104
0x803F0F4C, 0x3E40019A
0x803F0F34, 0x62520000
0x803F0F3C, 0x3E60DB01
0x803F0F44, 0x62730501
0x803F0F4C, 0x3E809C00
0x803F0F34, 0x6294006F
0x803F0F3C, 0x3EA00106
0x803F0F44, 0x62B5019B
0x803F0F4C, 0x3EC00000
0x803F0F34, 0x62D66E01
0x803F0F3C, 0x3EE00701
0x803F0F44, 0x62F79D98
0x803F0F4C, 0x3F000004
0x803F0F34, 0x63180000
0x803F0F3C, 0x3F206F01
0x803F0F44, 0x63390601
0x803F0F4C, 0x3F409B00
0x803F0F34, 0x635A00BC
0x803F0F3C, 0x3F600100
0x803F0F44, 0x637B0199
0x803F0F4C, 0x3F800000
0x803F0F34, 0x639CDA01
0x803F0F3C, 0x3FA00401
0x803F0F44, 0x63BD9A00
0x803F0F4C, 0x3FC000D9
0x803F0F34, 0x63DE00FE
0x803F0F3C, 0x3FE00197
0x803F0F44, 0x63FF9800
0x803F0F4C, 0xBE300000
0x803F0F34, 0x60000000
0x803F0F3C, 0x60000000
0x803F0F44, 0x60000000
0x803F0F4C, 0x60000000
0x803F0F34, 0x3A10003C
0x803F0F3C, 0x3E200400
0x803F0F44, 0x62310082
0x803F0F4C, 0x3E4000A3
0x803F0F34, 0x6252019F
0x803F0F3C, 0x3E600000
0x803F0F44, 0x6273DF01
0x803F0F4C, 0x3E800801
0x803F0F34, 0x6294A100
0x803F0F3C, 0x3EA00087
0x803F0F44, 0x62B500A8
0x803F0F4C, 0x3EC001A0
0x803F0F34, 0x62D60000
0x803F0F3C, 0x3EE08800
0x803F0F44, 0x62F7A901
0x803F0F4C, 0x3F00B298
0x803F0F34, 0x63180005
0x803F0F3C, 0x3F200000
0x803F0F44, 0x63398200
0x803F0F4C, 0x3F40A301
0x803F0F34, 0x635A9F00
0x803F0F3C, 0x3F60007D
0x803F0F44, 0x637B009E
0x803F0F4C, 0x3F8001B3
0x803F0F34, 0x639C0000
0x803F0F3C, 0x3FA0DF01
0x803F0F44, 0x63BD0801
0x803F0F4C, 0x3FC0A100
0x803F0F34, 0x63DE0078
0x803F0F3C, 0x3FE00099
0x803F0F44, 0x63FF01AA
0x803F0F4C, 0xBE300000
0x803F0F34, 0x60000000
0x803F0F3C, 0x60000000
0x803F0F44, 0x60000000
0x803F0F4C, 0x60000000
0x803F0F34, 0x3A10003C
0x803F0F3C, 0x3E200000
0x803F0F44, 0x62317000
0x803F0F4C, 0x3E409101
0x803F0F34, 0x6252A998
0x803F0F3C, 0x3E600004
0x803F0F44, 0x62730000
0x803F0F4C, 0x3E807000
0x803F0F34, 0x62949101
0x803F0F3C, 0x3EA0A900
0x803F0F44, 0x62B5006C
0x803F0F4C, 0x3EC0008D
0x803F0F34, 0x62D601B4
0x803F0F3C, 0x3EE00000
0x803F0F44, 0x62F7DF01
0x803F0F4C, 0x3F000801
0x803F0F34, 0x6318A100
0x803F0F3C, 0x3F2000DE
0x803F0F44, 0x63390109
0x803F0F4C, 0x3F4001B5
0x803F0F34, 0x635A9800
0x803F0F3C, 0x3F600400
0x803F0F44, 0x637B0099
0x803F0F4C, 0x3F8000BA
0x803F0F34, 0x639C01AD
0x803F0F3C, 0x3FA00000
0x803F0F44, 0x63BDDF01
0x803F0F4C, 0x3FC00801
0x803F0F34, 0x63DEA100
0x803F0F3C, 0x3FE0009A
0x803F0F44, 0x63FF00BB
0x803F0F4C, 0xBE300000
0x803F0F34, 0x60000000
0x803F0F3C, 0x60000000
0x803F0F44, 0x60000000
0x803F0F4C, 0x60000000
0x803F0F34, 0x3A10003C
0x803F0F3C, 0x3E2001AE
0x803F0F44, 0x62310000
0x803F0F4C, 0x3E409B00
0x803F0F34, 0x6252BC01
0x803F0F3C, 0x3E60AF98
0x803F0F44, 0x62730005
0x803F0F4C, 0x3E800000
0x803F0F34, 0x62949900
0x803F0F3C, 0x3EA0BA01
0x803F0F44, 0x62B5AD00
0x803F0F4C, 0x3EC0008E
0x803F0F34, 0x62D600AF
0x803F0F3C, 0x3EE001AC
0x803F0F44, 0x62F70000
0x803F0F4C, 0x3F00DF01
0x803F0F34, 0x63180801
0x803F0F3C, 0x3F20A100
0x803F0F44, 0x6339008C
0x803F0F4C, 0x3F4000AD
0x803F0F34, 0x635A01AB
0x803F0F3C, 0x3F600000
0x803F0F44, 0x637B8A00
0x803F0F4C, 0x3F80AB01
0x803F0F34, 0x639CB198
0x803F0F3C, 0x3FA00004
0x803F0F44, 0x63BD0000
0x803F0F4C, 0x3FC0DD01
0x803F0F34, 0x63DE0A01
0x803F0F3C, 0x3FE08700
0x803F0F44, 0x63FF006E
0x803F0F4C, 0xBE300000
0x803F0F34, 0x60000000
0x803F0F3C, 0x60000000
0x803F0F44, 0x60000000
0x803F0F4C, 0x60000000
0x803F0F34, 0x3A10003C
0x803F0F3C, 0x3E200107
0x803F0F44, 0x6231019D
0x803F0F4C, 0x3E400000
0x803F0F34, 0x6252DC01
0x803F0F3C, 0x3E600B01
0x803F0F44, 0x62739E00
0x803F0F4C, 0x3E8000DB
0x803F0F34, 0x62940105
0x803F0F3C, 0x3EA0019C
0x803F0F44, 0x62B59800
0x803F0F4C, 0x3EC00400
0x803F0F34, 0x62D600B7
0x803F0F3C, 0x3EE000D8
0x803F0F44, 0x62F70132
0x803F0F4C, 0x3F000000
0x803F0F34, 0x6318B900
0x803F0F3C, 0x3F20DA01
0x803F0F44, 0x63393F00
0x803F0F4C, 0x3F4000B5
0x803F0F34, 0x635A00D6
0x803F0F3C, 0x3F600133
0x803F0F44, 0x637B0000
0x803F0F4C, 0x3F80D600
0x803F0F34, 0x639CEB01
0x803F0F3C, 0x3FA04090
0x803F0F44, 0x63BD002A
0x803F0F4C, 0x3FC00000
0x803F0F34, 0x63DE6C00
0x803F0F3C, 0x3FE08D01
0x803F0F44, 0x63FF1600
0x803F0F4C, 0xBE300000
0x803F0F34, 0x60000000
0x803F0F3C, 0x60000000
0x803F0F44, 0x60000000
0x803F0F4C, 0x60000000
0x803F0F34, 0x3A10003C
0x803F0F3C, 0x3E20006E
0x803F0F44, 0x6231008F
0x803F0F4C, 0x3E400115
0x803F0F34, 0x62520000
0x803F0F3C, 0x3E60DE01
0x803F0F44, 0x62730901
0x803F0F4C, 0x3E801400
0x803F0F34, 0x629400AB
0x803F0F3C, 0x3EA000CC
0x803F0F44, 0x62B50121
0x803F0F4C, 0x3EC00000
0x803F0F34, 0x62D6BA00
0x803F0F3C, 0x3EE0DB01
0x803F0F44, 0x62F71F00
0x803F0F4C, 0x3F0000AA
0x803F0F34, 0x631800CB
0x803F0F3C, 0x3F200120
0x803F0F44, 0x63390000
0x803F0F4C, 0x3F40B800
0x803F0F34, 0x635AD901
0x803F0F3C, 0x3F603100
0x803F0F44, 0x637B0072
0x803F0F4C, 0x3F800093
0x803F0F34, 0x639C0130
0x803F0F3C, 0x3FA00000
0x803F0F44, 0x63BD7400
0x803F0F4C, 0x3FC09501
0x803F0F34, 0x63DE3E00
0x803F0F3C, 0x3FE000AC
0x803F0F44, 0x63FF00CD
0x803F0F4C, 0xBE300000
0x803F0F34, 0x60000000
0x803F0F3C, 0x60000000
0x803F0F44, 0x60000000
0x803F0F4C, 0x60000000
0x803F0F34, 0x3A10003C
0x803F0F3C, 0x3E200136
0x803F0F44, 0x62310000
0x803F0F4C, 0x3E40A100
0x803F0F34, 0x6252C201
0x803F0F3C, 0x3E604300
0x803F0F44, 0x627300A0
0x803F0F4C, 0x3E8000C1
0x803F0F34, 0x62940137
0x803F0F3C, 0x3EA00000
0x803F0F44, 0x62B5B200
0x803F0F4C, 0x3EC0D301
0x803F0F34, 0x62D65C00
0x803F0F3C, 0x3EE000D8
0x803F0F44, 0x62F700ED
0x803F0F4C, 0x3F00015D
0x803F0F34, 0x63180000
0x803F0F3C, 0x3F20B000
0x803F0F44, 0x6339D101
0x803F0F4C, 0x3F404F00
0x803F0F34, 0x635A00BF
0x803F0F3C, 0x3F6000E0
0x803F0F44, 0x637B0167
0x803F0F4C, 0x3F800000
0x803F0F34, 0x639CDD00
0x803F0F3C, 0x3FA0FA01
0x803F0F44, 0x63BD6600
0x803F0F4C, 0x3FC000C0
0x803F0F34, 0x63DE00E1
0x803F0F3C, 0x3FE00165
0x803F0F44, 0x63FF0000
0x803F0F4C, 0xBE300000
0x803F0F34, 0x60000000
0x803F0F3C, 0x60000000
0x803F0F44, 0x60000000
0x803F0F4C, 0x60000000
0x803F0F34, 0x3A10003C
0x803F0F3C, 0x3E20D900
0x803F0F44, 0x6231F801
0x803F0F4C, 0x3E406D00
0x803F0F34, 0x625200C6
0x803F0F3C, 0x3E60007E
0x803F0F44, 0x6273016E
0x803F0F4C, 0x3E800000
0x803F0F34, 0x6294C400
0x803F0F3C, 0x3EA07E01
0x803F0F44, 0x62B56B00
0x803F0F4C, 0x3EC000CE
0x803F0F34, 0x62D6007E
0x803F0F3C, 0x3EE00176
0x803F0F44, 0x62F70000
0x803F0F4C, 0x3F00CD00
0x803F0F34, 0x63187E01
0x803F0F3C, 0x3F207700
0x803F0F44, 0x633900D2
0x803F0F4C, 0x3F40007E
0x803F0F34, 0x635A0178
0x803F0F3C, 0x3F600000
0x803F0F44, 0x637BC700
0x803F0F4C, 0x3F807E01
0x803F0F34, 0x639C8400
0x803F0F3C, 0x3FA000D0
0x803F0F44, 0x63BD007E
0x803F0F4C, 0x3FC0017B
0x803F0F34, 0x63DE0000
0x803F0F3C, 0x3FE0C500
0x803F0F44, 0x63FF7E01
0x803F0F4C, 0xBE300000
0x803F0F34, 0x60000000
0x803F0F3C, 0x60000000
0x803F0F44, 0x60000000
0x803F0F4C, 0x60000000
0x803F0F34, 0x3A10003C
0x803F0F3C, 0x3E208300
0x803F0F44, 0x6231009D
0x803F0F4C, 0x3E4000F7
0x803F0F34, 0x6252018A
0x803F0F3C, 0x3E600000
0x803F0F44, 0x6273CC00
0x803F0F4C, 0x3E80F701
0x803F0F34, 0x62948700
0x803F0F3C, 0x3EA0009C
0x803F0F44, 0x62B500F5
0x803F0F4C, 0x3EC00188
0x803F0F34, 0x62D60000
0x803F0F3C, 0x3EE0DD01
0x803F0F44, 0x62F70A01
0x803F0F4C, 0x3F008700
0x803F0F34, 0x631800DE
0x803F0F3C, 0x3F20010A
0x803F0F44, 0x6339018A
0x803F0F4C, 0x3F400000
0x803F0F34, 0x635A6E01
0x803F0F3C, 0x3F600701
0x803F0F44, 0x637B9D00
0x803F0F4C, 0x3F8000DF
0x803F0F34, 0x639C0108
0x803F0F3C, 0x3FA001A1
0x803F0F44, 0x63BD0000
0x803F0F4C, 0x3FC09D00
0x803F0F34, 0x63DEBE01
0x803F0F3C, 0x3FE0B000
0x803F0F44, 0x63FF009B
0x803F0F4C, 0xBE300000
0x803F0F34, 0x60000000
0x803F0F3C, 0x60000000
0x803F0F44, 0x60000000
0x803F0F4C, 0x60000000
0x803F0F34, 0x3A10003C
0x803F0F3C, 0x3E2000BC
0x803F0F44, 0x623101AF
0x803F0F4C, 0x3E400000
0x803F0F34, 0x62528A00
0x803F0F3C, 0x3E60AB01
0x803F0F44, 0x6273B100
0x803F0F4C, 0x3E800088
0x803F0F34, 0x629400A9
0x803F0F3C, 0x3EA001B2
0x803F0F44, 0x62B50000
0x803F0F4C, 0x3EC0DF01
0x803F0F34, 0x62D60801
0x803F0F3C, 0x3EE0A100
0x803F0F44, 0x62F700DE
0x803F0F4C, 0x3F00010C
0x803F0F34, 0x631801B5
0x803F0F3C, 0x3F200000
0x803F0F44, 0x63399D01
0x803F0F4C, 0x3F400C01
0x803F0F34, 0x635AB000
0x803F0F3C, 0x3F6000DF
0x803F0F44, 0x637B010C
0x803F0F4C, 0x3F8001A1
0x803F0F34, 0x639C0000
0x803F0F3C, 0x3FA00000
0x803F0F44, 0x63BD0000
0x803F0F4C, 0x3FC00000
0x803F0F34, 0x63DE0000
0x803F0F3C, 0x3FE00000
0x803F0F44, 0x63FF0000
0x803F0F4C, 0xBE300000
0x803F0F34, 0x60000000
0x803F0F3C, 0x60000000
0x803F0F44, 0x60000000
0x803F0F4C, 0x60000000
0x803F0F34, 0x3A10003C
0x803F0F3C, 0x3E200000
0x803F0F44, 0x62310000
0x803F0F4C, 0x3E400000
0x803F0F34, 0x62520000
0x803F0F3C, 0x3E600000
0x803F0F44, 0x62730000
0x803F0F4C, 0x3E800000
0x803F0F34, 0x62940000
0x803F0F3C, 0x3EA09800
0x803F0F44, 0x62B50A00
0x803F0F4C, 0x3EC000E0
0x803F0F34, 0x62D6010D
0x803F0F3C, 0x3EE001B6
0x803F0F44, 0x62F70000
0x803F0F4C, 0x3F00E101
0x803F0F34, 0x63180E01
0x803F0F3C, 0x3F20B800
0x803F0F44, 0x633900E2
0x803F0F4C, 0x3F40010F
0x803F0F34, 0x635A01B7
0x803F0F3C, 0x3F600000
0x803F0F44, 0x637BE301
0x803F0F4C, 0x3F801001
0x803F0F34, 0x639CCC00
0x803F0F3C, 0x3FA000E4
0x803F0F44, 0x63BD0111
0x803F0F4C, 0x3FC001CD
0x803F0F34, 0x63DE0000
0x803F0F3C, 0x3FE0E501
0x803F0F44, 0x63FF1201
0x803F0F4C, 0xBE300000
0x803F0F34, 0x60000000
0x803F0F3C, 0x60000000
0x803F0F44, 0x60000000
0x803F0F4C, 0x60000000
0x803F0F34, 0x3A10003C
0x803F0F3C, 0x3E20D500
0x803F0F44, 0x623100E6
0x803F0F4C, 0x3E400113
0x803F0F34, 0x625201D6
0x803F0F3C, 0x3E600000
0x803F0F44, 0x6273E701
0x803F0F4C, 0x3E801401
0x803F0F34, 0x6294DE00
0x803F0F3C, 0x3EA000E8
0x803F0F44, 0x62B50115
0x803F0F4C, 0x3EC001DF
0x803F0F34, 0x62D60000
0x803F0F3C, 0x3EE0E901
0x803F0F44, 0x62F71601
0x803F0F4C, 0x3F00E498
0x803F0F34, 0x63180006
0x803F0F3C, 0x3F200000
0x803F0F44, 0x6339E001
0x803F0F4C, 0x3F400D01
0x803F0F34, 0x635AB600
0x803F0F3C, 0x3F6000E2
0x803F0F44, 0x637B010F
0x803F0F4C, 0x3F8001B7
0x803F0F34, 0x639C0000
0x803F0F3C, 0x3FA0EA01
0x803F0F44, 0x63BD1701
0x803F0F4C, 0x3FC0BA00
0x803F0F34, 0x63DE00EB
0x803F0F3C, 0x3FE00118
0x803F0F44, 0x63FF01BB
0x803F0F4C, 0xBE300000
0x803F0F34, 0x60000000
0x803F0F3C, 0x60000000
0x803F0F44, 0x60000000
0x803F0F4C, 0x60000000
0x803F0F34, 0x3A10003C
0x803F0F3C, 0x3E200000
0x803F0F44, 0x6231EC01
0x803F0F4C, 0x3E401901
0x803F0F34, 0x6252BC00
0x803F0F3C, 0x3E6000ED
0x803F0F44, 0x6273011A
0x803F0F4C, 0x3E8001BD
0x803F0F34, 0x62949800
0x803F0F3C, 0x3EA00600
0x803F0F44, 0x62B500E2
0x803F0F4C, 0x3EC0010F
0x803F0F34, 0x62D601B7
0x803F0F3C, 0x3EE00000
0x803F0F44, 0x62F7E401
0x803F0F4C, 0x3F001101
0x803F0F34, 0x6318CD00
0x803F0F3C, 0x3F2000EB
0x803F0F44, 0x63390118
0x803F0F4C, 0x3F4001BB
0x803F0F34, 0x635A0000
0x803F0F3C, 0x3F60EE01
0x803F0F44, 0x637B1B01
0x803F0F4C, 0x3F80CE00
0x803F0F34, 0x639C00ED
0x803F0F3C, 0x3FA0011A
0x803F0F44, 0x63BD01BD
0x803F0F4C, 0x3FC00000
0x803F0F34, 0x63DEEF01
0x803F0F3C, 0x3FE01C01
0x803F0F44, 0x63FFCF98
0x803F0F4C, 0xBE300000
0x803F0F34, 0x60000000
0x803F0F3C, 0x60000000
0x803F0F44, 0x60000000
0x803F0F4C, 0x60000000
0x803F0F34, 0x3A10003C
0x803F0F3C, 0x3E200006
0x803F0F44, 0x62310000
0x803F0F4C, 0x3E40E401
0x803F0F34, 0x62521101
0x803F0F3C, 0x3E60CD00
0x803F0F44, 0x627300E6
0x803F0F4C, 0x3E800113
0x803F0F34, 0x629401D6
0x803F0F3C, 0x3EA00000
0x803F0F44, 0x62B5EE01
0x803F0F4C, 0x3EC01B01
0x803F0F34, 0x62D6CE00
0x803F0F3C, 0x3EE000F0
0x803F0F44, 0x62F7011D
0x803F0F4C, 0x3F0001D7
0x803F0F34, 0x63180000
0x803F0F3C, 0x3F20EF01
0x803F0F44, 0x63391C01
0x803F0F4C, 0x3F40CF00
0x803F0F34, 0x635A00F1
0x803F0F3C, 0x3F60011E
0x803F0F44, 0x637B01D8
0x803F0F4C, 0x3F809800
0x803F0F34, 0x639C0600
0x803F0F3C, 0x3FA000E6
0x803F0F44, 0x63BD0113
0x803F0F4C, 0x3FC001D6
0x803F0F34, 0x63DE0000
0x803F0F3C, 0x3FE0E801
0x803F0F44, 0x63FF1501
0x803F0F4C, 0xBE300000
0x803F0F34, 0x60000000
0x803F0F3C, 0x60000000
0x803F0F44, 0x60000000
0x803F0F4C, 0x60000000
0x803F0F34, 0x3A10003C
0x803F0F3C, 0x3E20DF00
0x803F0F44, 0x623100F0
0x803F0F4C, 0x3E40011D
0x803F0F34, 0x625201D7
0x803F0F3C, 0x3E600000
0x803F0F44, 0x6273F201
0x803F0F4C, 0x3E801F01
0x803F0F34, 0x6294E000
0x803F0F3C, 0x3EA000F1
0x803F0F44, 0x62B5011E
0x803F0F4C, 0x3EC001D8
0x803F0F34, 0x62D60000
0x803F0F3C, 0x3EE0F301
0x803F0F44, 0x62F72001
0x803F0F4C, 0x3F00E198
0x803F0F34, 0x63180006
0x803F0F3C, 0x3F200000
0x803F0F44, 0x6339E801
0x803F0F4C, 0x3F401501
0x803F0F34, 0x635ADF00
0x803F0F3C, 0x3F6000E9
0x803F0F44, 0x637B0116
0x803F0F4C, 0x3F8001E4
0x803F0F34, 0x639C0000
0x803F0F3C, 0x3FA0F201
0x803F0F44, 0x63BD1F01
0x803F0F4C, 0x3FC0E000
0x803F0F34, 0x63DE00F4
0x803F0F3C, 0x3FE00121
0x803F0F44, 0x63FF01E3
0x803F0F4C, 0xBE300000
0x803F0F34, 0x60000000
0x803F0F3C, 0x60000000
0x803F0F44, 0x60000000
0x803F0F4C, 0x60000000
0x803F0F34, 0x3A10003C
0x803F0F3C, 0x3E200000
0x803F0F44, 0x6231F301
0x803F0F4C, 0x3E402001
0x803F0F34, 0x6252E100
0x803F0F3C, 0x3E6000F5
0x803F0F44, 0x62730122
0x803F0F4C, 0x3E8001E5
0x803F0F34, 0x62949800
0x803F0F3C, 0x3EA00500
0x803F0F44, 0x62B500E9
0x803F0F4C, 0x3EC00116
0x803F0F34, 0x62D601E4
0x803F0F3C, 0x3EE00000
0x803F0F44, 0x62F7F601
0x803F0F4C, 0x3F002301
0x803F0F34, 0x6318F200
0x803F0F3C, 0x3F2000F4
0x803F0F44, 0x63390121
0x803F0F4C, 0x3F4001E3
0x803F0F34, 0x635A0000
0x803F0F3C, 0x3F60F701
0x803F0F44, 0x637B2401
0x803F0F4C, 0x3F80FD00
0x803F0F34, 0x639C00F5
0x803F0F3C, 0x3FA00122
0x803F0F44, 0x63BD01E5
0x803F0F4C, 0x3FC09800
0x803F0F34, 0x63DE0A00
0x803F0F3C, 0x3FE000F6
0x803F0F44, 0x63FF0123
0x803F0F4C, 0xBE300000
0x803F0F34, 0x60000000
0x803F0F3C, 0x60000000
0x803F0F44, 0x60000000
0x803F0F4C, 0x60000000
0x803F0F34, 0x3A10003C
0x803F0F3C, 0x3E2001F2
0x803F0F44, 0x62310000
0x803F0F4C, 0x3E40E901
0x803F0F34, 0x62521601
0x803F0F3C, 0x3E60E400
0x803F0F44, 0x627300F8
0x803F0F4C, 0x3E800125
0x803F0F34, 0x629401EB
0x803F0F3C, 0x3EA00000
0x803F0F44, 0x62B5E701
0x803F0F4C, 0x3EC01401
0x803F0F34, 0x62D6DE00
0x803F0F3C, 0x3EE000F9
0x803F0F44, 0x62F70126
0x803F0F4C, 0x3F0001EA
0x803F0F34, 0x63180000
0x803F0F3C, 0x3F20FA01
0x803F0F44, 0x63392701
0x803F0F4C, 0x3F40DD00
0x803F0F34, 0x635A00FB
0x803F0F3C, 0x3F600128
0x803F0F44, 0x637B01E9
0x803F0F4C, 0x3F800000
0x803F0F34, 0x639CFC01
0x803F0F3C, 0x3FA02901
0x803F0F44, 0x63BDDC00
0x803F0F4C, 0x3FC000FD
0x803F0F34, 0x63DE012A
0x803F0F3C, 0x3FE001E8
0x803F0F44, 0x63FF0000
0x803F0F4C, 0xBE300000
0x803F0F34, 0x60000000
0x803F0F3C, 0x60000000
0x803F0F44, 0x60000000
0x803F0F4C, 0x60000000
0x803F0F34, 0x3A10003C
0x803F0F3C, 0x3E20FE01
0x803F0F44, 0x62312B01
0x803F0F4C, 0x3E40DA98
0x803F0F34, 0x62520005
0x803F0F3C, 0x3E600000
0x803F0F44, 0x6273F801
0x803F0F4C, 0x3E802501
0x803F0F34, 0x6294EB00
0x803F0F3C, 0x3EA000FF
0x803F0F44, 0x62B5012C
0x803F0F4C, 0x3EC001F3
0x803F0F34, 0x62D60000
0x803F0F3C, 0x3EE0F601
0x803F0F44, 0x62F72301
0x803F0F4C, 0x3F00F200
0x803F0F34, 0x63180100
0x803F0F3C, 0x3F20012D
0x803F0F44, 0x633901F6
0x803F0F4C, 0x3F400000
0x803F0F34, 0x635AF701
0x803F0F3C, 0x3F602401
0x803F0F44, 0x637BFD98
0x803F0F4C, 0x3F800006
0x803F0F34, 0x639C0000
0x803F0F3C, 0x3FA0F801
0x803F0F44, 0x63BD2501
0x803F0F4C, 0x3FC0EB00
0x803F0F34, 0x63DE00F9
0x803F0F3C, 0x3FE00126
0x803F0F44, 0x63FF01EA
0x803F0F4C, 0xBE300000
0x803F0F34, 0x60000000
0x803F0F3C, 0x60000000
0x803F0F44, 0x60000000
0x803F0F4C, 0x60000000
0x803F0F34, 0x3A10003C
0x803F0F3C, 0x3E200000
0x803F0F44, 0x6231FF01
0x803F0F4C, 0x3E402C01
0x803F0F34, 0x6252F300
0x803F0F3C, 0x3E600101
0x803F0F44, 0x6273012E
0x803F0F4C, 0x3E8001F5
0x803F0F34, 0x62940001
0x803F0F3C, 0x3EA00201
0x803F0F44, 0x62B52F01
0x803F0F4C, 0x3EC0F400
0x803F0F34, 0x62D60103
0x803F0F3C, 0x3EE00130
0x803F0F44, 0x62F701E7
0x803F0F4C, 0x3F009800
0x803F0F34, 0x63180A00
0x803F0F3C, 0x3F2000F9
0x803F0F44, 0x63390126
0x803F0F4C, 0x3F4001EA
0x803F0F34, 0x635A0000
0x803F0F3C, 0x3F60FB01
0x803F0F44, 0x637B2801
0x803F0F4C, 0x3F80E900
0x803F0F34, 0x639C0101
0x803F0F3C, 0x3FA0012E
0x803F0F44, 0x63BD01F5
0x803F0F4C, 0x3FC00001
0x803F0F34, 0x63DE0401
0x803F0F3C, 0x3FE03101
0x803F0F44, 0x63FFE600
0x803F0F4C, 0xBE300000
0x803F0F34, 0x60000000
0x803F0F3C, 0x60000000
0x803F0F44, 0x60000000
0x803F0F4C, 0x60000000
0x803F0F34, 0x3A10003C
0x803F0F3C, 0x3E200103
0x803F0F44, 0x62310130
0x803F0F4C, 0x3E4001E7
0x803F0F34, 0x62520001
0x803F0F3C, 0x3E600501
0x803F0F44, 0x62733201
0x803F0F4C, 0x3E80DB00
0x803F0F34, 0x62940106
0x803F0F3C, 0x3EA00133
0x803F0F44, 0x62B501E2
0x803F0F4C, 0x3EC00001
0x803F0F34, 0x62D60701
0x803F0F3C, 0x3EE03401
0x803F0F44, 0x62F7D200
0x803F0F4C, 0x3F000108
0x803F0F34, 0x63180135
0x803F0F3C, 0x3F2001D9
0x803F0F44, 0x63390001
0x803F0F4C, 0x3F400901
0x803F0F34, 0x635A3601
0x803F0F3C, 0x3F60C998
0x803F0F44, 0x637B000A
0x803F0F4C, 0x3F800000
0x803F0F34, 0x639CFB01
0x803F0F3C, 0x3FA02801
0x803F0F44, 0x63BDE900
0x803F0F4C, 0x3FC000FD
0x803F0F34, 0x63DE012A
0x803F0F3C, 0x3FE001E8
0x803F0F44, 0x63FF0001
0x803F0F4C, 0xBE300000
0x803F0F34, 0x60000000
0x803F0F3C, 0x60000000
0x803F0F44, 0x60000000
0x803F0F4C, 0x60000000
0x803F0F34, 0x3A10003C
0x803F0F3C, 0x3E200401
0x803F0F44, 0x62313101
0x803F0F4C, 0x3E40E600
0x803F0F34, 0x625200FE
0x803F0F3C, 0x3E60012B
0x803F0F44, 0x627301DA
0x803F0F4C, 0x3E800001
0x803F0F34, 0x62940501
0x803F0F3C, 0x3EA03201
0x803F0F44, 0x62B5DB00
0x803F0F4C, 0x3EC0010A
0x803F0F34, 0x62D60137
0x803F0F3C, 0x3EE001D1
0x803F0F44, 0x62F70001
0x803F0F4C, 0x3F000701
0x803F0F34, 0x63183401
0x803F0F3C, 0x3F20D200
0x803F0F44, 0x6339010B
0x803F0F4C, 0x3F400138
0x803F0F34, 0x635A01C8
0x803F0F3C, 0x3F600001
0x803F0F44, 0x637B0901
0x803F0F4C, 0x3F803601
0x803F0F34, 0x639CC900
0x803F0F3C, 0x3FA0010C
0x803F0F44, 0x63BD0139
0x803F0F4C, 0x3FC001C3
0x803F0F34, 0x63DE9800
0x803F0F3C, 0x3FE00900
0x803F0F44, 0x63FF00FE
0x803F0F4C, 0xBE300000
0x803F0F34, 0x60000000
0x803F0F3C, 0x60000000
0x803F0F44, 0x60000000
0x803F0F4C, 0x60000000
0x803F0F34, 0x3A10003C
0x803F0F3C, 0x3E20012B
0x803F0F44, 0x623101DA
0x803F0F4C, 0x3E400001
0x803F0F34, 0x62520D01
0x803F0F3C, 0x3E603A01
0x803F0F44, 0x6273D300
0x803F0F4C, 0x3E80010A
0x803F0F34, 0x62940137
0x803F0F3C, 0x3EA001D1
0x803F0F44, 0x62B50001
0x803F0F4C, 0x3EC00E01
0x803F0F34, 0x62D63B01
0x803F0F3C, 0x3EE0CA00
0x803F0F44, 0x62F7010B
0x803F0F4C, 0x3F000138
0x803F0F34, 0x631801C8
0x803F0F3C, 0x3F200001
0x803F0F44, 0x63390F01
0x803F0F4C, 0x3F403C01
0x803F0F34, 0x635AC500
0x803F0F3C, 0x3F60010C
0x803F0F44, 0x637B0139
0x803F0F4C, 0x3F8001C3
0x803F0F34, 0x639C0001
0x803F0F3C, 0x3FA01001
0x803F0F44, 0x63BD3D01
0x803F0F4C, 0x3FC0C400
0x803F0F34, 0x63DE0111
0x803F0F3C, 0x3FE0013E
0x803F0F44, 0x63FF01C2
0x803F0F4C, 0xBE300000
0x803F0F34, 0x60000000
0x803F0F3C, 0x60000000
0x803F0F44, 0x60000000
0x803F0F4C, 0x60000000
0x803F0F34, 0x3A10003C
0x803F0F3C, 0x3E209800
0x803F0F44, 0x62310700
0x803F0F4C, 0x3E4000FE
0x803F0F34, 0x6252012B
0x803F0F3C, 0x3E6001DA
0x803F0F44, 0x62730000
0x803F0F4C, 0x3E80FC01
0x803F0F34, 0x62942901
0x803F0F3C, 0x3EA0DC00
0x803F0F44, 0x62B5010D
0x803F0F4C, 0x3EC0013A
0x803F0F34, 0x62D601D3
0x803F0F3C, 0x3EE00001
0x803F0F44, 0x62F71201
0x803F0F4C, 0x3F003F01
0x803F0F34, 0x6318D400
0x803F0F3C, 0x3F200113
0x803F0F44, 0x63390140
0x803F0F4C, 0x3F4001CB
0x803F0F34, 0x635A0000
0x803F0F3C, 0x3F60E301
0x803F0F44, 0x637B1001
0x803F0F4C, 0x3F80CC00
0x803F0F34, 0x639C00E1
0x803F0F3C, 0x3FA0010E
0x803F0F44, 0x63BD01B8
0x803F0F4C, 0x3FC09800
0x803F0F34, 0x63DE0700
0x803F0F3C, 0x3FE0010D
0x803F0F44, 0x63FF013A
0x803F0F4C, 0xBE300000
0x803F0F34, 0x60000000
0x803F0F3C, 0x60000000
0x803F0F44, 0x60000000
0x803F0F4C, 0x60000000
0x803F0F34, 0x3A10003C
0x803F0F3C, 0x3E2001D3
0x803F0F44, 0x62310001
0x803F0F4C, 0x3E401301
0x803F0F34, 0x62524001
0x803F0F3C, 0x3E60CB00
0x803F0F44, 0x6273010E
0x803F0F4C, 0x3E80013B
0x803F0F34, 0x629401CA
0x803F0F3C, 0x3EA00001
0x803F0F44, 0x62B51401
0x803F0F4C, 0x3EC04101
0x803F0F34, 0x62D6C700
0x803F0F3C, 0x3EE0010F
0x803F0F44, 0x62F7013C
0x803F0F4C, 0x3F0001C5
0x803F0F34, 0x63180001
0x803F0F3C, 0x3F201501
0x803F0F44, 0x63394201
0x803F0F4C, 0x3F40C600
0x803F0F34, 0x635A0110
0x803F0F3C, 0x3F60013D
0x803F0F44, 0x637B01C4
0x803F0F4C, 0x3F809800
0x803F0F34, 0x639C0500
0x803F0F3C, 0x3FA00113
0x803F0F44, 0x63BD0140
0x803F0F4C, 0x3FC001CB
0x803F0F34, 0x63DE0000
0x803F0F3C, 0x3FE0E101
0x803F0F44, 0x63FF0E01
0x803F0F4C, 0xBE300000
0x803F0F34, 0x60000000
0x803F0F3C, 0x60000000
0x803F0F44, 0x60000000
0x803F0F4C, 0x60000000
0x803F0F34, 0x3A10003C
0x803F0F3C, 0x3E20B800
0x803F0F44, 0x62310114
0x803F0F4C, 0x3E400141
0x803F0F34, 0x625201C7
0x803F0F3C, 0x3E600001
0x803F0F44, 0x62731601
0x803F0F4C, 0x3E804301
0x803F0F34, 0x6294B900
0x803F0F3C, 0x3EA00115
0x803F0F44, 0x62B50142
0x803F0F4C, 0x3EC001C6
0x803F0F34, 0x62D69800
0x803F0F3C, 0x3EE00500
0x803F0F44, 0x62F70117
0x803F0F4C, 0x3F000144
0x803F0F34, 0x631801FC
0x803F0F3C, 0x3F200001
0x803F0F44, 0x63391801
0x803F0F4C, 0x3F404501
0x803F0F34, 0x635AFA00
0x803F0F3C, 0x3F600119
0x803F0F44, 0x637B0146
0x803F0F4C, 0x3F8001F7
0x803F0F34, 0x639C0001
0x803F0F3C, 0x3FA01A01
0x803F0F44, 0x63BD4701
0x803F0F4C, 0x3FC0F900
0x803F0F34, 0x63DE011B
0x803F0F3C, 0x3FE00148
0x803F0F44, 0x63FF01F8
0x803F0F4C, 0xBE300000
0x803F0F34, 0x60000000
0x803F0F3C, 0x60000000
0x803F0F44, 0x60000000
0x803F0F4C, 0x60000000
0x803F0F34, 0x3A10003C
0x803F0F3C, 0x3E209800
0x803F0F44, 0x62310800
0x803F0F4C, 0x3E400117
0x803F0F34, 0x62520144
0x803F0F3C, 0x3E6001FC
0x803F0F44, 0x62730001
0x803F0F4C, 0x3E801901
0x803F0F34, 0x62944601
0x803F0F3C, 0x3EA0F700
0x803F0F44, 0x62B5011C
0x803F0F4C, 0x3EC00149
0x803F0F34, 0x62D601FE
0x803F0F3C, 0x3EE00001
0x803F0F44, 0x62F71D01
0x803F0F4C, 0x3F004A01
0x803F0F34, 0x6318FF00
0x803F0F3C, 0x3F20011E
0x803F0F44, 0x6339014B
0x803F0F4C, 0x3F4001F0
0x803F0F34, 0x635A0001
0x803F0F3C, 0x3F601F01
0x803F0F44, 0x637B4C01
0x803F0F4C, 0x3F80EE00
0x803F0F34, 0x639C0120
0x803F0F3C, 0x3FA0014D
0x803F0F44, 0x63BD01F1
0x803F0F4C, 0x3FC00001
0x803F0F34, 0x63DE2101
0x803F0F3C, 0x3FE04E01
0x803F0F44, 0x63FFEF98
0x803F0F4C, 0xBE300000
0x803F0F34, 0x60000000
0x803F0F3C, 0x60000000
0x803F0F44, 0x60000000
0x803F0F4C, 0x60000000
0x803F0F34, 0x3A10003C
0x803F0F3C, 0x3E200007
0x803F0F44, 0x62310001
0x803F0F4C, 0x3E401901
0x803F0F34, 0x62524601
0x803F0F3C, 0x3E60F700
0x803F0F44, 0x6273011B
0x803F0F4C, 0x3E800148
0x803F0F34, 0x629401F8
0x803F0F3C, 0x3EA00001
0x803F0F44, 0x62B51D01
0x803F0F4C, 0x3EC04A01
0x803F0F34, 0x62D6FF00
0x803F0F3C, 0x3EE00122
0x803F0F44, 0x62F7007E
0x803F0F4C, 0x3F000200
0x803F0F34, 0x63180001
0x803F0F3C, 0x3F201F01
0x803F0F44, 0x63394C01
0x803F0F4C, 0x3F40EE00
0x803F0F34, 0x635A0123
0x803F0F3C, 0x3F60007E
0x803F0F44, 0x637B01ED
0x803F0F4C, 0x3F800001
0x803F0F34, 0x639C2400
0x803F0F3C, 0x3FA07E01
0x803F0F44, 0x63BDEC98
0x803F0F4C, 0x3FC00006
0x803F0F34, 0x63DE0001
0x803F0F3C, 0x3FE02501
0x803F0F44, 0x63FF4F01
0x803F0F4C, 0xBE300000
0x803F0F34, 0x60000000
0x803F0F3C, 0x60000000
0x803F0F44, 0x60000000
0x803F0F4C, 0x60000000
0x803F0F34, 0x3A10003C
0x803F0F3C, 0x3E20BE00
0x803F0F44, 0x62310126
0x803F0F4C, 0x3E400150
0x803F0F34, 0x625201C0
0x803F0F3C, 0x3E600001
0x803F0F44, 0x62732701
0x803F0F4C, 0x3E805101
0x803F0F34, 0x6294BF00
0x803F0F3C, 0x3EA00128
0x803F0F44, 0x62B50152
0x803F0F4C, 0x3EC001D0
0x803F0F34, 0x62D60001
0x803F0F3C, 0x3EE00901
0x803F0F44, 0x62F73601
0x803F0F4C, 0x3F00C900
0x803F0F34, 0x63180108
0x803F0F3C, 0x3F200135
0x803F0F44, 0x633901D9
0x803F0F4C, 0x3F409800
0x803F0F34, 0x635A0400
0x803F0F3C, 0x3F600125
0x803F0F44, 0x637B014F
0x803F0F4C, 0x3F8001BE
0x803F0F34, 0x639C0001
0x803F0F3C, 0x3FA02701
0x803F0F44, 0x63BD5101
0x803F0F4C, 0x3FC0BF00
0x803F0F34, 0x63DE0111
0x803F0F3C, 0x3FE0013E
0x803F0F44, 0x63FF01C2
0x803F0F4C, 0xBE300000
0x803F0F34, 0x60000000
0x803F0F3C, 0x60000000
0x803F0F44, 0x60000000
0x803F0F4C, 0x60000000
0x803F0F34, 0x3A10003C
0x803F0F3C, 0x3E200001
0x803F0F44, 0x62310C01
0x803F0F4C, 0x3E403901
0x803F0F34, 0x6252C398
0x803F0F3C, 0x3E600004
0x803F0F44, 0x62730000
0x803F0F4C, 0x3E80FA01
0x803F0F34, 0x62942701
0x803F0F3C, 0x3EA0DD00
0x803F0F44, 0x62B500E5
0x803F0F4C, 0x3EC00112
0x803F0F34, 0x62D601D5
0x803F0F3C, 0x3EE00001
0x803F0F44, 0x62F71201
0x803F0F4C, 0x3F003F01
0x803F0F34, 0x6318D400
0x803F0F3C, 0x3F2000E3
0x803F0F44, 0x63390110
0x803F0F4C, 0x3F4001CC
0x803F0F34, 0x635A9800
0x803F0F3C, 0x3F600400
0x803F0F44, 0x637B0129
0x803F0F4C, 0x3F800153
0x803F0F34, 0x639C0216
0x803F0F3C, 0x3FA00001
0x803F0F44, 0x63BD2A01
0x803F0F4C, 0x3FC05402
0x803F0F34, 0x63DE1500
0x803F0F3C, 0x3FE00126
0x803F0F44, 0x63FF0150
0x803F0F4C, 0xBE300000
0x803F0F34, 0x60000000
0x803F0F3C, 0x60000000
0x803F0F44, 0x60000000
0x803F0F4C, 0x60000000
0x803F0F34, 0x3A10003C
0x803F0F3C, 0x3E200217
0x803F0F44, 0x62310001
0x803F0F4C, 0x3E402801
0x803F0F34, 0x62525202
0x803F0F3C, 0x3E601E98
0x803F0F44, 0x62730005
0x803F0F4C, 0x3E800001
0x803F0F34, 0x62942901
0x803F0F3C, 0x3EA05302
0x803F0F44, 0x62B51600
0x803F0F4C, 0x3EC000EC
0x803F0F34, 0x62D60119
0x803F0F3C, 0x3EE0021A
0x803F0F44, 0x62F70001
0x803F0F4C, 0x3F002A01
0x803F0F34, 0x63185402
0x803F0F3C, 0x3F201500
0x803F0F44, 0x633900ED
0x803F0F4C, 0x3F40011A
0x803F0F34, 0x635A0219
0x803F0F3C, 0x3F600000
0x803F0F44, 0x637BEF01
0x803F0F4C, 0x3F801C02
0x803F0F34, 0x639C2598
0x803F0F3C, 0x3FA00005
0x803F0F44, 0x63BD0000
0x803F0F4C, 0x3FC0EF01
0x803F0F34, 0x63DE1C02
0x803F0F3C, 0x3FE02500
0x803F0F44, 0x63FF00F1
0x803F0F4C, 0xBE300000
0x803F0F34, 0x60000000
0x803F0F3C, 0x60000000
0x803F0F44, 0x60000000
0x803F0F4C, 0x60000000
0x803F0F34, 0x3A10003C
0x803F0F3C, 0x3E20011E
0x803F0F44, 0x62310224
0x803F0F4C, 0x3E400001
0x803F0F34, 0x62522A01
0x803F0F3C, 0x3E605402
0x803F0F44, 0x62731500
0x803F0F4C, 0x3E8000F3
0x803F0F34, 0x62940120
0x803F0F3C, 0x3EA00222
0x803F0F44, 0x62B50000
0x803F0F4C, 0x3EC0F501
0x803F0F34, 0x62D62202
0x803F0F3C, 0x3EE02198
0x803F0F44, 0x62F70005
0x803F0F4C, 0x3F000000
0x803F0F34, 0x6318F501
0x803F0F3C, 0x3F202202
0x803F0F44, 0x63392100
0x803F0F4C, 0x3F4000F7
0x803F0F34, 0x635A0124
0x803F0F3C, 0x3F600223
0x803F0F44, 0x637B0001
0x803F0F4C, 0x3F802A01
0x803F0F34, 0x639C5402
0x803F0F3C, 0x3FA01500
0x803F0F44, 0x63BD0100
0x803F0F4C, 0x3FC0012D
0x803F0F34, 0x63DE0218
0x803F0F3C, 0x3FE00001
0x803F0F44, 0x63FF0201
0x803F0F4C, 0xBE300000
0x803F0F34, 0x60000000
0x803F0F3C, 0x60000000
0x803F0F44, 0x60000000
0x803F0F4C, 0x60000000
0x803F0F34, 0x3A10003C
0x803F0F3C, 0x3E202F02
0x803F0F44, 0x62311498
0x803F0F4C, 0x3E400005
0x803F0F34, 0x62520001
0x803F0F3C, 0x3E600201
0x803F0F44, 0x62732F02
0x803F0F4C, 0x3E801400
0x803F0F34, 0x62940103
0x803F0F3C, 0x3EA00130
0x803F0F44, 0x62B50213
0x803F0F4C, 0x3EC00001
0x803F0F34, 0x62D62A01
0x803F0F3C, 0x3EE05402
0x803F0F44, 0x62F71500
0x803F0F4C, 0x3F000106
0x803F0F34, 0x63180133
0x803F0F3C, 0x3F200220
0x803F0F44, 0x63390001
0x803F0F4C, 0x3F400801
0x803F0F34, 0x635A3502
0x803F0F3C, 0x3F601F98
0x803F0F44, 0x637B0005
0x803F0F4C, 0x3F800001
0x803F0F34, 0x639C1101
0x803F0F3C, 0x3FA05502
0x803F0F44, 0x63BD0900
0x803F0F4C, 0x3FC00118
0x803F0F34, 0x63DE0156
0x803F0F3C, 0x3FE0020C
0x803F0F44, 0x63FF0001
0x803F0F4C, 0xBE300000
0x803F0F34, 0x60000000
0x803F0F3C, 0x60000000
0x803F0F44, 0x60000000
0x803F0F4C, 0x60000000
0x803F0F34, 0x3A10003C
0x803F0F3C, 0x3E202501
0x803F0F44, 0x62315702
0x803F0F4C, 0x3E400B00
0x803F0F34, 0x6252012B
0x803F0F3C, 0x3E600158
0x803F0F44, 0x6273020E
0x803F0F4C, 0x3E800001
0x803F0F34, 0x62942901
0x803F0F3C, 0x3EA05902
0x803F0F44, 0x62B50D98
0x803F0F4C, 0x3EC0000A
0x803F0F34, 0x62D60001
0x803F0F3C, 0x3EE01801
0x803F0F44, 0x62F75602
0x803F0F4C, 0x3F000C00
0x803F0F34, 0x63180111
0x803F0F3C, 0x3F200155
0x803F0F44, 0x63390209
0x803F0F4C, 0x3F400001
0x803F0F34, 0x635A1A01
0x803F0F3C, 0x3F605A02
0x803F0F44, 0x637B0A00
0x803F0F4C, 0x3F800110
0x803F0F34, 0x639C015B
0x803F0F3C, 0x3FA00207
0x803F0F44, 0x63BD0001
0x803F0F4C, 0x3FC01B01
0x803F0F34, 0x63DE5C02
0x803F0F3C, 0x3FE00800
0x803F0F44, 0x63FF0115
0x803F0F4C, 0xBE300000
0x803F0F34, 0x60000000
0x803F0F3C, 0x60000000
0x803F0F44, 0x60000000
0x803F0F4C, 0x60000000
0x803F0F34, 0x3A10003C
0x803F0F3C, 0x3E20015D
0x803F0F44, 0x62310205
0x803F0F4C, 0x3E400001
0x803F0F34, 0x62522201
0x803F0F3C, 0x3E605E02
0x803F0F44, 0x62730600
0x803F0F4C, 0x3E800116
0x803F0F34, 0x6294015F
0x803F0F3C, 0x3EA00202
0x803F0F44, 0x62B50001
0x803F0F4C, 0x3EC02301
0x803F0F34, 0x62D66002
0x803F0F3C, 0x3EE00300
0x803F0F44, 0x62F700E0
0x803F0F4C, 0x3F000161
0x803F0F34, 0x63180201
0x803F0F3C, 0x3F209800
0x803F0F44, 0x63390700
0x803F0F4C, 0x3F400123
0x803F0F34, 0x635A0160
0x803F0F3C, 0x3F600203
0x803F0F44, 0x637B0000
0x803F0F4C, 0x3F80E001
0x803F0F34, 0x639C6102
0x803F0F3C, 0x3FA00100
0x803F0F44, 0x63BD0124
0x803F0F4C, 0x3FC00162
0x803F0F34, 0x63DE0204
0x803F0F3C, 0x3FE00000
0x803F0F44, 0x63FFEA01
0x803F0F4C, 0xBE300000
0x803F0F34, 0x60000000
0x803F0F3C, 0x60000000
0x803F0F44, 0x60000000
0x803F0F4C, 0x60000000
0x803F0F34, 0x3A10003C
0x803F0F3C, 0x3E206302
0x803F0F44, 0x62311000
0x803F0F4C, 0x3E400121
0x803F0F34, 0x62520164
0x803F0F3C, 0x3E600211
0x803F0F44, 0x62730000
0x803F0F4C, 0x3E80EC01
0x803F0F34, 0x62946502
0x803F0F3C, 0x3EA00F00
0x803F0F44, 0x62B50120
0x803F0F4C, 0x3EC00166
0x803F0F34, 0x62D60212
0x803F0F3C, 0x3EE09800
0x803F0F44, 0x62F70400
0x803F0F4C, 0x3F00011C
0x803F0F34, 0x63180167
0x803F0F3C, 0x3F20021C
0x803F0F44, 0x63390001
0x803F0F4C, 0x3F402901
0x803F0F34, 0x635A6802
0x803F0F3C, 0x3F600D00
0x803F0F44, 0x637B0117
0x803F0F4C, 0x3F800168
0x803F0F34, 0x639C021D
0x803F0F3C, 0x3FA00001
0x803F0F44, 0x63BD2B01
0x803F0F4C, 0x3FC06802
0x803F0F34, 0x63DE0E98
0x803F0F3C, 0x3FE00005
0x803F0F44, 0x63FF0001
0x803F0F4C, 0xBE300000
0x803F0F34, 0x60000000
0x803F0F3C, 0x60000000
0x803F0F44, 0x60000000
0x803F0F4C, 0x60000000
0x803F0F34, 0x3A10003C
0x803F0F3C, 0x3E202901
0x803F0F44, 0x62316802
0x803F0F4C, 0x3E400D00
0x803F0F34, 0x6252011C
0x803F0F3C, 0x3E600167
0x803F0F44, 0x6273021C
0x803F0F4C, 0x3E800000
0x803F0F34, 0x6294EC01
0x803F0F3C, 0x3EA06902
0x803F0F44, 0x62B50F00
0x803F0F4C, 0x3EC0011E
0x803F0F34, 0x62D60169
0x803F0F3C, 0x3EE0021B
0x803F0F44, 0x62F70001
0x803F0F4C, 0x3F002001
0x803F0F34, 0x63186902
0x803F0F3C, 0x3F201290
0x803F0F44, 0x6339001B
0x803F0F4C, 0x3F400000
0x803F0F34, 0x635AE001
0x803F0F3C, 0x3F600D01
0x803F0F44, 0x637BB600
0x803F0F4C, 0x3F800116
0x803F0F34, 0x639C0143
0x803F0F3C, 0x3FA001B9
0x803F0F44, 0x63BD0000
0x803F0F4C, 0x3FC0E101
0x803F0F34, 0x63DE0E01
0x803F0F3C, 0x3FE0B800
0x803F0F44, 0x63FF0125
0x803F0F4C, 0xBE300000
0x803F0F34, 0x60000000
0x803F0F3C, 0x60000000
0x803F0F44, 0x60000000
0x803F0F4C, 0x60000000
0x803F0F34, 0x3A10003C
0x803F0F3C, 0x3E20014F
0x803F0F44, 0x623101BE
0x803F0F4C, 0x3E400001
0x803F0F34, 0x62522901
0x803F0F3C, 0x3E605301
0x803F0F44, 0x6273C100
0x803F0F4C, 0x3E800126
0x803F0F34, 0x62940150
0x803F0F3C, 0x3EA001C0
0x803F0F44, 0x62B50001
0x803F0F4C, 0x3EC00C01
0x803F0F34, 0x62D63901
0x803F0F3C, 0x3EE0C300
0x803F0F44, 0x62F70127
0x803F0F4C, 0x3F000151
0x803F0F34, 0x631801BF
0x803F0F3C, 0x3F200001
0x803F0F44, 0x63390901
0x803F0F4C, 0x3F403601
0x803F0F34, 0x635AC900
0x803F0F3C, 0x3F6000FC
0x803F0F44, 0x637B0129
0x803F0F4C, 0x3F8001DC
0x803F0F34, 0x639C0000
0x803F0F3C, 0x3FA0FA01
0x803F0F44, 0x63BD2701
0x803F0F4C, 0x3FC0DD00
0x803F0F34, 0x63DE0112
0x803F0F3C, 0x3FE0013F
0x803F0F44, 0x63FF01D4
0x803F0F4C, 0xBE300000
0x803F0F34, 0x60000000
0x803F0F3C, 0x60000000
0x803F0F44, 0x60000000
0x803F0F4C, 0x60000000
0x803F0F34, 0x3A10003C
0x803F0F3C, 0x3E200000
0x803F0F44, 0x6231FA01
0x803F0F4C, 0x3E402701
0x803F0F34, 0x6252DD00
0x803F0F3C, 0x3E6000E7
0x803F0F44, 0x62730114
0x803F0F4C, 0x3E8001DE
0x803F0F34, 0x62940000
0x803F0F3C, 0x3EA0E501
0x803F0F44, 0x62B51201
0x803F0F4C, 0x3EC0D500
0x803F0F34, 0x62D60124
0x803F0F3C, 0x3EE0007E
0x803F0F44, 0x62F701EC
0x803F0F4C, 0x3F000001
0x803F0F34, 0x63182101
0x803F0F3C, 0x3F204E01
0x803F0F44, 0x6339EF00
0x803F0F4C, 0x3F40011F
0x803F0F34, 0x635A014C
0x803F0F3C, 0x3F6001EE
0x803F0F44, 0x637B0001
0x803F0F4C, 0x3F800201
0x803F0F34, 0x639C2F01
0x803F0F3C, 0x3FA0F400
0x803F0F44, 0x63BD0100
0x803F0F4C, 0x3FC0012D
0x803F0F34, 0x63DE01F6
0x803F0F3C, 0x3FE00000
0x803F0F44, 0x63FFFF01
0x803F0F4C, 0xBE300000
0x803F0F34, 0x60000000
0x803F0F3C, 0x60000000
0x803F0F44, 0x60000000
0x803F0F4C, 0x60000000
0x803F0F34, 0x3A10003C
0x803F0F3C, 0x3E202C01
0x803F0F44, 0x6231F300
0x803F0F4C, 0x3E400117
0x803F0F34, 0x62520144
0x803F0F3C, 0x3E6001FC
0x803F0F44, 0x62730001
0x803F0F4C, 0x3E802B01
0x803F0F34, 0x62946A01
0x803F0F3C, 0x3EA0FB00
0x803F0F44, 0x62B50118
0x803F0F4C, 0x3EC00145
0x803F0F34, 0x62D601FA
0x803F0F3C, 0x3EE00001
0x803F0F44, 0x62F72A01
0x803F0F4C, 0x3F005402
0x803F0F34, 0x63181500
0x803F0F3C, 0x3F200108
0x803F0F44, 0x63390135
0x803F0F4C, 0x3F40021F
0x803F0F34, 0x635A0001
0x803F0F3C, 0x3F602801
0x803F0F44, 0x637B5202
0x803F0F4C, 0x3F801E00
0x803F0F34, 0x639C0000
0x803F0F3C, 0x3FA00000
0x803F0F44, 0x63BD0000
0x803F0F4C, 0x3FC00000
0x803F0F34, 0x63DE0000
0x803F0F3C, 0x3FE00000
0x803F0F44, 0x63FF0000
0x803F0F4C, 0xBE300000
0x803F0F34, 0x60000000
0x803F0F3C, 0x60000000
0x803F0F44, 0x60000000
0x803F0F4C, 0x60000000
0x803F0F34, 0x3A10003C
0x803F0F3C, 0x3E200000
0x803F0F44, 0x62310000
0x803F0F4C, 0x3E400000
0x803F0F34, 0x62520001
0x803F0F3C, 0x3E600000
0x803F0F44, 0x62730000
0x803F0F4C, 0x3E800000
0x803F0F34, 0x62940001
0x803F0F3C, 0x3EA00000
0x803F0F44, 0x62B50001
0x803F0F4C, 0x3EC00000
0x803F0F34, 0x62D60001
0x803F0F3C, 0x3EE00000
0x803F0F44, 0x62F70002
0x803F0F4C, 0x3F000000
0x803F0F34, 0x63180BE0
0x803F0F3C, 0x3F200000
0x803F0F44, 0x63390000
0x803F0F4C, 0x3F400000
0x803F0F34, 0x635A0A40
0x803F0F3C, 0x3F600000
0x803F0F44, 0x637B0BE0
0x803F0F4C, 0x3F800000
0x803F0F34, 0x639C06C0
0x803F0F3C, 0x3FA00000
0x803F0F44, 0x63BD1620
0x803F0F4C, 0x3FC04D6F
0x803F0F34, 0x63DE6465
0x803F0F3C, 0x3FE06C20
0x803F0F44, 0x63FF6D61
0x803F0F4C, 0xBE300000
0x803F0F34, 0x60000000
0x803F0F3C, 0x60000000
0x803F0F44, 0x60000000
0x803F0F4C, 0x60000000
0x803F0F34, 0x3A10003C
0x803F0F3C, 0x3E206465
0x803F0F44, 0x62312077
0x803F0F4C, 0x3E406974
0x803F0F34, 0x62526820
0x803F0F3C, 0x3E604D41
0x803F0F44, 0x62735433
0x803F0F4C, 0x3E800000
0x803F0F34, 0x62940900
0x803F0F3C, 0x3EA00003
0x803F0F44, 0x62B5FFFF
0x803F0F4C, 0x3EC00000
0x803F0F34, 0x62D60084
0x803F0F3C, 0x3EE00000
0x803F0F44, 0x62F7031C
0x803F0F4C, 0x3F000000
0x803F0F34, 0x63180322
0x803F0F3C, 0x3F200000
0x803F0F44, 0x63390360
0x803F0F4C, 0x3F400000
0x803F0F34, 0x635A0708
0x803F0F3C, 0x3F600000
0x803F0F44, 0x637B070C
0x803F0F4C, 0x3F800000
0x803F0F34, 0x639C0714
0x803F0F3C, 0x3FA00000
0x803F0F44, 0x63BD0718
0x803F0F4C, 0x3FC00000
0x803F0F34, 0x63DE0738
0x803F0F3C, 0x3FE00000
0x803F0F44, 0x63FF0740
0x803F0F4C, 0xBE300000
0x803F0F34, 0x60000000
0x803F0F3C, 0x60000000
0x803F0F44, 0x60000000
0x803F0F4C, 0x60000000
0x803F0F34, 0x3A10003C
0x803F0F3C, 0x3E200000
0x803F0F44, 0x62310740
0x803F0F4C, 0x3E400000
0x803F0F34, 0x62520744
0x803F0F3C, 0x3E600000
0x803F0F44, 0x6273074C
0x803F0F4C, 0x3E800000
0x803F0F34, 0x6294074C
0x803F0F3C, 0x3EA00000
0x803F0F44, 0x62B50814
0x803F0F4C, 0x3EC00000
0x803F0F34, 0x62D60814
0x803F0F3C, 0x3EE00000
0x803F0F44, 0x62F70818
0x803F0F4C, 0x3F000000
0x803F0F34, 0x63180820
0x803F0F3C, 0x3F200000
0x803F0F44, 0x63390838
0x803F0F4C, 0x3F400000
0x803F0F34, 0x635A0840
0x803F0F3C, 0x3F600000
0x803F0F44, 0x637B0844
0x803F0F4C, 0x3F800000
0x803F0F34, 0x639C0880
0x803F0F3C, 0x3FA00000
0x803F0F44, 0x63BD088C
0x803F0F4C, 0x3FC00000
0x803F0F34, 0x63DE0898
0x803F0F3C, 0x3FE00000
0x803F0F44, 0x63FF08C4
0x803F0F4C, 0xBE300000
0x803F0F34, 0x60000000
0x803F0F3C, 0x60000000
0x803F0F44, 0x60000000
0x803F0F4C, 0x60000000
0x803F0F34, 0x3A10003C
0x803F0F3C, 0x3E200000
0x803F0F44, 0x623108CC
0x803F0F4C, 0x3E400000
0x803F0F34, 0x625208D0
0x803F0F3C, 0x3E600000
0x803F0F44, 0x627308D4
0x803F0F4C, 0x3E800000
0x803F0F34, 0x629408D8
0x803F0F3C, 0x3EA00000
0x803F0F44, 0x62B508DC
0x803F0F4C, 0x3EC00100
0x803F0F34, 0x62D60000
0x803F0F3C, 0x3EE00000
0x803F0F44, 0x62F70000
0x803F0F4C, 0x3F000000
0x803F0F34, 0x63180000
0x803F0F3C, 0x3F200000
0x803F0F44, 0x63390001
0x803F0F4C, 0x3F400002
0x803F0F34, 0x635A0003
0x803F0F3C, 0x3F600000
0x803F0F44, 0x637B0001
0x803F0F4C, 0x3F80FFFF
0x803F0F34, 0x639CFFFF
0x803F0F3C, 0x3FA0FFFF
0x803F0F44, 0x63BDFFFF
0x803F0F4C, 0x3FC0FFFF
0x803F0F34, 0x63DEFFFF
0x803F0F3C, 0x3FE0FFFF
0x803F0F44, 0x63FFFFFF
0x803F0F4C, 0xBE300000
0x803F0F34, 0x60000000
0x803F0F3C, 0x60000000
0x803F0F44, 0x60000000
0x803F0F4C, 0x60000000
0x803F0F34, 0x3A10003C
0x803F0F3C, 0x3E200000
0x803F0F44, 0x62310001
0x803F0F4C, 0x3E40FFFF
0x803F0F34, 0x6252FFFF
0x803F0F3C, 0x3E60FFFF
0x803F0F44, 0x6273FFFF
0x803F0F4C, 0x3E80FFFF
0x803F0F34, 0x6294FFFF
0x803F0F3C, 0x3EA0FFFF
0x803F0F44, 0x62B5FFFF
0x803F0F4C, 0x3EC0FFFF
0x803F0F34, 0x62D6FFFF
0x803F0F3C, 0x3EE0FFFF
0x803F0F44, 0x62F7FFFF
0x803F0F4C, 0x3F00FFFF
0x803F0F34, 0x6318FFFF
0x803F0F3C, 0x3F200000
0x803F0F44, 0x6339FFFF
0x803F0F4C, 0x3F40FFFF
0x803F0F34, 0x635AFFFF
0x803F0F3C, 0x3F60FFFF
0x803F0F44, 0x637BFFFF
0x803F0F4C, 0x3F80FFFF
0x803F0F34, 0x639CFFFF
0x803F0F3C, 0x3FA0FFFF
0x803F0F44, 0x63BDFFFF
0x803F0F4C, 0x3FC0FFFF
0x803F0F34, 0x63DEFFFF
0x803F0F3C, 0x3FE0FFFF
0x803F0F44, 0x63FFFFFF
0x803F0F4C, 0xBE300000
0x803F0F34, 0x60000000
0x803F0F3C, 0x60000000
0x803F0F44, 0x60000000
0x803F0F4C, 0x60000000
0x803F0F34, 0x3A10003C
0x803F0F3C, 0x3E20FFFF
0x803F0F44, 0x6231FFFF
0x803F0F4C, 0x3E40FFFF
0x803F0F34, 0x6252FFFF
0x803F0F3C, 0x3E60FFFF
0x803F0F44, 0x6273FFFF
0x803F0F4C, 0x3E80FFFF
0x803F0F34, 0x6294FFFF
0x803F0F3C, 0x3EA0FFFF
0x803F0F44, 0x62B5FFFF
0x803F0F4C, 0x3EC0FFFF
0x803F0F34, 0x62D6FFFF
0x803F0F3C, 0x3EE0FFFF
0x803F0F44, 0x62F7FFFF
0x803F0F4C, 0x3F00FFFF
0x803F0F34, 0x6318FFFF
0x803F0F3C, 0x3F200000
0x803F0F44, 0x63390001
0x803F0F4C, 0x3F40FFFF
0x803F0F34, 0x635AFFFF
0x803F0F3C, 0x3F60FFFF
0x803F0F44, 0x637BFFFF
0x803F0F4C, 0x3F80FFFF
0x803F0F34, 0x639CFFFF
0x803F0F3C, 0x3FA00000
0x803F0F44, 0x63BD0001
0x803F0F4C, 0x3FC00000
0x803F0F34, 0x63DE0000
0x803F0F3C, 0x3FE00C0C
0x803F0F44, 0x63FF0D0C
0x803F0F4C, 0xBE300000
0x803F0F34, 0x60000000
0x803F0F3C, 0x60000000
0x803F0F44, 0x60000000
0x803F0F4C, 0x60000000
0x803F0F34, 0x3A10003C
0x803F0F3C, 0x3E200C0C
0x803F0F44, 0x62310C0C
0x803F0F4C, 0x3E400C0C
0x803F0F34, 0x62520C0C
0x803F0F3C, 0x3E600C0C
0x803F0F44, 0x62730C0C
0x803F0F4C, 0x3E801C1F
0x803F0F34, 0x62941C1C
0x803F0F3C, 0x3EA01C1C
0x803F0F44, 0x62B51C1C
0x803F0F4C, 0x3EC01C1C
0x803F0F34, 0x62D61C1C
0x803F0F3C, 0x3EE01C1C
0x803F0F44, 0x62F71C1C
0x803F0F4C, 0x3F000000
0x803F0F34, 0x63180001
0x803F0F3C, 0x3F200000
0x803F0F44, 0x6339FFFF
0x803F0F4C, 0x3F40FFFF
0x803F0F34, 0x635AFFFF
0x803F0F3C, 0x3F60FFFF
0x803F0F44, 0x637BFFFF
0x803F0F4C, 0x3F80FFFF
0x803F0F34, 0x639CFFFF
0x803F0F3C, 0x3FA0FFFF
0x803F0F44, 0x63BDFFFF
0x803F0F4C, 0x3FC0FFFF
0x803F0F34, 0x63DEFFFF
0x803F0F3C, 0x3FE0FFFF
0x803F0F44, 0x63FFFFFF
0x803F0F4C, 0xBE300000
0x803F0F34, 0x60000000
0x803F0F3C, 0x60000000
0x803F0F44, 0x60000000
0x803F0F4C, 0x60000000
0x803F0F34, 0x3A10003C
0x803F0F3C, 0x3E200000
0x803F0F44, 0x62310001
0x803F0F4C, 0x3E400001
0x803F0F34, 0x62520002
0x803F0F3C, 0x3E600000
0x803F0F44, 0x62730001
0x803F0F4C, 0x3E800002
0x803F0F34, 0x6294FFFF
0x803F0F3C, 0x3EA0FFFF
0x803F0F44, 0x62B5FFFF
0x803F0F4C, 0x3EC0FFFF
0x803F0F34, 0x62D6FFFF
0x803F0F3C, 0x3EE0FFFF
0x803F0F44, 0x62F7FFFF
0x803F0F4C, 0x3F00FFFF
0x803F0F34, 0x6318FFFF
0x803F0F3C, 0x3F20FFFF
0x803F0F44, 0x6339FFFF
0x803F0F4C, 0x3F40FFFF
0x803F0F34, 0x635AFFFF
0x803F0F3C, 0x3F600000
0x803F0F44, 0x637B0001
0x803F0F4C, 0x3F800002
0x803F0F34, 0x639CFFFF
0x803F0F3C, 0x3FA0FFFF
0x803F0F44, 0x63BDFFFF
0x803F0F4C, 0x3FC0FFFF
0x803F0F34, 0x63DEFFFF
0x803F0F3C, 0x3FE0FFFF
0x803F0F44, 0x63FFFFFF
0x803F0F4C, 0xBE300000
0x803F0F34, 0x60000000
0x803F0F3C, 0x60000000
0x803F0F44, 0x60000000
0x803F0F4C, 0x60000000
0x803F0F34, 0x3A10003C
0x803F0F3C, 0x3E20FFFF
0x803F0F44, 0x6231FFFF
0x803F0F4C, 0x3E40FFFF
0x803F0F34, 0x6252FFFF
0x803F0F3C, 0x3E60FFFF
0x803F0F44, 0x6273FFFF
0x803F0F4C, 0x3E800000
0x803F0F34, 0x62940001
0x803F0F3C, 0x3EA00002
0x803F0F44, 0x62B50000
0x803F0F4C, 0x3EC0FFFF
0x803F0F34, 0x62D6FFFF
0x803F0F3C, 0x3EE0FFFF
0x803F0F44, 0x62F7FFFF
0x803F0F4C, 0x3F00FFFF
0x803F0F34, 0x6318FFFF
0x803F0F3C, 0x3F20FFFF
0x803F0F44, 0x63390000
0x803F0F4C, 0x3F40FFFF
0x803F0F34, 0x635A0000
0x803F0F3C, 0x3F60FFFF
0x803F0F44, 0x637B0000
0x803F0F4C, 0x3F800000
0x803F0F34, 0x639C0000
0x803F0F3C, 0x3FA00000
0x803F0F44, 0x63BD0000
0x803F0F4C, 0x3FC00100
0x803F0F34, 0x63DE0000
0x803F0F3C, 0x3FE00000
0x803F0F44, 0x63FF0000
0x803F0F4C, 0xBE300000
0x803F0F34, 0x60000000
0x803F0F3C, 0x60000000
0x803F0F44, 0x60000000
0x803F0F4C, 0x60000000
0x803F0F34, 0x3A10003C
0x803F0F3C, 0x3E200001
0x803F0F44, 0x62310001
0x803F0F4C, 0x3E400000
0x803F0F34, 0x62520001
0x803F0F3C, 0x3E600002
0x803F0F44, 0x62730003
0x803F0F4C, 0x3E800000
0x803F0F34, 0x62940001
0x803F0F3C, 0x3EA0FFFF
0x803F0F44, 0x62B5FFFF
0x803F0F4C, 0x3EC0FFFF
0x803F0F34, 0x62D6FFFF
0x803F0F3C, 0x3EE0FFFF
0x803F0F44, 0x62F7FFFF
0x803F0F4C, 0x3F00FFFF
0x803F0F34, 0x6318FFFF
0x803F0F3C, 0x3F200000
0x803F0F44, 0x63390001
0x803F0F4C, 0x3F40FFFF
0x803F0F34, 0x635AFFFF
0x803F0F3C, 0x3F60FFFF
0x803F0F44, 0x637BFFFF
0x803F0F4C, 0x3F80FFFF
0x803F0F34, 0x639CFFFF
0x803F0F3C, 0x3FA0FFFF
0x803F0F44, 0x63BDFFFF
0x803F0F4C, 0x3FC0FFFF
0x803F0F34, 0x63DEFFFF
0x803F0F3C, 0x3FE0FFFF
0x803F0F44, 0x63FFFFFF
0x803F0F4C, 0xBE300000
0x803F0F34, 0x60000000
0x803F0F3C, 0x60000000
0x803F0F44, 0x60000000
0x803F0F4C, 0x60000000
0x803F0F34, 0x3A10003C
0x803F0F3C, 0x3E20FFFF
0x803F0F44, 0x6231FFFF
0x803F0F4C, 0x3E400001
0x803F0F34, 0x6252FFFF
0x803F0F3C, 0x3E60FFFF
0x803F0F44, 0x6273FFFF
0x803F0F4C, 0x3E80FFFF
0x803F0F34, 0x6294FFFF
0x803F0F3C, 0x3EA0FFFF
0x803F0F44, 0x62B5FFFF
0x803F0F4C, 0x3EC0FFFF
0x803F0F34, 0x62D6FFFF
0x803F0F3C, 0x3EE0FFFF
0x803F0F44, 0x62F7FFFF
0x803F0F4C, 0x3F00FFFF
0x803F0F34, 0x6318FFFF
0x803F0F3C, 0x3F20FFFF
0x803F0F44, 0x6339FFFF
0x803F0F4C, 0x3F40FFFF
0x803F0F34, 0x635AFFFF
0x803F0F3C, 0x3F60FFFF
0x803F0F44, 0x637BFFFF
0x803F0F4C, 0x3F80FFFF
0x803F0F34, 0x639CFFFF
0x803F0F3C, 0x3FA0FFFF
0x803F0F44, 0x63BDFFFF
0x803F0F4C, 0x3FC0FFFF
0x803F0F34, 0x63DEFFFF
0x803F0F3C, 0x3FE0FFFF
0x803F0F44, 0x63FFFFFF
0x803F0F4C, 0xBE300000
0x803F0F34, 0x60000000
0x803F0F3C, 0x60000000
0x803F0F44, 0x60000000
0x803F0F4C, 0x60000000
0x803F0F34, 0x3A10003C
0x803F0F3C, 0x3E20FFFF
0x803F0F44, 0x6231FFFF
0x803F0F4C, 0x3E400000
0x803F0F34, 0x62520001
0x803F0F3C, 0x3E60FFFF
0x803F0F44, 0x6273FFFF
0x803F0F4C, 0x3E80FFFF
0x803F0F34, 0x6294FFFF
0x803F0F3C, 0x3EA0FFFF
0x803F0F44, 0x62B5FFFF
0x803F0F4C, 0x3EC00000
0x803F0F34, 0x62D60001
0x803F0F3C, 0x3EE00000
0x803F0F44, 0x62F70000
0x803F0F4C, 0x3F000C0C
0x803F0F34, 0x63180D0C
0x803F0F3C, 0x3F200C0C
0x803F0F44, 0x63390C0C
0x803F0F4C, 0x3F400C0C
0x803F0F34, 0x635A0C0C
0x803F0F3C, 0x3F600C0C
0x803F0F44, 0x637B0C0C
0x803F0F4C, 0x3F801C1F
0x803F0F34, 0x639C1C1C
0x803F0F3C, 0x3FA01C1C
0x803F0F44, 0x63BD1C1C
0x803F0F4C, 0x3FC01C1C
0x803F0F34, 0x63DE1C1C
0x803F0F3C, 0x3FE01C1C
0x803F0F44, 0x63FF1C1C
0x803F0F4C, 0xBE300000
0x803F0F34, 0x60000000
0x803F0F3C, 0x60000000
0x803F0F44, 0x60000000
0x803F0F4C, 0x60000000
0x803F0F34, 0x3A10003C
0x803F0F3C, 0x3E200000
0x803F0F44, 0x62310001
0x803F0F4C, 0x3E400000
0x803F0F34, 0x6252FFFF
0x803F0F3C, 0x3E60FFFF
0x803F0F44, 0x6273FFFF
0x803F0F4C, 0x3E80FFFF
0x803F0F34, 0x6294FFFF
0x803F0F3C, 0x3EA0FFFF
0x803F0F44, 0x62B5FFFF
0x803F0F4C, 0x3EC0FFFF
0x803F0F34, 0x62D6FFFF
0x803F0F3C, 0x3EE0FFFF
0x803F0F44, 0x62F7FFFF
0x803F0F4C, 0x3F00FFFF
0x803F0F34, 0x6318FFFF
0x803F0F3C, 0x3F200000
0x803F0F44, 0x63390001
0x803F0F4C, 0x3F400001
0x803F0F34, 0x635A0002
0x803F0F3C, 0x3F600000
0x803F0F44, 0x637B0001
0x803F0F4C, 0x3F800002
0x803F0F34, 0x639CFFFF
0x803F0F3C, 0x3FA0FFFF
0x803F0F44, 0x63BDFFFF
0x803F0F4C, 0x3FC0FFFF
0x803F0F34, 0x63DEFFFF
0x803F0F3C, 0x3FE0FFFF
0x803F0F44, 0x63FFFFFF
0x803F0F4C, 0xBE300000
0x803F0F34, 0x60000000
0x803F0F3C, 0x60000000
0x803F0F44, 0x60000000
0x803F0F4C, 0x60000000
0x803F0F34, 0x3A10003C
0x803F0F3C, 0x3E20FFFF
0x803F0F44, 0x6231FFFF
0x803F0F4C, 0x3E40FFFF
0x803F0F34, 0x6252FFFF
0x803F0F3C, 0x3E60FFFF
0x803F0F44, 0x6273FFFF
0x803F0F4C, 0x3E800000
0x803F0F34, 0x62940001
0x803F0F3C, 0x3EA00002
0x803F0F44, 0x62B5FFFF
0x803F0F4C, 0x3EC0FFFF
0x803F0F34, 0x62D6FFFF
0x803F0F3C, 0x3EE0FFFF
0x803F0F44, 0x62F7FFFF
0x803F0F4C, 0x3F00FFFF
0x803F0F34, 0x6318FFFF
0x803F0F3C, 0x3F20FFFF
0x803F0F44, 0x6339FFFF
0x803F0F4C, 0x3F40FFFF
0x803F0F34, 0x635AFFFF
0x803F0F3C, 0x3F60FFFF
0x803F0F44, 0x637BFFFF
0x803F0F4C, 0x3F800000
0x803F0F34, 0x639C0001
0x803F0F3C, 0x3FA00002
0x803F0F44, 0x63BD0000
0x803F0F4C, 0x3FC0FFFF
0x803F0F34, 0x63DEFFFF
0x803F0F3C, 0x3FE00000
0x803F0F44, 0x63FFFFFF
0x803F0F4C, 0xBE300000
0x803F0F34, 0x60000000
0x803F0F3C, 0x60000000
0x803F0F44, 0x60000000
0x803F0F4C, 0x60000000
0x803F0F34, 0x3A10003C
0x803F0F3C, 0x3E20FFFF
0x803F0F44, 0x6231FFFF
0x803F0F4C, 0x3E40FFFF
0x803F0F34, 0x6252FFFF
0x803F0F3C, 0x3E60FFFF
0x803F0F44, 0x6273FFFF
0x803F0F4C, 0x3E80FFFF
0x803F0F34, 0x6294FFFF
0x803F0F3C, 0x3EA00000
0x803F0F44, 0x62B50000
0x803F0F4C, 0x3EC00000
0x803F0F34, 0x62D60000
0x803F0F3C, 0x3EE00000
0x803F0F44, 0x62F70001
0x803F0F4C, 0x3F000001
0x803F0F34, 0x63180003
0x803F0F3C, 0x3F20FFFF
0x803F0F44, 0x6339FCFC
0x803F0F4C, 0x3F400010
0x803F0F34, 0x635AB0BB
0x803F0F3C, 0x3F60001B
0x803F0F44, 0x637BB0BE
0x803F0F4C, 0x3F800029
0x803F0F34, 0x639C4862
0x803F0F3C, 0x3FA06F6F
0x803F0F44, 0x63BD7473
0x803F0F4C, 0x3FC0414D
0x803F0F34, 0x63DE4154
0x803F0F3C, 0x3FE00048
0x803F0F44, 0x63FF626F
0x803F0F4C, 0xBE300000
0x803F0F34, 0x60000000
0x803F0F3C, 0x60000000
0x803F0F44, 0x60000000
0x803F0F4C, 0x60000000
0x803F0F34, 0x3A10003C
0x803F0F3C, 0x3E206F74
0x803F0F44, 0x62317341
0x803F0F4C, 0x3E404D41
0x803F0F34, 0x62525428
0x803F0F3C, 0x3E603229
0x803F0F44, 0x62730048
0x803F0F4C, 0x3E80626F
0x803F0F34, 0x62946F74
0x803F0F3C, 0x3EA07341
0x803F0F44, 0x62B54D41
0x803F0F4C, 0x3EC05428
0x803F0F34, 0x62D63329
0x803F0F3C, 0x3EE0004D
0x803F0F44, 0x62F76F64
0x803F0F4C, 0x3F00656C
0x803F0F34, 0x6318206D
0x803F0F3C, 0x3F200000
0x803F0F44, 0x6339FFFF
0x803F0F4C, 0x3F40FFFF
0x803F0F34, 0x635AFFFF
0x803F0F3C, 0x3F60FFFF
0x803F0F44, 0x637BFFFF
0x803F0F4C, 0x3F80FFFF
0x803F0F34, 0x639CFFFF
0x803F0F3C, 0x3FA0FFFF
0x803F0F44, 0x63BDFFFF
0x803F0F4C, 0x3FC03F00
0x803F0F34, 0x63DE0000
0x803F0F3C, 0x3FE00000
0x803F0F44, 0x63FF0000
0x803F0F4C, 0xBE300000
0x803F0F34, 0x60000000
0x803F0F3C, 0x60000000
0x803F0F44, 0x60000000
0x803F0F4C, 0x60000000
0x803F0F34, 0x3A10003C
0x803F0F3C, 0x3E200000
0x803F0F44, 0x62310000
0x803F0F4C, 0x3E400000
0x803F0F34, 0x62520000
0x803F0F3C, 0x3E603F00
0x803F0F44, 0x62730000
0x803F0F4C, 0x3E800000
0x803F0F34, 0x62940000
0x803F0F3C, 0x3EA001FF
0x803F0F44, 0x62B5FFFF
0x803F0F4C, 0x3EC03F00
0x803F0F34, 0x62D60000
0x803F0F3C, 0x3EE00000
0x803F0F44, 0x62F70000
0x803F0F4C, 0x3F000000
0x803F0F34, 0x63180000
0x803F0F3C, 0x3F200000
0x803F0F44, 0x63390000
0x803F0F4C, 0x3F403F00
0x803F0F34, 0x635A0000
0x803F0F3C, 0x3F600000
0x803F0F44, 0x637B0000
0x803F0F4C, 0x3F8001FF
0x803F0F34, 0x639CFFFF
0x803F0F3C, 0x3FA03F00
0x803F0F44, 0x63BD0000
0x803F0F4C, 0x3FC00000
0x803F0F34, 0x63DE0000
0x803F0F3C, 0x3FE00000
0x803F0F44, 0x63FF0000
0x803F0F4C, 0xBE300000
0x803F0F34, 0x60000000
0x803F0F3C, 0x60000000
0x803F0F44, 0x60000000
0x803F0F4C, 0x60000000
0x803F0F34, 0x3A10003C
0x803F0F3C, 0x3E200000
0x803F0F44, 0x62310000
0x803F0F4C, 0x3E403F00
0x803F0F34, 0x62520000
0x803F0F3C, 0x3E600000
0x803F0F44, 0x62730000
0x803F0F4C, 0x3E8001FF
0x803F0F34, 0x6294FFFF
0x803F0F3C, 0x3EA00000
0x803F0F44, 0x62B5FFFF
0x803F0F4C, 0x3EC00000
0x803F0F34, 0x62D6FFFF
0x803F0F3C, 0x3EE00000
0x803F0F44, 0x62F7FFFF
0x803F0F4C, 0x3F000000
0x803F0F34, 0x6318FFFF
0x803F0F3C, 0x3F200000
0x803F0F44, 0x63390000
0x803F0F4C, 0x3F400000
0x803F0F34, 0x635A0000
0x803F0F3C, 0x3F6000FF
0x803F0F44, 0x637BFFFF
0x803F0F4C, 0x3F800000
0x803F0F34, 0x639C0000
0x803F0F3C, 0x3FA00000
0x803F0F44, 0x63BD0000
0x803F0F4C, 0x3FC000FF
0x803F0F34, 0x63DEFFFF
0x803F0F3C, 0x3FE00000
0x803F0F44, 0x63FF0000
0x803F0F4C, 0xBE300000
0x803F0F34, 0x60000000
0x803F0F3C, 0x60000000
0x803F0F44, 0x60000000
0x803F0F4C, 0x60000000
0x803F0F34, 0x3A10003C
0x803F0F3C, 0x3E200000
0x803F0F44, 0x62310000
0x803F0F4C, 0x3E4000FF
0x803F0F34, 0x6252FFFF
0x803F0F3C, 0x3E600000
0x803F0F44, 0x62730000
0x803F0F4C, 0x3E800000
0x803F0F34, 0x62940000
0x803F0F3C, 0x3EA000FF
0x803F0F44, 0x62B5FFFF
0x803F0F4C, 0x3EC00000
0x803F0F34, 0x62D60000
0x803F0F3C, 0x3EE00000
0x803F0F44, 0x62F70000
0x803F0F4C, 0x3F0000FF
0x803F0F34, 0x6318FFFF
0x803F0F3C, 0x3F200000
0x803F0F44, 0x63390000
0x803F0F4C, 0x3F400000
0x803F0F34, 0x635A0000
0x803F0F3C, 0x3F6000FF
0x803F0F44, 0x637BFFFF
0x803F0F4C, 0x3F800000
0x803F0F34, 0x639C0000
0x803F0F3C, 0x3FA00000
0x803F0F44, 0x63BD0000
0x803F0F4C, 0x3FC000FF
0x803F0F34, 0x63DEFFFF
0x803F0F3C, 0x3FE00000
0x803F0F44, 0x63FF0000
0x803F0F4C, 0xBE300000
0x803F0F34, 0x60000000
0x803F0F3C, 0x60000000
0x803F0F44, 0x60000000
0x803F0F4C, 0x60000000
0x803F0F34, 0x3A10003C
0x803F0F3C, 0x3E200000
0x803F0F44, 0x62310000
0x803F0F4C, 0x3E4000FF
0x803F0F34, 0x6252FFFF
0x803F0F3C, 0x3E600000
0x803F0F44, 0x62730000
0x803F0F4C, 0x3E800000
0x803F0F34, 0x62940000
0x803F0F3C, 0x3EA000FF
0x803F0F44, 0x62B5FFFF
0x803F0F4C, 0x3EC00000
0x803F0F34, 0x62D60000
0x803F0F3C, 0x3EE00000
0x803F0F44, 0x62F70000
0x803F0F4C, 0x3F0000FF
0x803F0F34, 0x6318FFFF
0x803F0F3C, 0x3F200000
0x803F0F44, 0x63390000
0x803F0F4C, 0x3F400000
0x803F0F34, 0x635A0000
0x803F0F3C, 0x3F6000FF
0x803F0F44, 0x637BFFFF
0x803F0F4C, 0x3F800000
0x803F0F34, 0x639C0000
0x803F0F3C, 0x3FA00000
0x803F0F44, 0x63BD0000
0x803F0F4C, 0x3FC000FF
0x803F0F34, 0x63DEFFFF
0x803F0F3C, 0x3FE00000
0x803F0F44, 0x63FF0000
0x803F0F4C, 0xBE300000
0x803F0F34, 0x60000000
0x803F0F3C, 0x60000000
0x803F0F44, 0x60000000
0x803F0F4C, 0x60000000
0x803F0F34, 0x3A10003C
0x803F0F3C, 0x3E200000
0x803F0F44, 0x62310000
0x803F0F4C, 0x3E4000FF
0x803F0F34, 0x6252FFFF
0x803F0F3C, 0x3E600000
0x803F0F44, 0x62730000
0x803F0F4C, 0x3E800000
0x803F0F34, 0x62940000
0x803F0F3C, 0x3EA000FF
0x803F0F44, 0x62B5FFFF
0x803F0F4C, 0x3EC00000
0x803F0F34, 0x62D60000
0x803F0F3C, 0x3EE00000
0x803F0F44, 0x62F70000
0x803F0F4C, 0x3F0000FF
0x803F0F34, 0x6318FFFF
0x803F0F3C, 0x3F200000
0x803F0F44, 0x63390000
0x803F0F4C, 0x3F400000
0x803F0F34, 0x635A0000
0x803F0F3C, 0x3F6000FF
0x803F0F44, 0x637BFFFF
0x803F0F4C, 0x3F800000
0x803F0F34, 0x639CFFFF
0x803F0F3C, 0x3FA0FFFF
0x803F0F44, 0x63BDFFFF
0x803F0F4C, 0x3FC0FFFF
0x803F0F34, 0x63DEFFFF
0x803F0F3C, 0x3FE0FFFF
0x803F0F44, 0x63FFFFFF
0x803F0F4C, 0xBE300000
0x803F0F34, 0x60000000
0x803F0F3C, 0x60000000
0x803F0F44, 0x60000000
0x803F0F4C, 0x60000000
0x803F0F34, 0x3A10003C
0x803F0F3C, 0x3E20FFFF
0x803F0F44, 0x6231FFFF
0x803F0F4C, 0x3E403F00
0x803F0F34, 0x62520000
0x803F0F3C, 0x3E600000
0x803F0F44, 0x62730000
0x803F0F4C, 0x3E800000
0x803F0F34, 0x62940000
0x803F0F3C, 0x3EA00000
0x803F0F44, 0x62B50000
0x803F0F4C, 0x3EC03F00
0x803F0F34, 0x62D60000
0x803F0F3C, 0x3EE00000
0x803F0F44, 0x62F70000
0x803F0F4C, 0x3F0001FF
0x803F0F34, 0x6318FFFF
0x803F0F3C, 0x3F203F00
0x803F0F44, 0x63390000
0x803F0F4C, 0x3F400000
0x803F0F34, 0x635A0000
0x803F0F3C, 0x3F600000
0x803F0F44, 0x637B0000
0x803F0F4C, 0x3F800000
0x803F0F34, 0x639C0000
0x803F0F3C, 0x3FA03F00
0x803F0F44, 0x63BD0000
0x803F0F4C, 0x3FC00000
0x803F0F34, 0x63DE0000
0x803F0F3C, 0x3FE001FF
0x803F0F44, 0x63FFFFFF
0x803F0F4C, 0xBE300000
0x803F0F34, 0x60000000
0x803F0F3C, 0x60000000
0x803F0F44, 0x60000000
0x803F0F4C, 0x60000000
0x803F0F34, 0x3A10003C
0x803F0F3C, 0x3E203F00
0x803F0F44, 0x62310000
0x803F0F4C, 0x3E400000
0x803F0F34, 0x62520000
0x803F0F3C, 0x3E600000
0x803F0F44, 0x62730000
0x803F0F4C, 0x3E800000
0x803F0F34, 0x62940000
0x803F0F3C, 0x3EA03F00
0x803F0F44, 0x62B50000
0x803F0F4C, 0x3EC00000
0x803F0F34, 0x62D60000
0x803F0F3C, 0x3EE001FF
0x803F0F44, 0x62F7FFFF
0x803F0F4C, 0x3F000000
0x803F0F34, 0x6318FFFF
0x803F0F3C, 0x3F200000
0x803F0F44, 0x6339FFFF
0x803F0F4C, 0x3F400000
0x803F0F34, 0x635AFFFF
0x803F0F3C, 0x3F600000
0x803F0F44, 0x637BFFFF
0x803F0F4C, 0x3F800000
0x803F0F34, 0x639C0000
0x803F0F3C, 0x3FA00000
0x803F0F44, 0x63BD0000
0x803F0F4C, 0x3FC000FF
0x803F0F34, 0x63DEFFFF
0x803F0F3C, 0x3FE00000
0x803F0F44, 0x63FF0000
0x803F0F4C, 0xBE300000
0x803F0F34, 0x60000000
0x803F0F3C, 0x60000000
0x803F0F44, 0x60000000
0x803F0F4C, 0x60000000
0x803F0F34, 0x3A10003C
0x803F0F3C, 0x3E200000
0x803F0F44, 0x62310000
0x803F0F4C, 0x3E4000FF
0x803F0F34, 0x6252FFFF
0x803F0F3C, 0x3E600000
0x803F0F44, 0x62730000
0x803F0F4C, 0x3E800000
0x803F0F34, 0x62940000
0x803F0F3C, 0x3EA000FF
0x803F0F44, 0x62B5FFFF
0x803F0F4C, 0x3EC00000
0x803F0F34, 0x62D60000
0x803F0F3C, 0x3EE00000
0x803F0F44, 0x62F70000
0x803F0F4C, 0x3F0000FF
0x803F0F34, 0x6318FFFF
0x803F0F3C, 0x3F200000
0x803F0F44, 0x63390000
0x803F0F4C, 0x3F400000
0x803F0F34, 0x635A0000
0x803F0F3C, 0x3F6000FF
0x803F0F44, 0x637BFFFF
0x803F0F4C, 0x3F800000
0x803F0F34, 0x639C0000
0x803F0F3C, 0x3FA00000
0x803F0F44, 0x63BD0000
0x803F0F4C, 0x3FC000FF
0x803F0F34, 0x63DEFFFF
0x803F0F3C, 0x3FE00000
0x803F0F44, 0x63FF0000
0x803F0F4C, 0xBE300000
0x803F0F34, 0x60000000
0x803F0F3C, 0x60000000
0x803F0F44, 0x60000000
0x803F0F4C, 0x60000000
0x803F0F34, 0x3A10003C
0x803F0F3C, 0x3E200000
0x803F0F44, 0x62310000
0x803F0F4C, 0x3E4000FF
0x803F0F34, 0x6252FFFF
0x803F0F3C, 0x3E600000
0x803F0F44, 0x62730000
0x803F0F4C, 0x3E800000
0x803F0F34, 0x62940000
0x803F0F3C, 0x3EA000FF
0x803F0F44, 0x62B5FFFF
0x803F0F4C, 0x3EC00000
0x803F0F34, 0x62D60000
0x803F0F3C, 0x3EE00000
0x803F0F44, 0x62F70000
0x803F0F4C, 0x3F0000FF
0x803F0F34, 0x6318FFFF
0x803F0F3C, 0x3F200000
0x803F0F44, 0x63390000
0x803F0F4C, 0x3F400000
0x803F0F34, 0x635A0000
0x803F0F3C, 0x3F6000FF
0x803F0F44, 0x637BFFFF
0x803F0F4C, 0x3F800000
0x803F0F34, 0x639C0000
0x803F0F3C, 0x3FA00000
0x803F0F44, 0x63BD0000
0x803F0F4C, 0x3FC000FF
0x803F0F34, 0x63DEFFFF
0x803F0F3C, 0x3FE00000
0x803F0F44, 0x63FF0000
0x803F0F4C, 0xBE300000
0x803F0F34, 0x60000000
0x803F0F3C, 0x60000000
0x803F0F44, 0x60000000
0x803F0F4C, 0x60000000
0x803F0F34, 0x3A10003C
0x803F0F3C, 0x3E200000
0x803F0F44, 0x62310000
0x803F0F4C, 0x3E4000FF
0x803F0F34, 0x6252FFFF
0x803F0F3C, 0x3E600000
0x803F0F44, 0x62730000
0x803F0F4C, 0x3E800000
0x803F0F34, 0x62940000
0x803F0F3C, 0x3EA000FF
0x803F0F44, 0x62B5FFFF
0x803F0F4C, 0x3EC00000
0x803F0F34, 0x62D60000
0x803F0F3C, 0x3EE00000
0x803F0F44, 0x62F70000
0x803F0F4C, 0x3F0000FF
0x803F0F34, 0x6318FFFF
0x803F0F3C, 0x3F200000
0x803F0F44, 0x63390000
0x803F0F4C, 0x3F400000
0x803F0F34, 0x635A0000
0x803F0F3C, 0x3F6000FF
0x803F0F44, 0x637BFFFF
0x803F0F4C, 0x3F800000
0x803F0F34, 0x639C0000
0x803F0F3C, 0x3FA00000
0x803F0F44, 0x63BD0000
0x803F0F4C, 0x3FC000FF
0x803F0F34, 0x63DEFFFF
0x803F0F3C, 0x3FE00000
0x803F0F44, 0x63FFFFFF
0x803F0F4C, 0xBE300000
0x803F0F34, 0x60000000
0x803F0F3C, 0x60000000
0x803F0F44, 0x60000000
0x803F0F4C, 0x60000000
0x803F0F34, 0x3A10003C
0x803F0F3C, 0x3E20FFFF
0x803F0F44, 0x6231FFFF
0x803F0F4C, 0x3E40FFFF
0x803F0F34, 0x6252FFFF
0x803F0F3C, 0x3E60FFFF
0x803F0F44, 0x6273FFFF
0x803F0F4C, 0x3E80FFFF
0x803F0F34, 0x6294FFFF
0x803F0F3C, 0x3EA03F00
0x803F0F44, 0x62B50000
0x803F0F4C, 0x3EC00000
0x803F0F34, 0x62D60000
0x803F0F3C, 0x3EE00000
0x803F0F44, 0x62F70000
0x803F0F4C, 0x3F000000
0x803F0F34, 0x63180000
0x803F0F3C, 0x3F203F00
0x803F0F44, 0x63390000
0x803F0F4C, 0x3F400000
0x803F0F34, 0x635A0000
0x803F0F3C, 0x3F6001FF
0x803F0F44, 0x637BFFFF
0x803F0F4C, 0x3F803F00
0x803F0F34, 0x639C0000
0x803F0F3C, 0x3FA00000
0x803F0F44, 0x63BD0000
0x803F0F4C, 0x3FC00000
0x803F0F34, 0x63DE0000
0x803F0F3C, 0x3FE00000
0x803F0F44, 0x63FF0000
0x803F0F4C, 0xBE300000
0x803F0F34, 0x60000000
0x803F0F3C, 0x60000000
0x803F0F44, 0x60000000
0x803F0F4C, 0x60000000
0x803F0F34, 0x3A10003C
0x803F0F3C, 0x3E203F00
0x803F0F44, 0x62310000
0x803F0F4C, 0x3E400000
0x803F0F34, 0x62520000
0x803F0F3C, 0x3E6001FF
0x803F0F44, 0x6273FFFF
0x803F0F4C, 0x3E803F00
0x803F0F34, 0x62940000
0x803F0F3C, 0x3EA00000
0x803F0F44, 0x62B50000
0x803F0F4C, 0x3EC00000
0x803F0F34, 0x62D60000
0x803F0F3C, 0x3EE00000
0x803F0F44, 0x62F70000
0x803F0F4C, 0x3F003F00
0x803F0F34, 0x63180000
0x803F0F3C, 0x3F200000
0x803F0F44, 0x63390000
0x803F0F4C, 0x3F4001FF
0x803F0F34, 0x635AFFFF
0x803F0F3C, 0x3F600000
0x803F0F44, 0x637BFFFF
0x803F0F4C, 0x3F800000
0x803F0F34, 0x639CFFFF
0x803F0F3C, 0x3FA00000
0x803F0F44, 0x63BDFFFF
0x803F0F4C, 0x3FC00000
0x803F0F34, 0x63DEFFFF
0x803F0F3C, 0x3FE00000
0x803F0F44, 0x63FF0000
0x803F0F4C, 0xBE300000
0x803F0F34, 0x60000000
0x803F0F3C, 0x60000000
0x803F0F44, 0x60000000
0x803F0F4C, 0x60000000
0x803F0F34, 0x3A10003C
0x803F0F3C, 0x3E200000
0x803F0F44, 0x62310000
0x803F0F4C, 0x3E4000FF
0x803F0F34, 0x6252FFFF
0x803F0F3C, 0x3E600000
0x803F0F44, 0x62730000
0x803F0F4C, 0x3E800000
0x803F0F34, 0x62940000
0x803F0F3C, 0x3EA000FF
0x803F0F44, 0x62B5FFFF
0x803F0F4C, 0x3EC00000
0x803F0F34, 0x62D60000
0x803F0F3C, 0x3EE00000
0x803F0F44, 0x62F70000
0x803F0F4C, 0x3F0000FF
0x803F0F34, 0x6318FFFF
0x803F0F3C, 0x3F200000
0x803F0F44, 0x63390000
0x803F0F4C, 0x3F400000
0x803F0F34, 0x635A0000
0x803F0F3C, 0x3F6000FF
0x803F0F44, 0x637BFFFF
0x803F0F4C, 0x3F800000
0x803F0F34, 0x639C0000
0x803F0F3C, 0x3FA00000
0x803F0F44, 0x63BD0000
0x803F0F4C, 0x3FC000FF
0x803F0F34, 0x63DEFFFF
0x803F0F3C, 0x3FE00000
0x803F0F44, 0x63FF0000
0x803F0F4C, 0xBE300000
0x803F0F34, 0x60000000
0x803F0F3C, 0x60000000
0x803F0F44, 0x60000000
0x803F0F4C, 0x60000000
0x803F0F34, 0x3A10003C
0x803F0F3C, 0x3E200000
0x803F0F44, 0x62310000
0x803F0F4C, 0x3E4000FF
0x803F0F34, 0x6252FFFF
0x803F0F3C, 0x3E600000
0x803F0F44, 0x62730000
0x803F0F4C, 0x3E800000
0x803F0F34, 0x62940000
0x803F0F3C, 0x3EA000FF
0x803F0F44, 0x62B5FFFF
0x803F0F4C, 0x3EC00000
0x803F0F34, 0x62D60000
0x803F0F3C, 0x3EE00000
0x803F0F44, 0x62F70000
0x803F0F4C, 0x3F0000FF
0x803F0F34, 0x6318FFFF
0x803F0F3C, 0x3F200000
0x803F0F44, 0x63390000
0x803F0F4C, 0x3F400000
0x803F0F34, 0x635A0000
0x803F0F3C, 0x3F6000FF
0x803F0F44, 0x637BFFFF
0x803F0F4C, 0x3F800000
0x803F0F34, 0x639C0000
0x803F0F3C, 0x3FA00000
0x803F0F44, 0x63BD0000
0x803F0F4C, 0x3FC000FF
0x803F0F34, 0x63DEFFFF
0x803F0F3C, 0x3FE00000
0x803F0F44, 0x63FF0000
0x803F0F4C, 0xBE300000
0x803F0F34, 0x60000000
0x803F0F3C, 0x60000000
0x803F0F44, 0x60000000
0x803F0F4C, 0x60000000
0x803F0F34, 0x3A10003C
0x803F0F3C, 0x3E200000
0x803F0F44, 0x62310000
0x803F0F4C, 0x3E4000FF
0x803F0F34, 0x6252FFFF
0x803F0F3C, 0x3E600000
0x803F0F44, 0x62730000
0x803F0F4C, 0x3E800000
0x803F0F34, 0x62940000
0x803F0F3C, 0x3EA000FF
0x803F0F44, 0x62B5FFFF
0x803F0F4C, 0x3EC00000
0x803F0F34, 0x62D60000
0x803F0F3C, 0x3EE00000
0x803F0F44, 0x62F70000
0x803F0F4C, 0x3F0000FF
0x803F0F34, 0x6318FFFF
0x803F0F3C, 0x3F200000
0x803F0F44, 0x63390000
0x803F0F4C, 0x3F400000
0x803F0F34, 0x635A0000
0x803F0F3C, 0x3F6000FF
0x803F0F44, 0x637BFFFF
0x803F0F4C, 0x3F800000
0x803F0F34, 0x639C0000
0x803F0F3C, 0x3FA00000
0x803F0F44, 0x63BD0000
0x803F0F4C, 0x3FC000FF
0x803F0F34, 0x63DEFFFF
0x803F0F3C, 0x3FE00000
0x803F0F44, 0x63FF0000
0x803F0F4C, 0xBE300000
0x803F0F34, 0x60000000
0x803F0F3C, 0x60000000
0x803F0F44, 0x60000000
0x803F0F4C, 0x60000000
0x803F0F34, 0x3A10003C
0x803F0F3C, 0x3E200000
0x803F0F44, 0x62310000
0x803F0F4C, 0x3E4000FF
0x803F0F34, 0x6252FFFF
0x803F0F3C, 0x3E600000
0x803F0F44, 0x62730002
0x803F0F4C, 0x3E80CCCC
0x803F0F34, 0x6294CCFF
0x803F0F3C, 0x3EA0FFFF
0x803F0F44, 0x62B5FFFF
0x803F0F4C, 0x3EC0014D
0x803F0F34, 0x62D66F64
0x803F0F3C, 0x3EE00100
0x803F0F44, 0x62F70302
0x803F0F4C, 0x3F000100
0x803F0F34, 0x6318FFFF
0x803F0F3C, 0x3F200000
0x803F0F44, 0x63390202
0x803F0F4C, 0x3F400100
0x803F0F34, 0x635AFFFF
0x803F0F3C, 0x3F600100
0x803F0F44, 0x637B0001
0x803F0F4C, 0x3F800000
0x803F0F34, 0x639CFFFF
0x803F0F3C, 0x3FA00000
0x803F0F44, 0x63BD0000
0x803F0F4C, 0x3FC00200
0x803F0F34, 0x63DEFFFF
0x803F0F3C, 0x3FE03232
0x803F0F44, 0x63FF3232
0x803F0F4C, 0xBE300000
0x803F0F34, 0x60000000
0x803F0F3C, 0x60000000
0x803F0F44, 0x60000000
0x803F0F4C, 0x60000000
0x803F0F34, 0x3A10003C
0x803F0F3C, 0x3E200000
0x803F0F44, 0x62310000
0x803F0F4C, 0x3E40024D
0x803F0F34, 0x62526F64
0x803F0F3C, 0x3E600104
0x803F0F44, 0x62733CFF
0x803F0F4C, 0x3E800A13
0x803F0F34, 0x62943CFF
0x803F0F3C, 0x3EA00100
0x803F0F44, 0x62B5FFFF
0x803F0F4C, 0x3EC03F00
0x803F0F34, 0x62D60000
0x803F0F3C, 0x3EE03F00
0x803F0F44, 0x62F70000
0x803F0F4C, 0x3F000000
0x803F0F34, 0x63180000
0x803F0F3C, 0x3F203F80
0x803F0F44, 0x63390000
0x803F0F4C, 0x3F403F80
0x803F0F34, 0x635A0000
0x803F0F3C, 0x3F600000
0x803F0F44, 0x637BFFFF
0x803F0F4C, 0x3F800000
0x803F0F34, 0x639C0000
0x803F0F3C, 0x3FA00000
0x803F0F44, 0x63BD0000
0x803F0F4C, 0x3FC03F80
0x803F0F34, 0x63DE0000
0x803F0F3C, 0x3FE00000
0x803F0F44, 0x63FF0000
0x803F0F4C, 0xBE300000
0x803F0F34, 0x60000000
0x803F0F3C, 0x60000000
0x803F0F44, 0x60000000
0x803F0F4C, 0x60000000
0x803F0F34, 0x3A10003C
0x803F0F3C, 0x3E200000
0x803F0F44, 0x62310000
0x803F0F4C, 0x3E400000
0x803F0F34, 0x62520000
0x803F0F3C, 0x3E600000
0x803F0F44, 0x62730000
0x803F0F4C, 0x3E803F80
0x803F0F34, 0x62940000
0x803F0F3C, 0x3EA00000
0x803F0F44, 0x62B50000
0x803F0F4C, 0x3EC00000
0x803F0F34, 0x62D60000
0x803F0F3C, 0x3EE00000
0x803F0F44, 0x62F70000
0x803F0F4C, 0x3F000000
0x803F0F34, 0x63180000
0x803F0F3C, 0x3F203F80
0x803F0F44, 0x63390000
0x803F0F4C, 0x3F400000
0x803F0F34, 0x635A0000
0x803F0F3C, 0x3F600000
0x803F0F44, 0x637B0000
0x803F0F4C, 0x3F800000
0x803F0F34, 0x639C0000
0x803F0F3C, 0x3FA00000
0x803F0F44, 0x63BD0000
0x803F0F4C, 0x3FC03F80
0x803F0F34, 0x63DE0000
0x803F0F3C, 0x3FE00100
0x803F0F44, 0x63FFFFFF
0x803F0F4C, 0xBE300000
0x803F0F34, 0x60000000
0x803F0F3C, 0x60000000
0x803F0F44, 0x60000000
0x803F0F4C, 0x60000000
0x803F0F34, 0x3A10003C
0x803F0F3C, 0x3E203F00
0x803F0F44, 0x62310000
0x803F0F4C, 0x3E403F00
0x803F0F34, 0x62520000
0x803F0F3C, 0x3E603F00
0x803F0F44, 0x62730000
0x803F0F4C, 0x3E803F80
0x803F0F34, 0x62940000
0x803F0F3C, 0x3EA03F80
0x803F0F44, 0x62B50000
0x803F0F4C, 0x3EC00000
0x803F0F34, 0x62D6FFFF
0x803F0F3C, 0x3EE00000
0x803F0F44, 0x62F70000
0x803F0F4C, 0x3F000000
0x803F0F34, 0x63180000
0x803F0F3C, 0x3F203F80
0x803F0F44, 0x63390000
0x803F0F4C, 0x3F400000
0x803F0F34, 0x635A0000
0x803F0F3C, 0x3F600000
0x803F0F44, 0x637B0000
0x803F0F4C, 0x3F800000
0x803F0F34, 0x639C0000
0x803F0F3C, 0x3FA00000
0x803F0F44, 0x63BD0000
0x803F0F4C, 0x3FC03F80
0x803F0F34, 0x63DE0000
0x803F0F3C, 0x3FE00000
0x803F0F44, 0x63FF0000
0x803F0F4C, 0xBE300000
0x803F0F34, 0x60000000
0x803F0F3C, 0x60000000
0x803F0F44, 0x60000000
0x803F0F4C, 0x60000000
0x803F0F34, 0x3A10003C
0x803F0F3C, 0x3E200000
0x803F0F44, 0x62310000
0x803F0F4C, 0x3E400000
0x803F0F34, 0x62520000
0x803F0F3C, 0x3E600000
0x803F0F44, 0x62730000
0x803F0F4C, 0x3E803F80
0x803F0F34, 0x62940000
0x803F0F3C, 0x3EA00000
0x803F0F44, 0x62B50000
0x803F0F4C, 0x3EC00000
0x803F0F34, 0x62D60000
0x803F0F3C, 0x3EE00000
0x803F0F44, 0x62F70000
0x803F0F4C, 0x3F000000
0x803F0F34, 0x63180000
0x803F0F3C, 0x3F203F80
0x803F0F44, 0x63390000
0x803F0F4C, 0x3F400003
0x803F0F34, 0x635A0002
0x803F0F3C, 0x3F600101
0x803F0F44, 0x637BFFFF
0x803F0F4C, 0x3F800000
0x803F0F34, 0x639CFFFF
0x803F0F3C, 0x3FA00080
0x803F0F44, 0x63BD0080
0x803F0F4C, 0x3FC00080
0x803F0F34, 0x63DE00FF
0x803F0F3C, 0x3FE000FF
0x803F0F44, 0x63FF00FF
0x803F0F4C, 0xBE300000
0x803F0F34, 0x60000000
0x803F0F3C, 0x60000000
0x803F0F44, 0x60000000
0x803F0F4C, 0x60000000
0x803F0F34, 0x3A10003C
0x803F0F3C, 0x3E2000FF
0x803F0F44, 0x623100FF
0x803F0F4C, 0x3E400000
0x803F0F34, 0x62520000
0x803F0F3C, 0x3E600000
0x803F0F44, 0x62730000
0x803F0F4C, 0x3E80FFFF
0x803F0F34, 0x6294FFFF
0x803F0F3C, 0x3EA0A05A
0x803F0F44, 0x62B500FF
0x803F0F4C, 0x3EC0034D
0x803F0F34, 0x62D66F64
0x803F0F3C, 0x3EE0FF02
0x803F0F44, 0x62F70E08
0x803F0F4C, 0x3F000F00
0x803F0F34, 0x63180000
0x803F0F3C, 0x3F200100
0x803F0F44, 0x63390707
0x803F0F4C, 0x3F400707
0x803F0F34, 0x635A0000
0x803F0F3C, 0x3F600001
0x803F0F44, 0x637B00FF
0x803F0F4C, 0x3F80FF0F
0x803F0F34, 0x639C0800
0x803F0F3C, 0x3FA00F00
0x803F0F44, 0x63BD0000
0x803F0F4C, 0x3FC00100
0x803F0F34, 0x63DE0706
0x803F0F3C, 0x3FE00407
0x803F0F44, 0x63FF0000
0x803F0F4C, 0xBE300000
0x803F0F34, 0x60000000
0x803F0F3C, 0x60000000
0x803F0F44, 0x60000000
0x803F0F4C, 0x60000000
0x803F0F34, 0x3A10003C
0x803F0F3C, 0x3E200001
0x803F0F44, 0x623100FF
0x803F0F4C, 0x3E40FF0F
0x803F0F34, 0x62520E08
0x803F0F3C, 0x3E600000
0x803F0F44, 0x62730000
0x803F0F4C, 0x3E800100
0x803F0F34, 0x62940007
0x803F0F3C, 0x3EA00707
0x803F0F44, 0x62B50000
0x803F0F4C, 0x3EC00001
0x803F0F34, 0x62D600FF
0x803F0F3C, 0x3EE00001
0x803F0F44, 0x62F7FFFF
0x803F0F4C, 0x3F000000
0x803F0F34, 0x6318FFFF
0x803F0F3C, 0x3F200002
0x803F0F44, 0x6339FFFF
0x803F0F4C, 0x3F400001
0x803F0F34, 0x635A0203
0x803F0F3C, 0x3F600000
0x803F0F44, 0x637B0003
0x803F0F4C, 0x3F800101
0x803F0F34, 0x639C0103
0x803F0F3C, 0x3FA00200
0x803F0F44, 0x63BD0140
0x803F0F4C, 0x3FC04120
0x803F0F34, 0x63DE0000
0x803F0F3C, 0x3FE044FA
0x803F0F44, 0x63FF0000
0x803F0F4C, 0xBE300000
0x803F0F34, 0x60000000
0x803F0F3C, 0x60000000
0x803F0F44, 0x60000000
0x803F0F4C, 0x60000000
0x803F0F34, 0x3A10003C
0x803F0F3C, 0x3E204120
0x803F0F44, 0x62310000
0x803F0F4C, 0x3E40461C
0x803F0F34, 0x62524000
0x803F0F3C, 0x3E60FFFF
0x803F0F44, 0x6273FFFF
0x803F0F4C, 0x3E800100
0x803F0F34, 0x62940101
0x803F0F3C, 0x3EA00103
0x803F0F44, 0x62B50106
0x803F0F4C, 0x3EC00109
0x803F0F34, 0x62D6010D
0x803F0F3C, 0x3EE00112
0x803F0F44, 0x62F70117
0x803F0F4C, 0x3F00011D
0x803F0F34, 0x63180124
0x803F0F3C, 0x3F200700
0x803F0F44, 0x63390107
0x803F0F4C, 0x3F4000FF
0x803F0F34, 0x635AFFFF
0x803F0F3C, 0x3F600001
0x803F0F44, 0x637B0003
0x803F0F4C, 0x3F800103
0x803F0F34, 0x639C01FF
0x803F0F3C, 0x3FA0014D
0x803F0F44, 0x63BD6F64
0x803F0F4C, 0x3FC0014D
0x803F0F34, 0x63DE6F64
0x803F0F3C, 0x3FE000FF
0x803F0F44, 0x63FFFFFF
0x803F0F4C, 0xBE300000
0x803F0F34, 0x60000000
0x803F0F3C, 0x60000000
0x803F0F44, 0x60000000
0x803F0F4C, 0x60000000
0x803F0F34, 0x3A10003C
0x803F0F3C, 0x3E203F80
0x803F0F44, 0x62310000
0x803F0F4C, 0x3E403F80
0x803F0F34, 0x62520000
0x803F0F3C, 0x3E603F80
0x803F0F44, 0x62730000
0x803F0F4C, 0x3E804D6F
0x803F0F34, 0x62946465
0x803F0F3C, 0x3EA06C20
0x803F0F44, 0x62B56D61
0x803F0F4C, 0x3EC06465
0x803F0F34, 0x62D62077
0x803F0F3C, 0x3EE06974
0x803F0F44, 0x62F76820
0x803F0F4C, 0x3F005375
0x803F0F34, 0x63187065
0x803F0F3C, 0x3F204D44
0x803F0F44, 0x63394C33
0x803F0F4C, 0x3F400000
0x803F0F34, 0x635A0540
0x803F0F3C, 0x3F600003
0x803F0F44, 0x637BFFFF
0x803F0F4C, 0x3F800000
0x803F0F34, 0x639C0040
0x803F0F3C, 0x3FA00000
0x803F0F44, 0x63BD04E0
0x803F0F4C, 0x3FC00000
0x803F0F34, 0x63DE0510
0x803F0F3C, 0x3FE00000
0x803F0F44, 0x63FF0528
0x803F0F4C, 0xBE300000
0x803F0F34, 0x60000000
0x803F0F3C, 0x60000000
0x803F0F44, 0x60000000
0x803F0F4C, 0x60000000
0x803F0F34, 0x3A10003C
0x803F0F3C, 0x3E200000
0x803F0F44, 0x6231052C
0x803F0F4C, 0x3E400000
0x803F0F34, 0x62520534
0x803F0F3C, 0x3E604D6F
0x803F0F44, 0x62736465
0x803F0F4C, 0x3E806C20
0x803F0F34, 0x62946D61
0x803F0F3C, 0x3EA06465
0x803F0F44, 0x62B52077
0x803F0F4C, 0x3EC06974
0x803F0F34, 0x62D66820
0x803F0F3C, 0x3EE05375
0x803F0F44, 0x62F77065
0x803F0F4C, 0x3F007242
0x803F0F34, 0x63184D44
0x803F0F3C, 0x3F202062
0x803F0F44, 0x63397920
0x803F0F4C, 0x3F400000
0x803F0F34, 0x635A0020
0x803F0F3C, 0x3F600000
0x803F0F44, 0x637B0180
0x803F0F4C, 0x3F800000
0x803F0F34, 0x639C0198
0x803F0F3C, 0x3FA00000
0x803F0F44, 0x63BD0180
0x803F0F4C, 0x3FC00000
0x803F0F34, 0x63DE0310
0x803F0F3C, 0x3FE00000
0x803F0F44, 0x63FF0180
0x803F0F4C, 0xBE300000
0x803F0F34, 0x60000000
0x803F0F3C, 0x60000000
0x803F0F44, 0x60000000
0x803F0F4C, 0x60000000
0x803F0F34, 0x3A10003C
0x803F0F3C, 0x3E204D6F
0x803F0F44, 0x62316465
0x803F0F4C, 0x3E406C20
0x803F0F34, 0x62526D61
0x803F0F3C, 0x3E606194
0x803F0F44, 0x62730000
0x803F0F4C, 0x3E800361
0x803F0F34, 0x629488E0
0x803F0F3C, 0x3EA0FC1F
0x803F0F44, 0x62B56180
0x803F0F4C, 0x3EC00001
0x803F0F34, 0x62D69561
0x803F0F3C, 0x3EE08400
0x803F0F44, 0x62F70000
0x803F0F4C, 0x3F006195
0x803F0F34, 0x63180000
0x803F0F3C, 0x3F200261
0x803F0F44, 0x63398900
0x803F0F4C, 0x3F401C07
0x803F0F34, 0x635A6181
0x803F0F3C, 0x3F600001
0x803F0F44, 0x637B9061
0x803F0F4C, 0x3F808500
0x803F0F34, 0x639C0000
0x803F0F3C, 0x3FA061FE
0x803F0F44, 0x63BD03FF
0x803F0F4C, 0x3FC0FF61
0x803F0F34, 0x63DE3000
0x803F0F3C, 0x3FE0001F
0x803F0F44, 0x63FF6131
0x803F0F4C, 0xBE300000
0x803F0F34, 0x60000000
0x803F0F3C, 0x60000000
0x803F0F44, 0x60000000
0x803F0F4C, 0x60000000
0x803F0F34, 0x3A10003C
0x803F0F3C, 0x3E200000
0x803F0F44, 0x62313F61
0x803F0F4C, 0x3E40FE03
0x803F0F34, 0x6252FFFF
0x803F0F3C, 0x3E606132
0x803F0F44, 0x62730000
0x803F0F4C, 0x3E800761
0x803F0F34, 0x62943300
0x803F0F3C, 0x3EA00007
0x803F0F44, 0x62B56128
0x803F0F4C, 0x3EC03C03
0x803F0F34, 0x62D6C961
0x803F0F3C, 0x3EE02900
0x803F0F44, 0x62F773C9
0x803F0F4C, 0x3F0061E2
0x803F0F34, 0x63180FF0
0x803F0F3C, 0x3F208061
0x803F0F44, 0x6339E308
0x803F0F4C, 0x3F400080
0x803F0F34, 0x635A61E4
0x803F0F3C, 0x3F600FF0
0x803F0F44, 0x637BFF61
0x803F0F4C, 0x3F80E50F
0x803F0F34, 0x639CF0FF
0x803F0F3C, 0x3FA061E6
0x803F0F44, 0x63BD0FF0
0x803F0F4C, 0x3FC0FF61
0x803F0F34, 0x63DEE70F
0x803F0F3C, 0x3FE0F0FF
0x803F0F44, 0x63FF61E0
0x803F0F4C, 0xBE300000
0x803F0F34, 0x60000000
0x803F0F3C, 0x60000000
0x803F0F44, 0x60000000
0x803F0F4C, 0x60000000
0x803F0F34, 0x3A10003C
0x803F0F3C, 0x3E208FF0
0x803F0F44, 0x6231FF61
0x803F0F4C, 0x3E40E18F
0x803F0F34, 0x6252F0FF
0x803F0F3C, 0x3E6061E2
0x803F0F44, 0x62738FF0
0x803F0F4C, 0x3E80A061
0x803F0F34, 0x6294E385
0x803F0F3C, 0x3EA0A000
0x803F0F44, 0x62B561E4
0x803F0F4C, 0x3EC08FF0
0x803F0F34, 0x62D6FF61
0x803F0F3C, 0x3EE0E58F
0x803F0F44, 0x62F7F0FF
0x803F0F4C, 0x3F0061E6
0x803F0F34, 0x63188FF0
0x803F0F3C, 0x3F20FF61
0x803F0F44, 0x6339E78F
0x803F0F4C, 0x3F40F0FF
0x803F0F34, 0x635A61C0
0x803F0F3C, 0x3F60082E
0x803F0F44, 0x637B8F61
0x803F0F4C, 0x3F80C108
0x803F0F34, 0x639CFFF4
0x803F0F3C, 0x3FA06110
0x803F0F44, 0x63BD0000
0x803F0F4C, 0x3FC00061
0x803F0F34, 0x63DEC208
0x803F0F3C, 0x3FE0F80F
0x803F0F44, 0x63FF61C3
0x803F0F4C, 0xBE300000
0x803F0F34, 0x60000000
0x803F0F3C, 0x60000000
0x803F0F44, 0x60000000
0x803F0F4C, 0x60000000
0x803F0F34, 0x3A10003C
0x803F0F3C, 0x3E2008FA
0x803F0F44, 0x62317061
0x803F0F4C, 0x3E401100
0x803F0F34, 0x62520000
0x803F0F3C, 0x3E6061C4
0x803F0F44, 0x627308FE
0x803F0F4C, 0x3E808061
0x803F0F34, 0x6294C508
0x803F0F3C, 0x3EA01FF8
0x803F0F44, 0x62B56112
0x803F0F4C, 0x3EC00000
0x803F0F34, 0x62D60061
0x803F0F3C, 0x3EE0F6FB
0x803F0F44, 0x62F738C4
0x803F0F4C, 0x3F0061F7
0x803F0F34, 0x6318E338
0x803F0F3C, 0x3F20DE61
0x803F0F44, 0x6339F8E3
0x803F0F4C, 0x3F4038C0
0x803F0F34, 0x635A61F9
0x803F0F3C, 0x3F60E338
0x803F0F44, 0x637BCC61
0x803F0F4C, 0x3F80FAE3
0x803F0F34, 0x639C38C5
0x803F0F3C, 0x3FA061FB
0x803F0F44, 0x63BDE338
0x803F0F4C, 0x3FC0CD61
0x803F0F34, 0x63DEFCE3
0x803F0F3C, 0x3FE038C4
0x803F0F44, 0x63FF61FD
0x803F0F4C, 0xBE300000
0x803F0F34, 0x60000000
0x803F0F3C, 0x60000000
0x803F0F44, 0x60000000
0x803F0F4C, 0x60000000
0x803F0F34, 0x3A10003C
0x803F0F3C, 0x3E20E338
0x803F0F44, 0x6231CE61
0x803F0F4C, 0x3E4027FF
0x803F0F34, 0x6252FFFF
0x803F0F3C, 0x3E60610F
0x803F0F44, 0x62730000
0x803F0F4C, 0x3E800061
0x803F0F34, 0x6294F37F
0x803F0F3C, 0x3EA00000
0x803F0F44, 0x62B561FE
0x803F0F4C, 0x3EC0001F
0x803F0F34, 0x62D6E761
0x803F0F3C, 0x3EE04100
0x803F0F44, 0x62F73104
0x803F0F4C, 0x3F006140
0x803F0F34, 0x63180000
0x803F0F3C, 0x3F201761
0x803F0F44, 0x6339FE00
0x803F0F4C, 0x3F400040
0x803F0F34, 0x635A6143
0x803F0F3C, 0x3F600000
0x803F0F44, 0x637B4061
0x803F0F4C, 0x3F80FE07
0x803F0F34, 0x639CFC3F
0x803F0F3C, 0x3FA06100
0x803F0F44, 0x63BD0048
0x803F0F4C, 0x3FC01210
0x803F0F34, 0x63DE0001
0x803F0F3C, 0x3FE01040
0x803F0F44, 0x63FF0000
0x803F0F4C, 0xBE300000
0x803F0F34, 0x60000000
0x803F0F3C, 0x60000000
0x803F0F44, 0x60000000
0x803F0F4C, 0x60000000
0x803F0F34, 0x3A10003C
0x803F0F3C, 0x3E205280
0x803F0F44, 0x62310000
0x803F0F4C, 0x3E405120
0x803F0F34, 0x62521000
0x803F0F3C, 0x3E600110
0x803F0F44, 0x62735000
0x803F0F4C, 0x3E800000
0x803F0F34, 0x62943D00
0x803F0F3C, 0x3EA00000
0x803F0F44, 0x62B53D10
0x803F0F4C, 0x3EC00001
0x803F0F34, 0x62D6100C
0x803F0F3C, 0x3EE0CCCC
0x803F0F44, 0x62F7CCFF
0x803F0F4C, 0x3F00CCCC
0x803F0F34, 0x6318CCFF
0x803F0F3C, 0x3F201000
0x803F0F44, 0x63390110
0x803F0F4C, 0x3F400A32
0x803F0F34, 0x635A3232
0x803F0F3C, 0x3F603200
0x803F0F44, 0x637B0000
0x803F0F4C, 0x3F800010
0x803F0F34, 0x639C0003
0x803F0F3C, 0x3FA0100E
0x803F0F44, 0x63BD0000
0x803F0F4C, 0x3FC0070E
0x803F0F34, 0x63DE0000
0x803F0F3C, 0x3FE00202
0x803F0F44, 0x63FF0000
0x803F0F4C, 0xBE300000
0x803F0F34, 0x60000000
0x803F0F3C, 0x60000000
0x803F0F44, 0x60000000
0x803F0F4C, 0x60000000
0x803F0F34, 0x3A10003C
0x803F0F3C, 0x3E200708
0x803F0F44, 0x62310000
0x803F0F4C, 0x3E400400
0x803F0F34, 0x62521000
0x803F0F3C, 0x3E600010
0x803F0F44, 0x62730900
0x803F0F4C, 0x3E800000
0x803F0F34, 0x62940110
0x803F0F3C, 0x3EA00000
0x803F0F44, 0x62B5103F
0x803F0F4C, 0x3EC00000
0x803F0F34, 0x62D60002
0x803F0F3C, 0x3EE00000
0x803F0F44, 0x62F70000
0x803F0F4C, 0x3F000000
0x803F0F34, 0x63180000
0x803F0F3C, 0x3F206194
0x803F0F44, 0x63390000
0x803F0F4C, 0x3F400361
0x803F0F34, 0x635A88E0
0x803F0F3C, 0x3F60FC1F
0x803F0F44, 0x637B6180
0x803F0F4C, 0x3F800001
0x803F0F34, 0x639C9561
0x803F0F3C, 0x3FA08400
0x803F0F44, 0x63BD0000
0x803F0F4C, 0x3FC06195
0x803F0F34, 0x63DE0000
0x803F0F3C, 0x3FE00261
0x803F0F44, 0x63FF8900
0x803F0F4C, 0xBE300000
0x803F0F34, 0x60000000
0x803F0F3C, 0x60000000
0x803F0F44, 0x60000000
0x803F0F4C, 0x60000000
0x803F0F34, 0x3A10003C
0x803F0F3C, 0x3E201C07
0x803F0F44, 0x62316181
0x803F0F4C, 0x3E400001
0x803F0F34, 0x62529061
0x803F0F3C, 0x3E608500
0x803F0F44, 0x62730000
0x803F0F4C, 0x3E8061FE
0x803F0F34, 0x629403FF
0x803F0F3C, 0x3EA0FF61
0x803F0F44, 0x62B53000
0x803F0F4C, 0x3EC0001F
0x803F0F34, 0x62D66131
0x803F0F3C, 0x3EE00000
0x803F0F44, 0x62F73F61
0x803F0F4C, 0x3F00FE03
0x803F0F34, 0x6318FFFF
0x803F0F3C, 0x3F206132
0x803F0F44, 0x63390000
0x803F0F4C, 0x3F400761
0x803F0F34, 0x635A3300
0x803F0F3C, 0x3F600007
0x803F0F44, 0x637B6128
0x803F0F4C, 0x3F803C03
0x803F0F34, 0x639CC961
0x803F0F3C, 0x3FA02900
0x803F0F44, 0x63BD73C9
0x803F0F4C, 0x3FC061E2
0x803F0F34, 0x63DE0FF0
0x803F0F3C, 0x3FE08061
0x803F0F44, 0x63FFE308
0x803F0F4C, 0xBE300000
0x803F0F34, 0x60000000
0x803F0F3C, 0x60000000
0x803F0F44, 0x60000000
0x803F0F4C, 0x60000000
0x803F0F34, 0x3A10003C
0x803F0F3C, 0x3E200080
0x803F0F44, 0x623161E4
0x803F0F4C, 0x3E400FF0
0x803F0F34, 0x6252FF61
0x803F0F3C, 0x3E60E50F
0x803F0F44, 0x6273F0FF
0x803F0F4C, 0x3E8061E6
0x803F0F34, 0x62940FF0
0x803F0F3C, 0x3EA0FF61
0x803F0F44, 0x62B5E70F
0x803F0F4C, 0x3EC0F0FF
0x803F0F34, 0x62D661E0
0x803F0F3C, 0x3EE08FF0
0x803F0F44, 0x62F7FF61
0x803F0F4C, 0x3F00E18F
0x803F0F34, 0x6318F0FF
0x803F0F3C, 0x3F2061E2
0x803F0F44, 0x63398FF0
0x803F0F4C, 0x3F40A061
0x803F0F34, 0x635AE385
0x803F0F3C, 0x3F60A000
0x803F0F44, 0x637B61E4
0x803F0F4C, 0x3F808FF0
0x803F0F34, 0x639CFF61
0x803F0F3C, 0x3FA0E58F
0x803F0F44, 0x63BDF0FF
0x803F0F4C, 0x3FC061E6
0x803F0F34, 0x63DE8FF0
0x803F0F3C, 0x3FE0FF61
0x803F0F44, 0x63FFE78F
0x803F0F4C, 0xBE300000
0x803F0F34, 0x60000000
0x803F0F3C, 0x60000000
0x803F0F44, 0x60000000
0x803F0F4C, 0x60000000
0x803F0F34, 0x3A10003C
0x803F0F3C, 0x3E20F0FF
0x803F0F44, 0x623161C0
0x803F0F4C, 0x3E40082E
0x803F0F34, 0x62528F61
0x803F0F3C, 0x3E60C108
0x803F0F44, 0x6273FFF4
0x803F0F4C, 0x3E806110
0x803F0F34, 0x62940000
0x803F0F3C, 0x3EA00061
0x803F0F44, 0x62B5C208
0x803F0F4C, 0x3EC0F80F
0x803F0F34, 0x62D661C3
0x803F0F3C, 0x3EE008FA
0x803F0F44, 0x62F77061
0x803F0F4C, 0x3F001100
0x803F0F34, 0x63180000
0x803F0F3C, 0x3F2061C4
0x803F0F44, 0x633908FE
0x803F0F4C, 0x3F408061
0x803F0F34, 0x635AC508
0x803F0F3C, 0x3F601FF8
0x803F0F44, 0x637B6112
0x803F0F4C, 0x3F800000
0x803F0F34, 0x639C0061
0x803F0F3C, 0x3FA0F6FB
0x803F0F44, 0x63BD38C4
0x803F0F4C, 0x3FC061F7
0x803F0F34, 0x63DEE338
0x803F0F3C, 0x3FE0DE61
0x803F0F44, 0x63FFF8E3
0x803F0F4C, 0xBE300000
0x803F0F34, 0x60000000
0x803F0F3C, 0x60000000
0x803F0F44, 0x60000000
0x803F0F4C, 0x60000000
0x803F0F34, 0x3A10003C
0x803F0F3C, 0x3E2038C0
0x803F0F44, 0x623161F9
0x803F0F4C, 0x3E40E338
0x803F0F34, 0x6252CC61
0x803F0F3C, 0x3E60FAE3
0x803F0F44, 0x627338C5
0x803F0F4C, 0x3E8061FB
0x803F0F34, 0x6294E338
0x803F0F3C, 0x3EA0CD61
0x803F0F44, 0x62B5FCE3
0x803F0F4C, 0x3EC038C4
0x803F0F34, 0x62D661FD
0x803F0F3C, 0x3EE0E338
0x803F0F44, 0x62F7CE61
0x803F0F4C, 0x3F0027FF
0x803F0F34, 0x6318FFFF
0x803F0F3C, 0x3F20610F
0x803F0F44, 0x63390000
0x803F0F4C, 0x3F400061
0x803F0F34, 0x635AF37F
0x803F0F3C, 0x3F600000
0x803F0F44, 0x637B61FE
0x803F0F4C, 0x3F80001F
0x803F0F34, 0x639CE761
0x803F0F3C, 0x3FA04100
0x803F0F44, 0x63BD3104
0x803F0F4C, 0x3FC06140
0x803F0F34, 0x63DE0000
0x803F0F3C, 0x3FE01761
0x803F0F44, 0x63FFFE00
0x803F0F4C, 0xBE300000
0x803F0F34, 0x60000000
0x803F0F3C, 0x60000000
0x803F0F44, 0x60000000
0x803F0F4C, 0x60000000
0x803F0F34, 0x3A10003C
0x803F0F3C, 0x3E200040
0x803F0F44, 0x62316143
0x803F0F4C, 0x3E400000
0x803F0F34, 0x62524061
0x803F0F3C, 0x3E60FE07
0x803F0F44, 0x6273FC3F
0x803F0F4C, 0x3E806100
0x803F0F34, 0x62940048
0x803F0F3C, 0x3EA01210
0x803F0F44, 0x62B50001
0x803F0F4C, 0x3EC01040
0x803F0F34, 0x62D60000
0x803F0F3C, 0x3EE05280
0x803F0F44, 0x62F70000
0x803F0F4C, 0x3F005120
0x803F0F34, 0x63181000
0x803F0F3C, 0x3F200110
0x803F0F44, 0x63395000
0x803F0F4C, 0x3F400000
0x803F0F34, 0x635A3D00
0x803F0F3C, 0x3F600000
0x803F0F44, 0x637B3D10
0x803F0F4C, 0x3F800001
0x803F0F34, 0x639C100C
0x803F0F3C, 0x3FA0FFFF
0x803F0F44, 0x63BDFFFF
0x803F0F4C, 0x3FC0FFFF
0x803F0F34, 0x63DEFFFF
0x803F0F3C, 0x3FE01000
0x803F0F44, 0x63FF0110
0x803F0F4C, 0xBE300000
0x803F0F34, 0x60000000
0x803F0F3C, 0x60000000
0x803F0F44, 0x60000000
0x803F0F4C, 0x60000000
0x803F0F34, 0x3A10003C
0x803F0F3C, 0x3E200A32
0x803F0F44, 0x62313232
0x803F0F4C, 0x3E403200
0x803F0F34, 0x62520000
0x803F0F3C, 0x3E600010
0x803F0F44, 0x62730003
0x803F0F4C, 0x3E80100E
0x803F0F34, 0x62940000
0x803F0F3C, 0x3EA0070E
0x803F0F44, 0x62B50000
0x803F0F4C, 0x3EC00202
0x803F0F34, 0x62D60000
0x803F0F3C, 0x3EE00708
0x803F0F44, 0x62F70000
0x803F0F4C, 0x3F000400
0x803F0F34, 0x63181000
0x803F0F3C, 0x3F200010
0x803F0F44, 0x63390900
0x803F0F4C, 0x3F400000
0x803F0F34, 0x635A0110
0x803F0F3C, 0x3F600000
0x803F0F44, 0x637B103F
0x803F0F4C, 0x3F800000
0x803F0F34, 0x639C0002
0x803F0F3C, 0x3FA00000
0x803F0F44, 0x63BD0000
0x803F0F4C, 0x3FC00000
0x803F0F34, 0x63DE0000
0x803F0F3C, 0x3FE06194
0x803F0F44, 0x63FF0000
0x803F0F4C, 0xBE300000
0x803F0F34, 0x60000000
0x803F0F3C, 0x60000000
0x803F0F44, 0x60000000
0x803F0F4C, 0x60000000
0x803F0F34, 0x3A10003C
0x803F0F3C, 0x3E200361
0x803F0F44, 0x623188E0
0x803F0F4C, 0x3E40FC1F
0x803F0F34, 0x62526180
0x803F0F3C, 0x3E600001
0x803F0F44, 0x62739561
0x803F0F4C, 0x3E808400
0x803F0F34, 0x62940000
0x803F0F3C, 0x3EA06195
0x803F0F44, 0x62B50000
0x803F0F4C, 0x3EC00261
0x803F0F34, 0x62D68900
0x803F0F3C, 0x3EE01C07
0x803F0F44, 0x62F76181
0x803F0F4C, 0x3F000001
0x803F0F34, 0x63189061
0x803F0F3C, 0x3F208500
0x803F0F44, 0x63390000
0x803F0F4C, 0x3F4061FE
0x803F0F34, 0x635A03FF
0x803F0F3C, 0x3F60FF61
0x803F0F44, 0x637B3000
0x803F0F4C, 0x3F80001F
0x803F0F34, 0x639C6131
0x803F0F3C, 0x3FA00000
0x803F0F44, 0x63BD3F61
0x803F0F4C, 0x3FC0FE03
0x803F0F34, 0x63DEFFFF
0x803F0F3C, 0x3FE06132
0x803F0F44, 0x63FF0000
0x803F0F4C, 0xBE300000
0x803F0F34, 0x60000000
0x803F0F3C, 0x60000000
0x803F0F44, 0x60000000
0x803F0F4C, 0x60000000
0x803F0F34, 0x3A10003C
0x803F0F3C, 0x3E200761
0x803F0F44, 0x62313300
0x803F0F4C, 0x3E400007
0x803F0F34, 0x62526128
0x803F0F3C, 0x3E603C03
0x803F0F44, 0x6273C961
0x803F0F4C, 0x3E802900
0x803F0F34, 0x629473C9
0x803F0F3C, 0x3EA061E2
0x803F0F44, 0x62B50FF0
0x803F0F4C, 0x3EC08061
0x803F0F34, 0x62D6E308
0x803F0F3C, 0x3EE00080
0x803F0F44, 0x62F761E4
0x803F0F4C, 0x3F000FF0
0x803F0F34, 0x6318FF61
0x803F0F3C, 0x3F20E50F
0x803F0F44, 0x6339F0FF
0x803F0F4C, 0x3F4061E6
0x803F0F34, 0x635A0FF0
0x803F0F3C, 0x3F60FF61
0x803F0F44, 0x637BE70F
0x803F0F4C, 0x3F80F0FF
0x803F0F34, 0x639C61E0
0x803F0F3C, 0x3FA08FF0
0x803F0F44, 0x63BDFF61
0x803F0F4C, 0x3FC0E18F
0x803F0F34, 0x63DEF0FF
0x803F0F3C, 0x3FE061E2
0x803F0F44, 0x63FF8FF0
0x803F0F4C, 0xBE300000
0x803F0F34, 0x60000000
0x803F0F3C, 0x60000000
0x803F0F44, 0x60000000
0x803F0F4C, 0x60000000
0x803F0F34, 0x3A10003C
0x803F0F3C, 0x3E20A061
0x803F0F44, 0x6231E385
0x803F0F4C, 0x3E40A000
0x803F0F34, 0x625261E4
0x803F0F3C, 0x3E608FF0
0x803F0F44, 0x6273FF61
0x803F0F4C, 0x3E80E58F
0x803F0F34, 0x6294F0FF
0x803F0F3C, 0x3EA061E6
0x803F0F44, 0x62B58FF0
0x803F0F4C, 0x3EC0FF61
0x803F0F34, 0x62D6E78F
0x803F0F3C, 0x3EE0F0FF
0x803F0F44, 0x62F761C0
0x803F0F4C, 0x3F00082E
0x803F0F34, 0x63188F61
0x803F0F3C, 0x3F20C108
0x803F0F44, 0x6339FFF4
0x803F0F4C, 0x3F406110
0x803F0F34, 0x635A0000
0x803F0F3C, 0x3F600061
0x803F0F44, 0x637BC208
0x803F0F4C, 0x3F80F80F
0x803F0F34, 0x639C61C3
0x803F0F3C, 0x3FA008FA
0x803F0F44, 0x63BD7061
0x803F0F4C, 0x3FC01100
0x803F0F34, 0x63DE0000
0x803F0F3C, 0x3FE061C4
0x803F0F44, 0x63FF08FE
0x803F0F4C, 0xBE300000
0x803F0F34, 0x60000000
0x803F0F3C, 0x60000000
0x803F0F44, 0x60000000
0x803F0F4C, 0x60000000
0x803F0F34, 0x3A10003C
0x803F0F3C, 0x3E208061
0x803F0F44, 0x6231C508
0x803F0F4C, 0x3E401FF8
0x803F0F34, 0x62526112
0x803F0F3C, 0x3E600000
0x803F0F44, 0x62730061
0x803F0F4C, 0x3E80F6FB
0x803F0F34, 0x629438C4
0x803F0F3C, 0x3EA061F7
0x803F0F44, 0x62B5E338
0x803F0F4C, 0x3EC0DE61
0x803F0F34, 0x62D6F8E3
0x803F0F3C, 0x3EE038C0
0x803F0F44, 0x62F761F9
0x803F0F4C, 0x3F00E338
0x803F0F34, 0x6318CC61
0x803F0F3C, 0x3F20FAE3
0x803F0F44, 0x633938C5
0x803F0F4C, 0x3F4061FB
0x803F0F34, 0x635AE338
0x803F0F3C, 0x3F60CD61
0x803F0F44, 0x637BFCE3
0x803F0F4C, 0x3F8038C4
0x803F0F34, 0x639C61FD
0x803F0F3C, 0x3FA0E338
0x803F0F44, 0x63BDCE61
0x803F0F4C, 0x3FC027FF
0x803F0F34, 0x63DEFFFF
0x803F0F3C, 0x3FE0610F
0x803F0F44, 0x63FF0000
0x803F0F4C, 0xBE300000
0x803F0F34, 0x60000000
0x803F0F3C, 0x60000000
0x803F0F44, 0x60000000
0x803F0F4C, 0x60000000
0x803F0F34, 0x3A10003C
0x803F0F3C, 0x3E200061
0x803F0F44, 0x6231F37F
0x803F0F4C, 0x3E400000
0x803F0F34, 0x625261FE
0x803F0F3C, 0x3E60001F
0x803F0F44, 0x6273E761
0x803F0F4C, 0x3E804100
0x803F0F34, 0x62943104
0x803F0F3C, 0x3EA06140
0x803F0F44, 0x62B50000
0x803F0F4C, 0x3EC01761
0x803F0F34, 0x62D6FE00
0x803F0F3C, 0x3EE00040
0x803F0F44, 0x62F76143
0x803F0F4C, 0x3F000000
0x803F0F34, 0x63184061
0x803F0F3C, 0x3F20FE07
0x803F0F44, 0x6339FC3F
0x803F0F4C, 0x3F406100
0x803F0F34, 0x635A0048
0x803F0F3C, 0x3F601210
0x803F0F44, 0x637B0001
0x803F0F4C, 0x3F801040
0x803F0F34, 0x639C0000
0x803F0F3C, 0x3FA05280
0x803F0F44, 0x63BD0000
0x803F0F4C, 0x3FC05120
0x803F0F34, 0x63DE1000
0x803F0F3C, 0x3FE00110
0x803F0F44, 0x63FF5000
0x803F0F4C, 0xBE300000
0x803F0F34, 0x60000000
0x803F0F3C, 0x60000000
0x803F0F44, 0x60000000
0x803F0F4C, 0x60000000
0x803F0F34, 0x3A10003C
0x803F0F3C, 0x3E200000
0x803F0F44, 0x62313D00
0x803F0F4C, 0x3E400000
0x803F0F34, 0x62523D10
0x803F0F3C, 0x3E600001
0x803F0F44, 0x6273100C
0x803F0F4C, 0x3E80FFFF
0x803F0F34, 0x6294FFFF
0x803F0F3C, 0x3EA0FFFF
0x803F0F44, 0x62B5FFFF
0x803F0F4C, 0x3EC01000
0x803F0F34, 0x62D60110
0x803F0F3C, 0x3EE00A32
0x803F0F44, 0x62F73232
0x803F0F4C, 0x3F003200
0x803F0F34, 0x63180000
0x803F0F3C, 0x3F200010
0x803F0F44, 0x63390003
0x803F0F4C, 0x3F40100E
0x803F0F34, 0x635A0000
0x803F0F3C, 0x3F60070E
0x803F0F44, 0x637B0000
0x803F0F4C, 0x3F800202
0x803F0F34, 0x639C0000
0x803F0F3C, 0x3FA00708
0x803F0F44, 0x63BD0000
0x803F0F4C, 0x3FC00400
0x803F0F34, 0x63DE1000
0x803F0F3C, 0x3FE00010
0x803F0F44, 0x63FF0900
0x803F0F4C, 0xBE300000
0x803F0F34, 0x60000000
0x803F0F3C, 0x60000000
0x803F0F44, 0x60000000
0x803F0F4C, 0x60000000
0x803F0F34, 0x3A10003C
0x803F0F3C, 0x3E200000
0x803F0F44, 0x62310110
0x803F0F4C, 0x3E400000
0x803F0F34, 0x6252103F
0x803F0F3C, 0x3E600000
0x803F0F44, 0x62730002
0x803F0F4C, 0x3E800000
0x803F0F34, 0x62940000
0x803F0F3C, 0x3EA00000
0x803F0F44, 0x62B50000
0x803F0F4C, 0x3EC00000
0x803F0F34, 0x62D60000
0x803F0F3C, 0x3EE00000
0x803F0F44, 0x62F70000
0x803F0F4C, 0x3F000000
0x803F0F34, 0x63180000
0x803F0F3C, 0x3F200000
0x803F0F44, 0x63390000
0x803F0F4C, 0x3F400000
0x803F0F34, 0x635A0000
0x803F0F3C, 0x3F600000
0x803F0F44, 0x637B0000
0x803F0F4C, 0x3F800000
0x803F0F34, 0x639C0000
0x803F0F3C, 0x3FA00000
0x803F0F44, 0x63BD0000
0x803F0F4C, 0x3FC00000
0x803F0F34, 0x63DE0000
0x803F0F3C, 0x3FE00000
0x803F0F44, 0x63FF0000
0x803F0F4C, 0xBE300000
0x803F0F34, 0x60000000
0x803F0F3C, 0x60000000
0x803F0F44, 0x60000000
0x803F0F4C, 0x60000000
0x803F0F34, 0x3A10003C
0x803F0F3C, 0x3E200000
0x803F0F44, 0x62310000
0x803F0F4C, 0x3E400000
0x803F0F34, 0x62520000
0x803F0F3C, 0x3E600000
0x803F0F44, 0x62730000
0x803F0F4C, 0x3E800000
0x803F0F34, 0x62940000
0x803F0F3C, 0x3EA00000
0x803F0F44, 0x62B50000
0x803F0F4C, 0x3EC00000
0x803F0F34, 0x62D60000
0x803F0F3C, 0x3EE00000
0x803F0F44, 0x62F70000
0x803F0F4C, 0x3F000000
0x803F0F34, 0x63180000
0x803F0F3C, 0x3F200101
0x803F0F44, 0x6339014D
0x803F0F4C, 0x3F400000
0x803F0F34, 0x635A0001
0x803F0F3C, 0x3F600002
0x803F0F44, 0x637B4D6F
0x803F0F4C, 0x3F800000
0x803F0F34, 0x639C4D6F
0x803F0F3C, 0x3FA06465
0x803F0F44, 0x63BD6C20
0x803F0F4C, 0x3FC06D61
0x803F0F34, 0x63DE6465
0x803F0F3C, 0x3FE05445
0x803F0F44, 0x63FF5831
0x803F0F4C, 0xBE300000
0x803F0F34, 0x60000000
0x803F0F3C, 0x60000000
0x803F0F44, 0x60000000
0x803F0F4C, 0x60000000
0x803F0F34, 0x3A10003C
0x803F0F3C, 0x3E200000
0x803F0F44, 0x62310520
0x803F0F4C, 0x3E400004
0x803F0F34, 0x6252FFFF
0x803F0F3C, 0x3E600000
0x803F0F44, 0x62730020
0x803F0F4C, 0x3E800000
0x803F0F34, 0x629404C0
0x803F0F3C, 0x3EA04D6F
0x803F0F44, 0x62B56465
0x803F0F4C, 0x3EC06C20
0x803F0F34, 0x62D66D61
0x803F0F3C, 0x3EE06465
0x803F0F44, 0x62F72077
0x803F0F4C, 0x3F000ECC
0x803F0F34, 0x63180020
0x803F0F3C, 0x3F200040
0x803F0F44, 0x63390101
0x803F0F4C, 0x3F400000
0x803F0F34, 0x635A0000
0x803F0F3C, 0x3F600000
0x803F0F44, 0x637B0080
0x803F0F4C, 0x3F800000
0x803F0F34, 0x639C0000
0x803F0F3C, 0x3FA00101
0x803F0F44, 0x63BD0000
0x803F0F4C, 0x3FC00057
0x803F0F34, 0x63DE0000
0x803F0F3C, 0x3FE00000
0x803F0F44, 0x63FF0080
0x803F0F4C, 0xBE300000
0x803F0F34, 0x60000000
0x803F0F3C, 0x60000000
0x803F0F44, 0x60000000
0x803F0F4C, 0x60000000
0x803F0F34, 0x3A10003C
0x803F0F3C, 0x3E200E00
0x803F0F44, 0x62310020
0x803F0F4C, 0x3E400040
0x803F0F34, 0x62520000
0x803F0F3C, 0x3E600000
0x803F0F44, 0x62730000
0x803F0F4C, 0x3E800000
0x803F0F34, 0x62940060
0x803F0F3C, 0x3EA00000
0x803F0F44, 0x62B50000
0x803F0F4C, 0x3EC00101
0x803F0F34, 0x62D60000
0x803F0F3C, 0x3EE00034
0x803F0F44, 0x62F70000
0x803F0F4C, 0x3F000000
0x803F0F34, 0x63180060
0x803F0F3C, 0x3F200000
0x803F0F44, 0x63390008
0x803F0F4C, 0x3F400008
0x803F0F34, 0x635A0000
0x803F0F3C, 0x3F600000
0x803F0F44, 0x637B0000
0x803F0F4C, 0x3F800000
0x803F0F34, 0x639C0040
0x803F0F3C, 0x3FA00000
0x803F0F44, 0x63BD0000
0x803F0F4C, 0x3FC00101
0x803F0F34, 0x63DE0000
0x803F0F3C, 0x3FE00000
0x803F0F44, 0x63FF0000
0x803F0F4C, 0xBE300000
0x803F0F34, 0x60000000
0x803F0F3C, 0x60000000
0x803F0F44, 0x60000000
0x803F0F4C, 0x60000000
0x803F0F34, 0x3A10003C
0x803F0F3C, 0x3E200000
0x803F0F44, 0x62310440
0x803F0F4C, 0x3E400E00
0x803F0F34, 0x62520020
0x803F0F3C, 0x3E600040
0x803F0F44, 0x62730101
0x803F0F4C, 0x3E800000
0x803F0F34, 0x62940000
0x803F0F3C, 0x3EA00000
0x803F0F44, 0x62B50020
0x803F0F4C, 0x3EC00000
0x803F0F34, 0x62D60000
0x803F0F3C, 0x3EE00101
0x803F0F44, 0x62F70000
0x803F0F4C, 0x3F000000
0x803F0F34, 0x63180000
0x803F0F3C, 0x3F200000
0x803F0F44, 0x63390020
0x803F0F4C, 0x3F409579
0x803F0F34, 0x635A0000
0x803F0F3C, 0x3F600000
0x803F0F44, 0x637B0000
0x803F0F4C, 0x3F809579
0x803F0F34, 0x639C0000
0x803F0F3C, 0x3FA00000
0x803F0F44, 0x63BD0000
0x803F0F4C, 0x3FC09579
0x803F0F34, 0x63DE0000
0x803F0F3C, 0x3FE00000
0x803F0F44, 0x63FF0000
0x803F0F4C, 0xBE300000
0x803F0F34, 0x60000000
0x803F0F3C, 0x60000000
0x803F0F44, 0x60000000
0x803F0F4C, 0x60000000
0x803F0F34, 0x3A10003C
0x803F0F3C, 0x3E209579
0x803F0F44, 0x62310000
0x803F0F4C, 0x3E400000
0x803F0F34, 0x62520000
0x803F0F3C, 0x3E609579
0x803F0F44, 0x62730000
0x803F0F4C, 0x3E800000
0x803F0F34, 0x62940000
0x803F0F3C, 0x3EA09579
0x803F0F44, 0x62B50000
0x803F0F4C, 0x3EC00000
0x803F0F34, 0x62D60000
0x803F0F3C, 0x3EE09579
0x803F0F44, 0x62F70000
0x803F0F4C, 0x3F000000
0x803F0F34, 0x63180000
0x803F0F3C, 0x3F209579
0x803F0F44, 0x63390000
0x803F0F4C, 0x3F400000
0x803F0F34, 0x635A0000
0x803F0F3C, 0x3F609579
0x803F0F44, 0x637B0000
0x803F0F4C, 0x3F800000
0x803F0F34, 0x639C0000
0x803F0F3C, 0x3FA09579
0x803F0F44, 0x63BD0000
0x803F0F4C, 0x3FC00000
0x803F0F34, 0x63DE0000
0x803F0F3C, 0x3FE09579
0x803F0F44, 0x63FF0000
0x803F0F4C, 0xBE300000
0x803F0F34, 0x60000000
0x803F0F3C, 0x60000000
0x803F0F44, 0x60000000
0x803F0F4C, 0x60000000
0x803F0F34, 0x3A10003C
0x803F0F3C, 0x3E200000
0x803F0F44, 0x62310000
0x803F0F4C, 0x3E409579
0x803F0F34, 0x62520000
0x803F0F3C, 0x3E600000
0x803F0F44, 0x62730000
0x803F0F4C, 0x3E809579
0x803F0F34, 0x62940000
0x803F0F3C, 0x3EA00000
0x803F0F44, 0x62B50000
0x803F0F4C, 0x3EC09579
0x803F0F34, 0x62D60000
0x803F0F3C, 0x3EE00000
0x803F0F44, 0x62F70000
0x803F0F4C, 0x3F009579
0x803F0F34, 0x63180000
0x803F0F3C, 0x3F200000
0x803F0F44, 0x63390000
0x803F0F4C, 0x3F409579
0x803F0F34, 0x635A0000
0x803F0F3C, 0x3F600000
0x803F0F44, 0x637B0000
0x803F0F4C, 0x3F809579
0x803F0F34, 0x639C0000
0x803F0F3C, 0x3FA00000
0x803F0F44, 0x63BD0000
0x803F0F4C, 0x3FC09579
0x803F0F34, 0x63DE0000
0x803F0F3C, 0x3FE00000
0x803F0F44, 0x63FF0000
0x803F0F4C, 0xBE300000
0x803F0F34, 0x60000000
0x803F0F3C, 0x60000000
0x803F0F44, 0x60000000
0x803F0F4C, 0x60000000
0x803F0F34, 0x3A10003C
0x803F0F3C, 0x3E209579
0x803F0F44, 0x62310000
0x803F0F4C, 0x3E400000
0x803F0F34, 0x62520000
0x803F0F3C, 0x3E609579
0x803F0F44, 0x62730000
0x803F0F4C, 0x3E800000
0x803F0F34, 0x62940000
0x803F0F3C, 0x3EA09579
0x803F0F44, 0x62B50000
0x803F0F4C, 0x3EC00002
0x803F0F34, 0x62D6090D
0x803F0F3C, 0x3EE09538
0x803F0F44, 0x62F70000
0x803F0F4C, 0x3F002FD5
0x803F0F34, 0x63185555
0x803F0F3C, 0x3F209579
0x803F0F44, 0x63390000
0x803F0F4C, 0x3F402535
0x803F0F34, 0x635A3535
0x803F0F3C, 0x3F60FFFF
0x803F0F44, 0x637B0000
0x803F0F4C, 0x3F805555
0x803F0F34, 0x639C5555
0x803F0F3C, 0x3FA09538
0x803F0F44, 0x63BD0000
0x803F0F4C, 0x3FC0F857
0x803F0F34, 0x63DE5555
0x803F0F3C, 0x3FE09579
0x803F0F44, 0x63FF0000
0x803F0F4C, 0xBE300000
0x803F0F34, 0x60000000
0x803F0F3C, 0x60000000
0x803F0F44, 0x60000000
0x803F0F4C, 0x60000000
0x803F0F34, 0x3A10003C
0x803F0F3C, 0x3E200080
0x803F0F44, 0x62316070
0x803F0F4C, 0x3E40FFFF
0x803F0F34, 0x62520000
0x803F0F3C, 0x3E605555
0x803F0F44, 0x62735555
0x803F0F4C, 0x3E809579
0x803F0F34, 0x62940000
0x803F0F3C, 0x3EA0585C
0x803F0F44, 0x62B55C5C
0x803F0F4C, 0x3EC09579
0x803F0F34, 0x62D60000
0x803F0F3C, 0x3EE00000
0x803F0F44, 0x62F70000
0x803F0F4C, 0x3F009579
0x803F0F34, 0x63180000
0x803F0F3C, 0x3F200000
0x803F0F44, 0x63390000
0x803F0F4C, 0x3F409579
0x803F0F34, 0x635A0000
0x803F0F3C, 0x3F600000
0x803F0F44, 0x637B0000
0x803F0F4C, 0x3F809579
0x803F0F34, 0x639C0000
0x803F0F3C, 0x3FA00000
0x803F0F44, 0x63BD0000
0x803F0F4C, 0x3FC09579
0x803F0F34, 0x63DE0000
0x803F0F3C, 0x3FE00000
0x803F0F44, 0x63FF0000
0x803F0F4C, 0xBE300000
0x803F0F34, 0x60000000
0x803F0F3C, 0x60000000
0x803F0F44, 0x60000000
0x803F0F4C, 0x60000000
0x803F0F34, 0x3A10003C
0x803F0F3C, 0x3E209579
0x803F0F44, 0x62310000
0x803F0F4C, 0x3E400000
0x803F0F34, 0x62520000
0x803F0F3C, 0x3E609579
0x803F0F44, 0x62730000
0x803F0F4C, 0x3E800000
0x803F0F34, 0x62940000
0x803F0F3C, 0x3EA09579
0x803F0F44, 0x62B50000
0x803F0F4C, 0x3EC00000
0x803F0F34, 0x62D60000
0x803F0F3C, 0x3EE09579
0x803F0F44, 0x62F70000
0x803F0F4C, 0x3F003525
0x803F0F34, 0x63180D09
0x803F0F3C, 0x3F20FFFF
0x803F0F44, 0x63390000
0x803F0F4C, 0x3F405555
0x803F0F34, 0x635A5555
0x803F0F3C, 0x3F609579
0x803F0F44, 0x637B7C54
0x803F0F4C, 0x3F800100
0x803F0F34, 0x639C0000
0x803F0F3C, 0x3FA09579
0x803F0F44, 0x63BD0000
0x803F0F4C, 0x3FC0D52F
0x803F0F34, 0x63DE0000
0x803F0F3C, 0x3FE0FFFF
0x803F0F44, 0x63FF0000
0x803F0F4C, 0xBE300000
0x803F0F34, 0x60000000
0x803F0F3C, 0x60000000
0x803F0F44, 0x60000000
0x803F0F4C, 0x60000000
0x803F0F34, 0x3A10003C
0x803F0F3C, 0x3E205555
0x803F0F44, 0x62315555
0x803F0F4C, 0x3E409579
0x803F0F34, 0x62520000
0x803F0F3C, 0x3E605C58
0x803F0F44, 0x62737060
0x803F0F4C, 0x3E809579
0x803F0F34, 0x62940000
0x803F0F3C, 0x3EA057F8
0x803F0F44, 0x62B50000
0x803F0F4C, 0x3EC09579
0x803F0F34, 0x62D67C54
0x803F0F3C, 0x3EE04000
0x803F0F44, 0x62F70000
0x803F0F4C, 0x3F009579
0x803F0F34, 0x63180000
0x803F0F3C, 0x3F200000
0x803F0F44, 0x63390000
0x803F0F4C, 0x3F409579
0x803F0F34, 0x635A0000
0x803F0F3C, 0x3F600000
0x803F0F44, 0x637B0000
0x803F0F4C, 0x3F809579
0x803F0F34, 0x639C0000
0x803F0F3C, 0x3FA00000
0x803F0F44, 0x63BD0000
0x803F0F4C, 0x3FC09579
0x803F0F34, 0x63DE0000
0x803F0F3C, 0x3FE00000
0x803F0F44, 0x63FF0000
0x803F0F4C, 0xBE300000
0x803F0F34, 0x60000000
0x803F0F3C, 0x60000000
0x803F0F44, 0x60000000
0x803F0F4C, 0x60000000
0x803F0F34, 0x3A10003C
0x803F0F3C, 0x3E209579
0x803F0F44, 0x62310000
0x803F0F4C, 0x3E400000
0x803F0F34, 0x62520000
0x803F0F3C, 0x3E609579
0x803F0F44, 0x62730000
0x803F0F4C, 0x3E800000
0x803F0F34, 0x62940000
0x803F0F3C, 0x3EA09579
0x803F0F44, 0x62B504A9
0x803F0F4C, 0x3EC00000
0x803F0F34, 0x62D65555
0x803F0F3C, 0x3EE09579
0x803F0F44, 0x62F704A9
0x803F0F4C, 0x3F000000
0x803F0F34, 0x63185555
0x803F0F3C, 0x3F209579
0x803F0F44, 0x63390000
0x803F0F4C, 0x3F400000
0x803F0F34, 0x635A0000
0x803F0F3C, 0x3F609579
0x803F0F44, 0x637B0000
0x803F0F4C, 0x3F800000
0x803F0F34, 0x639C0000
0x803F0F3C, 0x3FA09579
0x803F0F44, 0x63BD04A9
0x803F0F4C, 0x3FC00000
0x803F0F34, 0x63DE5555
0x803F0F3C, 0x3FE09579
0x803F0F44, 0x63FF04A9
0x803F0F4C, 0xBE300000
0x803F0F34, 0x60000000
0x803F0F3C, 0x60000000
0x803F0F44, 0x60000000
0x803F0F4C, 0x60000000
0x803F0F34, 0x3A10003C
0x803F0F3C, 0x3E200000
0x803F0F44, 0x62315555
0x803F0F4C, 0x3E409579
0x803F0F34, 0x62520000
0x803F0F3C, 0x3E600000
0x803F0F44, 0x62730000
0x803F0F4C, 0x3E809579
0x803F0F34, 0x62940000
0x803F0F3C, 0x3EA00000
0x803F0F44, 0x62B50000
0x803F0F4C, 0x3EC09579
0x803F0F34, 0x62D604A9
0x803F0F3C, 0x3EE00000
0x803F0F44, 0x62F75555
0x803F0F4C, 0x3F009579
0x803F0F34, 0x631804A9
0x803F0F3C, 0x3F200000
0x803F0F44, 0x63395555
0x803F0F4C, 0x3F409579
0x803F0F34, 0x635A0000
0x803F0F3C, 0x3F600000
0x803F0F44, 0x637B0000
0x803F0F4C, 0x3F809579
0x803F0F34, 0x639C0000
0x803F0F3C, 0x3FA00000
0x803F0F44, 0x63BD0000
0x803F0F4C, 0x3FC09579
0x803F0F34, 0x63DE04A9
0x803F0F3C, 0x3FE00000
0x803F0F44, 0x63FF5555
0x803F0F4C, 0xBE300000
0x803F0F34, 0x60000000
0x803F0F3C, 0x60000000
0x803F0F44, 0x60000000
0x803F0F4C, 0x60000000
0x803F0F34, 0x3A10003C
0x803F0F3C, 0x3E209579
0x803F0F44, 0x623104A9
0x803F0F4C, 0x3E400000
0x803F0F34, 0x62525555
0x803F0F3C, 0x3E6004A9
0x803F0F44, 0x62730000
0x803F0F4C, 0x3E800000
0x803F0F34, 0x62940000
0x803F0F3C, 0x3EA004A9
0x803F0F44, 0x62B50000
0x803F0F4C, 0x3EC00000
0x803F0F34, 0x62D60000
0x803F0F3C, 0x3EE004A9
0x803F0F44, 0x62F70000
0x803F0F4C, 0x3F000000
0x803F0F34, 0x63180000
0x803F0F3C, 0x3F2004A9
0x803F0F44, 0x63390000
0x803F0F4C, 0x3F400000
0x803F0F34, 0x635A0000
0x803F0F3C, 0x3F6004A9
0x803F0F44, 0x637B0000
0x803F0F4C, 0x3F800000
0x803F0F34, 0x639C0000
0x803F0F3C, 0x3FA004A9
0x803F0F44, 0x63BD0000
0x803F0F4C, 0x3FC00000
0x803F0F34, 0x63DE0000
0x803F0F3C, 0x3FE004A9
0x803F0F44, 0x63FF0000
0x803F0F4C, 0xBE300000
0x803F0F34, 0x60000000
0x803F0F3C, 0x60000000
0x803F0F44, 0x60000000
0x803F0F4C, 0x60000000
0x803F0F34, 0x3A10003C
0x803F0F3C, 0x3E200000
0x803F0F44, 0x62310000
0x803F0F4C, 0x3E4004A9
0x803F0F34, 0x62520000
0x803F0F3C, 0x3E600000
0x803F0F44, 0x62730000
0x803F0F4C, 0x3E8004A9
0x803F0F34, 0x62940000
0x803F0F3C, 0x3EA00000
0x803F0F44, 0x62B50000
0x803F0F4C, 0x3EC004A9
0x803F0F34, 0x62D60000
0x803F0F3C, 0x3EE00000
0x803F0F44, 0x62F70000
0x803F0F4C, 0x3F0004A9
0x803F0F34, 0x63180000
0x803F0F3C, 0x3F200000
0x803F0F44, 0x63390000
0x803F0F4C, 0x3F4004A9
0x803F0F34, 0x635A0000
0x803F0F3C, 0x3F600000
0x803F0F44, 0x637B0000
0x803F0F4C, 0x3F8004A9
0x803F0F34, 0x639C0000
0x803F0F3C, 0x3FA00000
0x803F0F44, 0x63BD0000
0x803F0F4C, 0x3FC004A9
0x803F0F34, 0x63DE0000
0x803F0F3C, 0x3FE00000
0x803F0F44, 0x63FF0000
0x803F0F4C, 0xBE300000
0x803F0F34, 0x60000000
0x803F0F3C, 0x60000000
0x803F0F44, 0x60000000
0x803F0F4C, 0x60000000
0x803F0F34, 0x3A10003C
0x803F0F3C, 0x3E2004A9
0x803F0F44, 0x62310000
0x803F0F4C, 0x3E400000
0x803F0F34, 0x62520000
0x803F0F3C, 0x3E6004A9
0x803F0F44, 0x62730000
0x803F0F4C, 0x3E800000
0x803F0F34, 0x62940000
0x803F0F3C, 0x3EA004A9
0x803F0F44, 0x62B50000
0x803F0F4C, 0x3EC00000
0x803F0F34, 0x62D60000
0x803F0F3C, 0x3EE004A9
0x803F0F44, 0x62F70000
0x803F0F4C, 0x3F000000
0x803F0F34, 0x63180000
0x803F0F3C, 0x3F2004A9
0x803F0F44, 0x63390000
0x803F0F4C, 0x3F400000
0x803F0F34, 0x635A0000
0x803F0F3C, 0x3F6004A9
0x803F0F44, 0x637B0000
0x803F0F4C, 0x3F800000
0x803F0F34, 0x639C0000
0x803F0F3C, 0x3FA004A9
0x803F0F44, 0x63BD0000
0x803F0F4C, 0x3FC00000
0x803F0F34, 0x63DE0000
0x803F0F3C, 0x3FE004A9
0x803F0F44, 0x63FF0000
0x803F0F4C, 0xBE300000
0x803F0F34, 0x60000000
0x803F0F3C, 0x60000000
0x803F0F44, 0x60000000
0x803F0F4C, 0x60000000
0x803F0F34, 0x3A10003C
0x803F0F3C, 0x3E200000
0x803F0F44, 0x62310000
0x803F0F4C, 0x3E4004A9
0x803F0F34, 0x62520000
0x803F0F3C, 0x3E600000
0x803F0F44, 0x62730000
0x803F0F4C, 0x3E8004A9
0x803F0F34, 0x62940000
0x803F0F3C, 0x3EA00000
0x803F0F44, 0x62B50000
0x803F0F4C, 0x3EC004A9
0x803F0F34, 0x62D60000
0x803F0F3C, 0x3EE00000
0x803F0F44, 0x62F70000
0x803F0F4C, 0x3F0004A9
0x803F0F34, 0x63180000
0x803F0F3C, 0x3F200000
0x803F0F44, 0x63390000
0x803F0F4C, 0x3F4004A9
0x803F0F34, 0x635A0000
0x803F0F3C, 0x3F600000
0x803F0F44, 0x637B0000
0x803F0F4C, 0x3F8004A9
0x803F0F34, 0x639C0000
0x803F0F3C, 0x3FA00000
0x803F0F44, 0x63BD0000
0x803F0F4C, 0x3FC004A9
0x803F0F34, 0x63DE0000
0x803F0F3C, 0x3FE00000
0x803F0F44, 0x63FF0000
0x803F0F4C, 0xBE300000
0x803F0F34, 0x60000000
0x803F0F3C, 0x60000000
0x803F0F44, 0x60000000
0x803F0F4C, 0x60000000
0x803F0F34, 0x3A10003C
0x803F0F3C, 0x3E2004A9
0x803F0F44, 0x62310000
0x803F0F4C, 0x3E400000
0x803F0F34, 0x62520000
0x803F0F3C, 0x3E6004A9
0x803F0F44, 0x62730000
0x803F0F4C, 0x3E800000
0x803F0F34, 0x62940000
0x803F0F3C, 0x3EA004A9
0x803F0F44, 0x62B50000
0x803F0F4C, 0x3EC00000
0x803F0F34, 0x62D60000
0x803F0F3C, 0x3EE0DD88
0x803F0F44, 0x62F704A9
0x803F0F4C, 0x3F005555
0x803F0F34, 0x63185500
0x803F0F3C, 0x3F20DD88
0x803F0F44, 0x633904A9
0x803F0F4C, 0x3F405555
0x803F0F34, 0x635A5500
0x803F0F3C, 0x3F60DD88
0x803F0F44, 0x637B0000
0x803F0F4C, 0x3F800000
0x803F0F34, 0x639C0000
0x803F0F3C, 0x3FA0DD88
0x803F0F44, 0x63BD0000
0x803F0F4C, 0x3FC00000
0x803F0F34, 0x63DE0000
0x803F0F3C, 0x3FE0DD88
0x803F0F44, 0x63FF04A9
0x803F0F4C, 0xBE300000
0x803F0F34, 0x60000000
0x803F0F3C, 0x60000000
0x803F0F44, 0x60000000
0x803F0F4C, 0x60000000
0x803F0F34, 0x3A10003C
0x803F0F3C, 0x3E205555
0x803F0F44, 0x62315500
0x803F0F4C, 0x3E40DD88
0x803F0F34, 0x625204A9
0x803F0F3C, 0x3E605555
0x803F0F44, 0x62735500
0x803F0F4C, 0x3E80DD88
0x803F0F34, 0x62940000
0x803F0F3C, 0x3EA00000
0x803F0F44, 0x62B50000
0x803F0F4C, 0x3EC0DD88
0x803F0F34, 0x62D60000
0x803F0F3C, 0x3EE00000
0x803F0F44, 0x62F70000
0x803F0F4C, 0x3F00DD88
0x803F0F34, 0x631804A9
0x803F0F3C, 0x3F205555
0x803F0F44, 0x63395500
0x803F0F4C, 0x3F40DD88
0x803F0F34, 0x635A04A9
0x803F0F3C, 0x3F605555
0x803F0F44, 0x637B5500
0x803F0F4C, 0x3F80DD88
0x803F0F34, 0x639C0000
0x803F0F3C, 0x3FA00000
0x803F0F44, 0x63BD0000
0x803F0F4C, 0x3FC0DD88
0x803F0F34, 0x63DE0000
0x803F0F3C, 0x3FE00000
0x803F0F44, 0x63FF0000
0x803F0F4C, 0xBE300000
0x803F0F34, 0x60000000
0x803F0F3C, 0x60000000
0x803F0F44, 0x60000000
0x803F0F4C, 0x60000000
0x803F0F34, 0x3A10003C
0x803F0F3C, 0x3E20DD88
0x803F0F44, 0x623104A9
0x803F0F4C, 0x3E405555
0x803F0F34, 0x62525500
0x803F0F3C, 0x3E60DD88
0x803F0F44, 0x627304A9
0x803F0F4C, 0x3E805555
0x803F0F34, 0x62945500
0x803F0F3C, 0x3EA0DD88
0x803F0F44, 0x62B50000
0x803F0F4C, 0x3EC00000
0x803F0F34, 0x62D60000
0x803F0F3C, 0x3EE0DD88
0x803F0F44, 0x62F70000
0x803F0F4C, 0x3F000000
0x803F0F34, 0x63180000
0x803F0F3C, 0x3F20DD88
0x803F0F44, 0x633949C3
0x803F0F4C, 0x3F400055
0x803F0F34, 0x635A5555
0x803F0F3C, 0x3F60DD88
0x803F0F44, 0x637B49C3
0x803F0F4C, 0x3F800055
0x803F0F34, 0x639C5555
0x803F0F3C, 0x3FA049C3
0x803F0F44, 0x63BD0000
0x803F0F4C, 0x3FC00000
0x803F0F34, 0x63DE0000
0x803F0F3C, 0x3FE049C3
0x803F0F44, 0x63FF0000
0x803F0F4C, 0xBE300000
0x803F0F34, 0x60000000
0x803F0F3C, 0x60000000
0x803F0F44, 0x60000000
0x803F0F4C, 0x60000000
0x803F0F34, 0x3A10003C
0x803F0F3C, 0x3E200000
0x803F0F44, 0x62310000
0x803F0F4C, 0x3E40DD88
0x803F0F34, 0x625249C3
0x803F0F3C, 0x3E600055
0x803F0F44, 0x62735555
0x803F0F4C, 0x3E80DD88
0x803F0F34, 0x629449C3
0x803F0F3C, 0x3EA00055
0x803F0F44, 0x62B55555
0x803F0F4C, 0x3EC049C3
0x803F0F34, 0x62D60000
0x803F0F3C, 0x3EE00000
0x803F0F44, 0x62F70000
0x803F0F4C, 0x3F0049C3
0x803F0F34, 0x63180000
0x803F0F3C, 0x3F200000
0x803F0F44, 0x63390000
0x803F0F4C, 0x3F40DD88
0x803F0F34, 0x635A49C3
0x803F0F3C, 0x3F600055
0x803F0F44, 0x637B5555
0x803F0F4C, 0x3F80DD88
0x803F0F34, 0x639C49C3
0x803F0F3C, 0x3FA00055
0x803F0F44, 0x63BD5555
0x803F0F4C, 0x3FC049C3
0x803F0F34, 0x63DE0000
0x803F0F3C, 0x3FE00000
0x803F0F44, 0x63FF0000
0x803F0F4C, 0xBE300000
0x803F0F34, 0x60000000
0x803F0F3C, 0x60000000
0x803F0F44, 0x60000000
0x803F0F4C, 0x60000000
0x803F0F34, 0x3A10003C
0x803F0F3C, 0x3E2049C3
0x803F0F44, 0x62310000
0x803F0F4C, 0x3E400000
0x803F0F34, 0x62520000
0x803F0F3C, 0x3E60DD88
0x803F0F44, 0x627349C3
0x803F0F4C, 0x3E800055
0x803F0F34, 0x62945555
0x803F0F3C, 0x3EA0DD88
0x803F0F44, 0x62B549C3
0x803F0F4C, 0x3EC00055
0x803F0F34, 0x62D65555
0x803F0F3C, 0x3EE049C3
0x803F0F44, 0x62F70000
0x803F0F4C, 0x3F000000
0x803F0F34, 0x63180000
0x803F0F3C, 0x3F2049C3
0x803F0F44, 0x63390000
0x803F0F4C, 0x3F400000
0x803F0F34, 0x635A0000
0x803F0F3C, 0x3F600F0F
0x803F0F44, 0x637B0F0F
0x803F0F4C, 0x3F80FFFF
0x803F0F34, 0x639CFFFF
0x803F0F3C, 0x3FA00F0F
0x803F0F44, 0x63BD0F0F
0x803F0F4C, 0x3FC0FFFF
0x803F0F34, 0x63DEFFFF
0x803F0F3C, 0x3FE00F0F
0x803F0F44, 0x63FF0F0F
0x803F0F4C, 0xBE300000
0x803F0F34, 0x60000000
0x803F0F3C, 0x60000000
0x803F0F44, 0x60000000
0x803F0F4C, 0x60000000
0x803F0F34, 0x3A10003C
0x803F0F3C, 0x3E20FFFF
0x803F0F44, 0x6231FFFF
0x803F0F4C, 0x3E400F0F
0x803F0F34, 0x62520F0F
0x803F0F3C, 0x3E60FFFF
0x803F0F44, 0x6273FFFF
0x803F0F4C, 0x3E800004
0x803F0F34, 0x6294FFFF
0x803F0F3C, 0x3EA05015
0x803F0F44, 0x62B50014
0x803F0F4C, 0x3EC05015
0x803F0F34, 0x62D60021
0x803F0F3C, 0x3EE05EC5
0x803F0F44, 0x62F7002E
0x803F0F4C, 0x3F005015
0x803F0F34, 0x63180037
0x803F0F3C, 0x3F204865
0x803F0F44, 0x63396176
0x803F0F4C, 0x3F407962
0x803F0F34, 0x635A6F6F
0x803F0F3C, 0x3F607473
0x803F0F44, 0x637B4934
0x803F0F4C, 0x3F800048
0x803F0F34, 0x639C6561
0x803F0F3C, 0x3FA07679
0x803F0F44, 0x63BD626F
0x803F0F4C, 0x3FC06F74
0x803F0F34, 0x63DE7349
0x803F0F3C, 0x3FE03400
0x803F0F44, 0x63FF5A42
0x803F0F4C, 0xBE300000
0x803F0F34, 0x60000000
0x803F0F3C, 0x60000000
0x803F0F44, 0x60000000
0x803F0F4C, 0x60000000
0x803F0F34, 0x3A10003C
0x803F0F3C, 0x3E80746F
0x803F0F44, 0x62946F6E
0x803F0F4C, 0x3EA04558
0x803F0F34, 0x62B50048
0x803F0F3C, 0x3EC06561
0x803F0F44, 0x62D67679
0x803F0F4C, 0x3EE0626F
0x803F0F34, 0x62F76F74
0x803F0F3C, 0x3F007349
0x803F0F44, 0x63183400
0x803F0F4C, 0x3F204D6F
0x803F0F34, 0x63396465
0x803F0F3C, 0x3F406C20
0x803F0F44, 0x635A6D61
0x803F0F4C, 0x3F606465
0x803F0F34, 0x637B2077
0x803F0F3C, 0x3F806974
0x803F0F44, 0x639C6820
0x803F0F4C, 0x3FA05375
0x803F0F34, 0x63BD7065
0x803F0F3C, 0x3FC07242
0x803F0F44, 0x63DE4D44
0x803F0F4C, 0x3FE02062
0x803F0F34, 0x63FF7920
0x803F0F3C, 0x60000000
0x803F0F44, 0x60000000
0x803F0F4C, 0xBE900000
0x803F0F34, 0x60000000
0x803F0F3C, 0x60000000
0x803F0F44, 0x60000000
0x803F0F4C, 0x60000000
0x803F0F34, 0x3A100030
0x803F0F3C, 0x60000000
0x803F0F44, 0x60000000
0x803F0F4C, 0x4BF40365
0x803F0F34, 0x60000000
0x803F0F3C, 0x60000000
0x803F0F44, 0x60000000
0x803F0F4C, 0x60000000
0x803F0F34, 0x60000000
0x803F0F3C, 0x60000000
0x803F0F44, 0x60000000
0x803F0F4C, 0x60000000
