0x803F0F34, 3D008033
0x803F0F3C, 61081940
0x803F0F44, 3E005241
0x803F0F4C, 62105243
0x803F0F34, 3E200000
0x803F0F3C, 62316D00
0x803F0F44, 3E400000
0x803F0F4C, 62520020
0x803F0F34, 3E600000
0x803F0F3C, 62730180
0x803F0F44, 3E800000
0x803F0F4C, 62946B60
0x803F0F34, 3EA00000
0x803F0F3C, 62B56B60
0x803F0F44, 3EC00000
0x803F0F4C, 62D60000
0x803F0F34, 3EE00000
0x803F0F3C, 62F70000
0x803F0F44, 3F000000
0x803F0F4C, 63180003
0x803F0F34, 3F200000
0x803F0F3C, 63390020
0x803F0F44, 3F400000
0x803F0F4C, 635A000A
0x803F0F34, 3F600000
0x803F0F3C, 637B0060
0x803F0F44, 3F800000
0x803F0F4C, 639C0040
0x803F0F34, 3FA00000
0x803F0F3C, 63BD0140
0x803F0F44, 3FC0000A
0x803F0F4C, 63DE0100
0x803F0F34, 3FE00000
0x803F0F3C, 63FF0000
0x803F0F44, 0x60000000
0x803F0F4C, BE080000
0x803F0F34, 3D008033
0x803F0F3C, 61081980
0x803F0F44, 3E00524F
0x803F0F4C, 62104F54
0x803F0F34, 3E200000
0x803F0F3C, 62310005
0x803F0F44, 3E40B032
0x803F0F4C, 62520004
0x803F0F34, 3E600000
0x803F0F3C, 62730000
0x803F0F44, 3E804244
0x803F0F4C, 62944C4D
0x803F0F34, 3EA00000
0x803F0F3C, 62B5000D
0x803F0F44, 3EC00F8B
0x803F0F4C, 62D60003
0x803F0F34, 3EE00000
0x803F0F3C, 62F70004
0x803F0F44, 3F004254
0x803F0F4C, 63184B20
0x803F0F34, 3F200000
0x803F0F3C, 6339001C
0x803F0F44, 3F400539
0x803F0F4C, 635A0003
0x803F0F34, 3F600000
0x803F0F3C, 637B0007
0x803F0F44, 3F800000
0x803F0F4C, 639C0000
0x803F0F34, 3FA00000
0x803F0F3C, 63BD0000
0x803F0F44, 3FC00000
0x803F0F4C, 63DE0000
0x803F0F34, 3FE00000
0x803F0F3C, 63FF0000
0x803F0F44, 0x60000000
0x803F0F4C, BE080000
0x803F0F34, 3D008033
0x803F0F3C, 610819C0
0x803F0F44, 3E00FFFF
0x803F0F4C, 62100F8B
0x803F0F34, 3E200200
0x803F0F3C, 6231000D
0x803F0F44, 3E400000
0x803F0F4C, 62520001
0x803F0F34, 3E600000
0x803F0F3C, 62730010
0x803F0F44, 3E800000
0x803F0F4C, 62940000
0x803F0F34, 3EA0FFFF
0x803F0F3C, 62B50539
0x803F0F44, 3EC00200
0x803F0F4C, 62D6001C
0x803F0F34, 3EE00000
0x803F0F3C, 62F70002
0x803F0F44, 3F000000
0x803F0F4C, 63180010
0x803F0F34, 3F200000
0x803F0F3C, 63390000
0x803F0F44, 3F40FFFF
0x803F0F4C, 635A002E
0x803F0F34, 3F600200
0x803F0F3C, 637B0000
0x803F0F44, 3F800000
0x803F0F4C, 639C0000
0x803F0F34, 3FA00000
0x803F0F3C, 63BD0010
0x803F0F44, 3FC00000
0x803F0F4C, 63DE0000
0x803F0F34, 3FE0FFFF
0x803F0F3C, 63FF00B8
0x803F0F44, 0x60000000
0x803F0F4C, BE080000
0x803F0F34, 3D008033
0x803F0F3C, 61081A00
0x803F0F44, 3E000200
0x803F0F4C, 62100002
0x803F0F34, 3E20FFFF
0x803F0F3C, 6231FFFF
0x803F0F44, 3E400000
0x803F0F4C, 62520010
0x803F0F34, 3E600000
0x803F0F3C, 62730000
0x803F0F44, 3E800004
0x803F0F4C, 6294E978
0x803F0F34, 3EA01100
0x803F0F3C, 62B50012
0x803F0F44, 3EC00000
0x803F0F4C, 62D60000
0x803F0F34, 3EE00000
0x803F0F3C, 62F76A20
0x803F0F44, 3F000000
0x803F0F4C, 63180000
0x803F0F34, 3F20FFFF
0x803F0F3C, 6339002E
0x803F0F44, 3F400200
0x803F0F4C, 635A0000
0x803F0F34, 3F600000
0x803F0F3C, 637B0001
0x803F0F44, 3F800000
0x803F0F4C, 639C0010
0x803F0F34, 3FA00000
0x803F0F3C, 63BD0000
0x803F0F44, 3FC0FFFF
0x803F0F4C, 63DE00B8
0x803F0F34, 3FE00200
0x803F0F3C, 63FF0002
0x803F0F44, 0x60000000
0x803F0F4C, BE080000
0x803F0F34, 3D008033
0x803F0F3C, 61081A40
0x803F0F44, 3E000000
0x803F0F4C, 62100000
0x803F0F34, 3E200000
0x803F0F3C, 62310010
0x803F0F44, 3E400000
0x803F0F4C, 62520000
0x803F0F34, 3E600007
0x803F0F3C, 6273E9A7
0x803F0F44, 3E801100
0x803F0F4C, 62940020
0x803F0F34, 3EA00000
0x803F0F3C, 62B56A20
0x803F0F44, 3EC00000
0x803F0F4C, 62D60140
0x803F0F34, 3EE00000
0x803F0F3C, 62F70000
0x803F0F44, 3F00FFFF
0x803F0F4C, 6318002E
0x803F0F34, 3F200200
0x803F0F3C, 63390000
0x803F0F44, 3F400000
0x803F0F4C, 635A0002
0x803F0F34, 3F600000
0x803F0F3C, 637B0010
0x803F0F44, 3F800000
0x803F0F4C, 639C0000
0x803F0F34, 3FA0FFFF
0x803F0F3C, 63BD00B8
0x803F0F44, 3FC00200
0x803F0F4C, 63DE0002
0x803F0F34, 3FE00000
0x803F0F3C, 63FF0000
0x803F0F44, 0x60000000
0x803F0F4C, BE080000
0x803F0F34, 3D008033
0x803F0F3C, 61081A80
0x803F0F44, 3E000000
0x803F0F4C, 62100010
0x803F0F34, 3E200000
0x803F0F3C, 62310000
0x803F0F44, 3E400000
0x803F0F4C, 62520000
0x803F0F34, 3E600000
0x803F0F3C, 62730000
0x803F0F44, 3E800000
0x803F0F4C, 62940000
0x803F0F34, 3EA00000
0x803F0F3C, 62B50000
0x803F0F44, 3EC00000
0x803F0F4C, 62D60000
0x803F0F34, 3EE00000
0x803F0F3C, 62F70000
0x803F0F44, 3F002E00
0x803F0F4C, 63182E2E
0x803F0F34, 3F200061
0x803F0F3C, 63397263
0x803F0F44, 3F406869
0x803F0F4C, 635A7665
0x803F0F34, 3F600062
0x803F0F3C, 637B646C
0x803F0F44, 3F806D00
0x803F0F4C, 639C7662
0x803F0F34, 3FA06F6F
0x803F0F3C, 63BD742E
0x803F0F44, 3FC06264
0x803F0F4C, 63DE6C00
0x803F0F34, 3FE06274
0x803F0F3C, 63FF6B00
0x803F0F44, 0x60000000
0x803F0F4C, BE080000
0x803F0F34, 3D008033
0x803F0F3C, 61081AC0
0x803F0F44, 3E007662
0x803F0F4C, 62106F6F
0x803F0F34, 3E20742E
0x803F0F3C, 62316274
0x803F0F44, 3E406B00
0x803F0F4C, 62520000
0x803F0F34, 3E600000
0x803F0F3C, 62730000
0x803F0F44, 3E800000
0x803F0F4C, 62940000
0x803F0F34, 3EA00000
0x803F0F3C, 62B50000
0x803F0F44, 3EC00000
0x803F0F4C, 62D60000
0x803F0F34, 3EE00000
0x803F0F3C, 62F70000
0x803F0F44, 3F004A33
0x803F0F4C, 63184432
0x803F0F34, 3F206264
0x803F0F3C, 63396C34
0x803F0F44, 3F400000
0x803F0F4C, 635A6A20
0x803F0F34, 3F600000
0x803F0F3C, 637B0009
0x803F0F44, 3F805356
0x803F0F4C, 639C5233
0x803F0F34, 3FA0FFFF
0x803F0F3C, 63BDFFFF
0x803F0F44, 3FC0FFFF
0x803F0F4C, 63DEFFFF
0x803F0F34, 3FE0FFFF
0x803F0F3C, 63FFFFFF
0x803F0F44, 0x60000000
0x803F0F4C, BE080000
0x803F0F34, 3D008033
0x803F0F3C, 61081B00
0x803F0F44, 3E00494E
0x803F0F4C, 62104631
0x803F0F34, 3E200000
0x803F0F3C, 62310060
0x803F0F44, 3E400000
0x803F0F4C, 6252FFFF
0x803F0F34, 3E600000
0x803F0F3C, 62730002
0x803F0F44, 3E800000
0x803F0F4C, 6294021C
0x803F0F34, 3EA00000
0x803F0F3C, 62B50018
0x803F0F44, 3EC00010
0x803F0F4C, 62D60000
0x803F0F34, 3EE00001
0x803F0F3C, 62F70000
0x803F0F44, 3F000010
0x803F0F4C, 63180001
0x803F0F34, 3F200001
0x803F0F3C, 63390000
0x803F0F44, 3F400011
0x803F0F4C, 635A0000
0x803F0F34, 3F600001
0x803F0F3C, 637B0000
0x803F0F44, 3F800012
0x803F0F4C, 639C0000
0x803F0F34, 3FA00001
0x803F0F3C, 63BD0000
0x803F0F44, 3FC00011
0x803F0F4C, 63DE0001
0x803F0F34, 3FE00001
0x803F0F3C, 63FF0000
0x803F0F44, 0x60000000
0x803F0F4C, BE080000
0x803F0F34, 3D008033
0x803F0F3C, 61081B40
0x803F0F44, 3E000012
0x803F0F4C, 62100001
0x803F0F34, 3E200002
0x803F0F3C, 62310000
0x803F0F44, 3E400002
0x803F0F4C, 62520000
0x803F0F34, 3E600002
0x803F0F3C, 62730000
0x803F0F44, 3E800002
0x803F0F4C, 62940000
0x803F0F34, 3EA00002
0x803F0F3C, 62B50000
0x803F0F44, 3EC00000
0x803F0F4C, 62D60000
0x803F0F34, 3EE05468
0x803F0F3C, 62F76973
0x803F0F44, 3F005654
0x803F0F4C, 63185831
0x803F0F34, 3F200000
0x803F0F3C, 63392980
0x803F0F44, 3F400000
0x803F0F4C, 635A0040
0x803F0F34, 3F600000
0x803F0F3C, 637B0080
0x803F0F44, 3F800000
0x803F0F4C, 639C19E0
0x803F0F34, 3FA00000
0x803F0F3C, 63BD0000
0x803F0F44, 3FC00000
0x803F0F4C, 63DE0000
0x803F0F34, 3FE00000
0x803F0F3C, 63FF0000
0x803F0F44, 0x60000000
0x803F0F4C, BE080000
0x803F0F34, 3D008033
0x803F0F3C, 61081B80
0x803F0F44, 3E000000
0x803F0F4C, 621026A0
0x803F0F34, 3E200000
0x803F0F3C, 62310000
0x803F0F44, 3E400000
0x803F0F4C, 62520000
0x803F0F34, 3E600000
0x803F0F3C, 62730000
0x803F0F44, 3E800000
0x803F0F4C, 62940000
0x803F0F34, 3EA00000
0x803F0F3C, 62B50000
0x803F0F44, 3EC00000
0x803F0F4C, 62D60000
0x803F0F34, 3EE00000
0x803F0F3C, 62F70000
0x803F0F44, 3F000000
0x803F0F4C, 63180009
0x803F0F34, 3F200000
0x803F0F3C, 63390001
0x803F0F44, 3F400000
0x803F0F4C, 635A0004
0x803F0F34, 3F6000FF
0x803F0F3C, 637BFFFF
0x803F0F44, 3F800000
0x803F0F4C, 639C000A
0x803F0F34, 3FA00000
0x803F0F3C, 63BD0000
0x803F0F44, 3FC00000
0x803F0F4C, 63DE0003
0x803F0F34, 3FE00EFF
0x803F0F3C, 63FFFFFF
0x803F0F44, 0x60000000
0x803F0F4C, BE080000
0x803F0F34, 3D008033
0x803F0F3C, 61081BC0
0x803F0F44, 3E000000
0x803F0F4C, 6210000D
0x803F0F34, 3E200000
0x803F0F3C, 62310001
0x803F0F44, 3E400000
0x803F0F4C, 62520003
0x803F0F34, 3E6008FF
0x803F0F3C, 6273FFFF
0x803F0F44, 3E800000
0x803F0F4C, 629400FF
0x803F0F34, 3EA00000
0x803F0F3C, 62B50001
0x803F0F44, 3EC00000
0x803F0F4C, 62D60000
0x803F0F34, 3EE000FF
0x803F0F3C, 62F7FFFF
0x803F0F44, 3F00419F
0x803F0F4C, 6318CF85
0x803F0F34, 3F20C132
0x803F0F3C, 6339B27B
0x803F0F44, 3F40C085
0x803F0F4C, 635A22E8
0x803F0F34, 3F60416A
0x803F0F3C, 637B84D7
0x803F0F44, 3F80C132
0x803F0F4C, 639CB27A
0x803F0F34, 3FA0C101
0x803F0F3C, 63BD7408
0x803F0F44, 3FC04109
0x803F0F4C, 63DE0C42
0x803F0F34, 3FE0C132
0x803F0F3C, 63FFB27A
0x803F0F44, 0x60000000
0x803F0F4C, BE080000
0x803F0F34, 3D008033
0x803F0F3C, 61081C00
0x803F0F44, 3E00C0EC
0x803F0F4C, 62103B02
0x803F0F34, 3E2040A2
0x803F0F3C, 62318DE1
0x803F0F44, 3E40C132
0x803F0F4C, 6252B279
0x803F0F34, 3E60C015
0x803F0F3C, 62738149
0x803F0F44, 3E8040C7
0x803F0F4C, 6294C0BE
0x803F0F34, 3EA0C132
0x803F0F3C, 62B5B279
0x803F0F44, 3EC04082
0x803F0F4C, 62D6EF89
0x803F0F34, 3EE04130
0x803F0F3C, 62F7ACD9
0x803F0F44, 3F00C132
0x803F0F4C, 6318B0E6
0x803F0F34, 3F204133
0x803F0F3C, 6339281E
0x803F0F44, 3F4041A8
0x803F0F4C, 635ADF42
0x803F0F34, 3F60C132
0x803F0F3C, 637BB28F
0x803F0F44, 3F804157
0x803F0F4C, 639CE87F
0x803F0F34, 3FA041BE
0x803F0F3C, 63BD7534
0x803F0F44, 3FC0C132
0x803F0F4C, 63DEB423
0x803F0F34, 3FE04061
0x803F0F3C, 63FFBF1F
0x803F0F44, 0x60000000
0x803F0F4C, BE080000
0x803F0F34, 3D008033
0x803F0F3C, 61081C40
0x803F0F44, 3E004139
0x803F0F4C, 6210A3AB
0x803F0F34, 3E20C0A5
0x803F0F3C, 62313CFD
0x803F0F44, 3E40410E
0x803F0F4C, 6252AB2C
0x803F0F34, 3E604190
0x803F0F3C, 62738B53
0x803F0F44, 3E80C08E
0x803F0F4C, 62941761
0x803F0F34, 3EA04106
0x803F0F3C, 62B56CA4
0x803F0F44, 3EC041AC
0x803F0F4C, 62D67790
0x803F0F34, 3EE0C0A5
0x803F0F3C, 62F73CFF
0x803F0F44, 3F00403B
0x803F0F4C, 6318D189
0x803F0F34, 3F204135
0x803F0F3C, 6339F359
0x803F0F44, 3F40C0D5
0x803F0F4C, 635AF7E6
0x803F0F34, 3F604102
0x803F0F3C, 637B2C26
0x803F0F44, 3F80418B
0x803F0F4C, 639CB5F8
0x803F0F34, 3FA0C0C1
0x803F0F3C, 63BD9A07
0x803F0F44, 3FC040ED
0x803F0F4C, 63DEAB39
0x803F0F34, 3FE041A7
0x803F0F3C, 63FF989F
0x803F0F44, 0x60000000
0x803F0F4C, BE080000
0x803F0F34, 3D008033
0x803F0F3C, 61081C80
0x803F0F44, 3E00C0D5
0x803F0F4C, 6210F7EA
0x803F0F34, 3E204018
0x803F0F3C, 623161B7
0x803F0F44, 3E404161
0x803F0F4C, 6252483C
0x803F0F34, 3E60C132
0x803F0F3C, 6273B0A4
0x803F0F44, 3E804154
0x803F0F4C, 629422ED
0x803F0F34, 3EA041C1
0x803F0F3C, 62B59B55
0x803F0F44, 3EC0C132
0x803F0F4C, 62D6B475
0x803F0F34, 3EE040E5
0x803F0F3C, 62F7AD36
0x803F0F44, 3F00419C
0x803F0F4C, 6318DE22
0x803F0F34, 3F20C10E
0x803F0F3C, 6339B545
0x803F0F44, 3F40412F
0x803F0F4C, 635AF131
0x803F0F34, 3F604150
0x803F0F3C, 637B860E
0x803F0F44, 3F80C119
0x803F0F4C, 639C9492
0x803F0F34, 3FA04135
0x803F0F3C, 63BD2456
0x803F0F44, 3FC041B7
0x803F0F4C, 63DEDBD3
0x803F0F34, 3FE0C119
0x803F0F3C, 63FF999C
0x803F0F44, 0x60000000
0x803F0F4C, BE080000
0x803F0F34, 3D008033
0x803F0F3C, 61081CC0
0x803F0F44, 3E0040AA
0x803F0F4C, 6210FA3C
0x803F0F34, 3E204090
0x803F0F3C, 62319911
0x803F0F44, 3E40C10A
0x803F0F4C, 62520A8F
0x803F0F34, 3E60C037
0x803F0F3C, 6273D873
0x803F0F44, 3E8040A2
0x803F0F4C, 62948DE1
0x803F0F34, 3EA0C0DB
0x803F0F3C, 62B50785
0x803F0F44, 3EC0C015
0x803F0F4C, 62D68149
0x803F0F34, 3EE040B8
0x803F0F3C, 62F7D420
0x803F0F44, 3F00C0F9
0x803F0F4C, 63187759
0x803F0F34, 3F204086
0x803F0F3C, 6339BF6A
0x803F0F44, 3F4041A1
0x803F0F4C, 635A1C11
0x803F0F34, 3F60C0F9
0x803F0F3C, 637B773E
0x803F0F44, 3F80C08D
0x803F0F4C, 639C69F0
0x803F0F34, 3FA0418B
0x803F0F3C, 63BDB5F2
0x803F0F44, 3FC0C03C
0x803F0F4C, 63DE48E0
0x803F0F34, 3FE040ED
0x803F0F3C, 63FFAB19
0x803F0F44, 0x60000000
0x803F0F4C, BE080000
0x803F0F34, 3D008033
0x803F0F3C, 61081D00
0x803F0F44, 3E004135
0x803F0F4C, 6210F350
0x803F0F34, 3E20C063
0x803F0F3C, 6231EDCC
0x803F0F44, 3E404102
0x803F0F4C, 62522C19
0x803F0F34, 3E6041A7
0x803F0F3C, 6273989A
0x803F0F44, 3E80C063
0x803F0F4C, 6294EDD0
0x803F0F34, 3EA04018
0x803F0F3C, 62B56191
0x803F0F44, 3EC0416A
0x803F0F4C, 62D684D8
0x803F0F34, 3EE0C0DA
0x803F0F3C, 62F788D7
0x803F0F44, 3F00C101
0x803F0F4C, 63187409
0x803F0F34, 3F204109
0x803F0F3C, 63390C42
0x803F0F44, 3F40C0DB
0x803F0F4C, 635A0787
0x803F0F34, 3F60C0EC
0x803F0F3C, 637B3B02
0x803F0F44, 3F80419E
0x803F0F4C, 639C4BE6
0x803F0F34, 3FA0C0C7
0x803F0F3C, 63BD2531
0x803F0F44, 3FC0C081
0x803F0F4C, 63DE7F4C
0x803F0F34, 3FE040C7
0x803F0F3C, 63FFC0BA
0x803F0F44, 0x60000000
0x803F0F4C, BE080000
0x803F0F34, 3D008033
0x803F0F3C, 61081D40
0x803F0F44, 3E00C0C7
0x803F0F4C, 62102531
0x803F0F34, 3E204082
0x803F0F3C, 6231EF89
0x803F0F44, 3E404101
0x803F0F4C, 625202DE
0x803F0F34, 3E60C10A
0x803F0F3C, 62730A8D
0x803F0F44, 3E80C103
0x803F0F4C, 6294FD23
0x803F0F34, 3EA04167
0x803F0F3C, 62B59802
0x803F0F44, 3EC0C109
0x803F0F4C, 62D68D25
0x803F0F34, 3EE0C10D
0x803F0F3C, 62F7ACE5
0x803F0F44, 3F00418C
0x803F0F4C, 631864E8
0x803F0F34, 3F203E43
0x803F0F3C, 63395B92
0x803F0F44, 3F4040F2
0x803F0F4C, 635A37D6
0x803F0F34, 3F6041A8
0x803F0F3C, 637B4793
0x803F0F44, 3F80BF08
0x803F0F4C, 639C9EDC
0x803F0F34, 3FA04021
0x803F0F3C, 63BD7B18
0x803F0F44, 3FC0419E
0x803F0F4C, 63DE4BE0
0x803F0F34, 3FE0BFB3
0x803F0F3C, 63FF5148
0x803F0F44, 0x60000000
0x803F0F4C, BE080000
0x803F0F34, 3D008033
0x803F0F3C, 61081D80
0x803F0F44, 3E00C081
0x803F0F4C, 62107F7E
0x803F0F34, 3E20416A
0x803F0F3C, 623184C9
0x803F0F44, 3E40BF04
0x803F0F4C, 6252EE6C
0x803F0F34, 3E60C101
0x803F0F3C, 62737424
0x803F0F44, 3E804109
0x803F0F4C, 62940C31
0x803F0F34, 3EA0BCF0
0x803F0F3C, 62B577CD
0x803F0F44, 3EC0C0EC
0x803F0F4C, 62D63B3A
0x803F0F34, 3EE04137
0x803F0F3C, 62F7513F
0x803F0F44, 3F00BF08
0x803F0F4C, 63189EDC
0x803F0F34, 3F204104
0x803F0F3C, 6339727C
0x803F0F44, 3F4040C7
0x803F0F4C, 635AC09E
0x803F0F34, 3F60BFB3
0x803F0F3C, 637B5148
0x803F0F44, 3F804082
0x803F0F4C, 639CEF5F
0x803F0F34, 3FA040A2
0x803F0F3C, 63BD8DBF
0x803F0F44, 3FC0BF06
0x803F0F4C, 63DEEA10
0x803F0F34, 3FE0C015
0x803F0F3C, 63FF81B2
0x803F0F44, 0x60000000
0x803F0F4C, BE080000
0x803F0F34, 3D008033
0x803F0F3C, 61081DC0
0x803F0F44, 3E004193
0x803F0F4C, 6210E4E0
0x803F0F34, 3E20C0F5
0x803F0F3C, 623149B6
0x803F0F44, 3E404112
0x803F0F4C, 625212A4
0x803F0F34, 3E6041B0
0x803F0F3C, 62733FBD
0x803F0F44, 3E80C106
0x803F0F4C, 62949546
0x803F0F34, 3EA0407E
0x803F0F3C, 62B51AEF
0x803F0F44, 3EC04144
0x803F0F4C, 62D647BB
0x803F0F34, 3EE0C106
0x803F0F3C, 62F794A2
0x803F0F44, 3F00411D
0x803F0F4C, 63186433
0x803F0F34, 3F2041B1
0x803F0F3C, 63399233
0x803F0F44, 3F40C132
0x803F0F4C, 635AB27B
0x803F0F34, 3F60BF49
0x803F0F3C, 637B8E97
0x803F0F44, 3F804104
0x803F0F4C, 639C9AFB
0x803F0F34, 3FA0C132
0x803F0F3C, 63BDB27B
0x803F0F44, 3FC040F3
0x803F0F4C, 63DE6DE3
0x803F0F34, 3FE0418B
0x803F0F3C, 63FF54B4
0x803F0F44, 0x60000000
0x803F0F4C, BE080000
0x803F0F34, 3D008033
0x803F0F3C, 61081E00
0x803F0F44, 3E00C132
0x803F0F4C, 6210B12A
0x803F0F34, 3E204165
0x803F0F3C, 62318C9D
0x803F0F44, 3E4041BC
0x803F0F4C, 6252B84C
0x803F0F34, 3E60C132
0x803F0F3C, 6273B3F6
0x803F0F44, 3E80412A
0x803F0F4C, 62943289
0x803F0F34, 3EA041A5
0x803F0F3C, 62B51E83
0x803F0F44, 3EC0C11F
0x803F0F4C, 62D6674B
0x803F0F34, 3EE0414B
0x803F0F3C, 62F76994
0x803F0F44, 3F0041AF
0x803F0F4C, 631866A4
0x803F0F34, 3F20C111
0x803F0F3C, 6339E626
0x803F0F44, 3F4040FC
0x803F0F4C, 635A5C3C
0x803F0F34, 3F60417C
0x803F0F3C, 637B4D00
0x803F0F44, 3F80C111
0x803F0F4C, 639CE305
0x803F0F34, 3FA04139
0x803F0F3C, 63BD5D93
0x803F0F44, 3FC04189
0x803F0F4C, 63DEB9FB
0x803F0F34, 3FE0C122
0x803F0F3C, 63FF1E3F
0x803F0F44, 0x60000000
0x803F0F4C, BE080000
0x803F0F34, 3D008033
0x803F0F3C, 61081E40
0x803F0F44, 3E00415B
0x803F0F4C, 62106295
0x803F0F34, 3E2041B8
0x803F0F3C, 6231FEEF
0x803F0F44, 3E40C122
0x803F0F4C, 625220EC
0x803F0F34, 3E604122
0x803F0F3C, 62739499
0x803F0F44, 3E80415E
0x803F0F4C, 6294A916
0x803F0F34, 3EA0C128
0x803F0F3C, 62B57FF3
0x803F0F44, 3EC0414E
0x803F0F4C, 62D638A9
0x803F0F34, 3EE041BF
0x803F0F3C, 62F79C8E
0x803F0F44, 3F00C128
0x803F0F4C, 631883C7
0x803F0F34, 3F2040DB
0x803F0F3C, 63397DC8
0x803F0F44, 3F4041A6
0x803F0F4C, 635A81C8
0x803F0F34, 3F60C136
0x803F0F3C, 637BFC16
0x803F0F44, 3F80C0AF
0x803F0F4C, 639CA6BD
0x803F0F34, 3FA0419E
0x803F0F3C, 63BDB951
0x803F0F44, 3FC0C117
0x803F0F4C, 63DED4A5
0x803F0F34, 3FE0C0BB
0x803F0F3C, 63FF77B6
0x803F0F44, 0x60000000
0x803F0F4C, BE080000
0x803F0F34, 3D008033
0x803F0F3C, 61081E80
0x803F0F44, 3E004190
0x803F0F4C, 6210A463
0x803F0F34, 3E20C0FC
0x803F0F3C, 6231DD6E
0x803F0F44, 3E40C107
0x803F0F4C, 6252395B
0x803F0F34, 3E604198
0x803F0F3C, 62738DBD
0x803F0F44, 3E80C124
0x803F0F4C, 6294334D
0x803F0F34, 3EA0C102
0x803F0F3C, 62B56952
0x803F0F44, 3EC04143
0x803F0F4C, 62D6F27E
0x803F0F34, 3EE0C07B
0x803F0F3C, 62F7BD5A
0x803F0F44, 3F00C137
0x803F0F4C, 6318B838
0x803F0F34, 3F20410E
0x803F0F3C, 6339FD07
0x803F0F44, 3F40C0DC
0x803F0F4C, 635A96B5
0x803F0F34, 3F60C11C
0x803F0F3C, 637BD522
0x803F0F44, 3F80410F
0x803F0F4C, 639CB77C
0x803F0F34, 3FA0C110
0x803F0F3C, 63BD5A7E
0x803F0F44, 3FC0C127
0x803F0F4C, 63DE13B5
0x803F0F34, 3FE0410A
0x803F0F3C, 63FF7C30
0x803F0F44, 0x60000000
0x803F0F4C, BE080000
0x803F0F34, 3D008033
0x803F0F3C, 61081EC0
0x803F0F44, 3E00C136
0x803F0F4C, 6210FC0E
0x803F0F34, 3E20C152
0x803F0F3C, 62313320
0x803F0F44, 3E404164
0x803F0F4C, 62525B5B
0x803F0F34, 3E60C136
0x803F0F3C, 6273FC10
0x803F0F44, 3E80C148
0x803F0F4C, 62940912
0x803F0F34, 3EA04155
0x803F0F3C, 62B5925F
0x803F0F44, 3EC0C10B
0x803F0F4C, 62D6822C
0x803F0F34, 3EE0C125
0x803F0F3C, 62F78FC6
0x803F0F44, 3F004144
0x803F0F4C, 63182E19
0x803F0F34, 3F20C0D7
0x803F0F3C, 6339E9C0
0x803F0F44, 3F40C126
0x803F0F4C, 635A501A
0x803F0F34, 3F604105
0x803F0F3C, 637B3235
0x803F0F44, 3F80C114
0x803F0F4C, 639C0222
0x803F0F34, 3FA0C14C
0x803F0F3C, 63BD5CE6
0x803F0F44, 3FC0415F
0x803F0F4C, 63DED822
0x803F0F34, 3FE0C118
0x803F0F3C, 63FFE817
0x803F0F44, 0x60000000
0x803F0F4C, BE080000
0x803F0F34, 3D008033
0x803F0F3C, 61081F00
0x803F0F44, 3E00C142
0x803F0F4C, 6210E178
0x803F0F34, 3E204192
0x803F0F3C, 623146E9
0x803F0F44, 3E40C136
0x803F0F4C, 6252FC13
0x803F0F34, 3E60C11F
0x803F0F3C, 6273CB50
0x803F0F44, 3E804185
0x803F0F4C, 62943860
0x803F0F34, 3EA0C10B
0x803F0F3C, 62B505CA
0x803F0F44, 3EC0C114
0x803F0F4C, 62D67F45
0x803F0F34, 3EE04141
0x803F0F3C, 62F7470F
0x803F0F44, 3F00C09D
0x803F0F4C, 6318CB06
0x803F0F34, 3F20C114
0x803F0F3C, 6339A440
0x803F0F44, 3F4040F4
0x803F0F4C, 635A4509
0x803F0F34, 3F60C089
0x803F0F3C, 637B059D
0x803F0F44, 3F80C107
0x803F0F4C, 639C7792
0x803F0F34, 3FA04082
0x803F0F3C, 63BD6456
0x803F0F44, 3FC0C136
0x803F0F4C, 63DEFC19
0x803F0F34, 3FE04092
0x803F0F3C, 63FF2FFF
0x803F0F44, 0x60000000
0x803F0F4C, BE080000
0x803F0F34, 3D008033
0x803F0F3C, 61081F40
0x803F0F44, 3E004086
0x803F0F4C, 6210931B
0x803F0F34, 3E20C117
0x803F0F3C, 6231D4A7
0x803F0F44, 3E404062
0x803F0F4C, 62524DEC
0x803F0F34, 3E60402F
0x803F0F3C, 6273810A
0x803F0F44, 3E80C0FC
0x803F0F4C, 6294DD70
0x803F0F34, 3EA03F43
0x803F0F3C, 62B5AFC9
0x803F0F44, 3EC04022
0x803F0F4C, 62D6C969
0x803F0F34, 3EE0C124
0x803F0F3C, 62F73351
0x803F0F44, 3F003FE3
0x803F0F4C, 6318AF8E
0x803F0F34, 3F204033
0x803F0F3C, 63398234
0x803F0F44, 3F40C07B
0x803F0F4C, 635ABD5E
0x803F0F34, 3F60C0B9
0x803F0F3C, 637BE5A8
0x803F0F44, 3F8040BA
0x803F0F4C, 639CF5C3
0x803F0F34, 3FA0C0DC
0x803F0F3C, 63BD96B3
0x803F0F44, 3FC0C0FE
0x803F0F4C, 63DE2BAA
0x803F0F34, 3FE040A8
0x803F0F3C, 63FF2F83
0x803F0F44, 0x60000000
0x803F0F4C, BE080000
0x803F0F34, 3D008033
0x803F0F3C, 61081F80
0x803F0F44, 3E00C110
0x803F0F4C, 62105A81
0x803F0F34, 3E20C103
0x803F0F3C, 62314071
0x803F0F44, 3E404041
0x803F0F4C, 6252E571
0x803F0F34, 3E60C136
0x803F0F3C, 6273FC10
0x803F0F44, 3E80C11C
0x803F0F4C, 62941DC3
0x803F0F34, 3EA03F74
0x803F0F3C, 62B516AD
0x803F0F44, 3EC0C136
0x803F0F4C, 62D6FC12
0x803F0F34, 3EE0C08F
0x803F0F3C, 62F7FC42
0x803F0F44, 3F004052
0x803F0F4C, 63188A7E
0x803F0F34, 3F20C10B
0x803F0F3C, 6339822D
0x803F0F44, 3F40C089
0x803F0F4C, 635AB97E
0x803F0F34, 3F604070
0x803F0F3C, 637B8C3B
0x803F0F44, 3F80C0D7
0x803F0F4C, 639CE9C4
0x803F0F34, 3FA0C0A9
0x803F0F3C, 63BD244A
0x803F0F44, 3FC04060
0x803F0F4C, 63DE715C
0x803F0F34, 3FE0C114
0x803F0F3C, 63FF0224
0x803F0F44, 0x60000000
0x803F0F4C, BE080000
0x803F0F34, 3D008033
0x803F0F3C, 61081FC0
0x803F0F44, 3E00C11E
0x803F0F4C, 62100BB9
0x803F0F34, 3E203FAF
0x803F0F3C, 62316734
0x803F0F44, 3E40C118
0x803F0F4C, 6252E81D
0x803F0F34, 3E60C093
0x803F0F3C, 62731D32
0x803F0F44, 3E803FA5
0x803F0F4C, 62942CE0
0x803F0F34, 3EA0C136
0x803F0F3C, 62B5FC16
0x803F0F44, 3EC03E65
0x803F0F4C, 62D642A2
0x803F0F34, 3EE0402B
0x803F0F3C, 62F78683
0x803F0F44, 3F00C10B
0x803F0F4C, 631805CE
0x803F0F34, 3F20BF62
0x803F0F3C, 6339BBDC
0x803F0F44, 3F40409A
0x803F0F4C, 635A3461
0x803F0F34, 3F60C09D
0x803F0F3C, 637BCB06
0x803F0F44, 3F80C09D
0x803F0F4C, 639CACAA
0x803F0F34, 3FA0410B
0x803F0F3C, 63BD3AED
0x803F0F44, 3FC0C05B
0x803F0F4C, 63DEBCBE
0x803F0F34, 3FE0C12C
0x803F0F3C, 63FFE370
0x803F0F44, 0x60000000
0x803F0F4C, BE080000
0x803F0F34, 3D008033
0x803F0F3C, 61082000
0x803F0F44, 3E0040A2
0x803F0F4C, 621022C9
0x803F0F34, 3E20C05B
0x803F0F3C, 6231BCCB
0x803F0F44, 3E40C109
0x803F0F4C, 6252F103
0x803F0F34, 3E6040C0
0x803F0F3C, 62732D51
0x803F0F44, 3E80C136
0x803F0F4C, 6294FC0C
0x803F0F34, 3EA0C180
0x803F0F3C, 62B5A80C
0x803F0F44, 3EC03FD6
0x803F0F4C, 62D63DEE
0x803F0F34, 3EE0C136
0x803F0F3C, 62F7FC0D
0x803F0F44, 3F00C157
0x803F0F4C, 6318AB31
0x803F0F34, 3F203FBB
0x803F0F3C, 6339C750
0x803F0F44, 3F40C0C7
0x803F0F4C, 635AEBF2
0x803F0F34, 3F60C16C
0x803F0F3C, 637B0BD5
0x803F0F44, 3F80409F
0x803F0F4C, 639C4C6E
0x803F0F34, 3FA0C0C7
0x803F0F3C, 63BDEBEC
0x803F0F44, 3FC0C186
0x803F0F4C, 63DEE671
0x803F0F34, 3FE0408A
0x803F0F3C, 63FF1703
0x803F0F44, 0x60000000
0x803F0F4C, BE080000
0x803F0F34, 3D008033
0x803F0F3C, 61082040
0x803F0F44, 3E00C0ED
0x803F0F4C, 62103A3D
0x803F0F34, 3E20C135
0x803F0F3C, 6231C8F7
0x803F0F44, 3E4040D4
0x803F0F4C, 625253A8
0x803F0F34, 3E60C0ED
0x803F0F3C, 62733A3D
0x803F0F44, 3E80C14C
0x803F0F4C, 6294167C
0x803F0F34, 3EA040B5
0x803F0F3C, 62B5CFB5
0x803F0F44, 3EC0C0C6
0x803F0F4C, 62D647EB
0x803F0F34, 3EE0C11D
0x803F0F3C, 62F79645
0x803F0F44, 3F0040EA
0x803F0F4C, 63188805
0x803F0F34, 3F20C0C6
0x803F0F3C, 633947EB
0x803F0F44, 3F40C12D
0x803F0F4C, 635A6CED
0x803F0F34, 3F60409F
0x803F0F3C, 637BB535
0x803F0F44, 3F80C07E
0x803F0F4C, 639C0E91
0x803F0F34, 3FA0C12A
0x803F0F3C, 63BDC30F
0x803F0F44, 3FC040DD
0x803F0F4C, 63DEA49E
0x803F0F34, 3FE0C07E
0x803F0F3C, 63FF0E95
0x803F0F44, 0x60000000
0x803F0F4C, BE080000
0x803F0F34, 3D008033
0x803F0F3C, 61082080
0x803F0F44, 3E00C13D
0x803F0F4C, 62105E72
0x803F0F34, 3E204170
0x803F0F3C, 62314CC0
0x803F0F44, 3E40405F
0x803F0F4C, 6252D2F2
0x803F0F34, 3E60C133
0x803F0F3C, 6273FDB0
0x803F0F44, 3E8040D0
0x803F0F4C, 62946FA2
0x803F0F34, 3EA0405F
0x803F0F3C, 62B5D295
0x803F0F44, 3EC0C125
0x803F0F4C, 62D6487D
0x803F0F34, 3EE03FDA
0x803F0F3C, 62F7C58F
0x803F0F44, 3F00405F
0x803F0F4C, 6318D2F6
0x803F0F34, 3F20C050
0x803F0F3C, 63392492
0x803F0F44, 3F40405A
0x803F0F4C, 635ADA8C
0x803F0F34, 3F60405F
0x803F0F3C, 637BD3B3
0x803F0F44, 3F8040BA
0x803F0F4C, 639CD3DF
0x803F0F34, 3FA0412A
0x803F0F3C, 63BD4A0C
0x803F0F44, 3FC0405F
0x803F0F4C, 63DED520
0x803F0F34, 3FE04139
0x803F0F3C, 63FFDCA8
0x803F0F44, 0x60000000
0x803F0F4C, BE080000
0x803F0F34, 3D008033
0x803F0F3C, 610820C0
0x803F0F44, 3E004199
0x803F0F4C, 62102F62
0x803F0F34, 3E20405F
0x803F0F3C, 6231D580
0x803F0F44, 3E40412B
0x803F0F4C, 62522794
0x803F0F34, 3E6041BF
0x803F0F3C, 62739F1F
0x803F0F44, 3E80405F
0x803F0F4C, 6294D4D8
0x803F0F34, 3EA04067
0x803F0F3C, 62B5A077
0x803F0F44, 3EC041B1
0x803F0F4C, 62D6F013
0x803F0F34, 3EE0405F
0x803F0F3C, 62F7D428
0x803F0F44, 3F00C0AF
0x803F0F4C, 631815D1
0x803F0F34, 3F204170
0x803F0F3C, 63394CA3
0x803F0F44, 3F404125
0x803F0F4C, 635AA8D0
0x803F0F34, 3F60C133
0x803F0F3C, 637BFDE1
0x803F0F44, 3F8040D0
0x803F0F4C, 639C6F89
0x803F0F34, 3FA04125
0x803F0F3C, 63BDA8B6
0x803F0F44, 3FC0C125
0x803F0F4C, 63DE4891
0x803F0F34, 3FE03FDA
0x803F0F3C, 63FFC459
0x803F0F44, 0x60000000
0x803F0F4C, BE080000
0x803F0F34, 3D008033
0x803F0F3C, 61082100
0x803F0F44, 3E004125
0x803F0F4C, 6210A8CF
0x803F0F34, 3E20C050
0x803F0F3C, 623124BC
0x803F0F44, 3E40405A
0x803F0F4C, 6252DA30
0x803F0F34, 3E604125
0x803F0F3C, 6273A90D
0x803F0F44, 3E8040BA
0x803F0F4C, 6294D38F
0x803F0F34, 3EA0412A
0x803F0F3C, 62B54A05
0x803F0F44, 3EC04125
0x803F0F4C, 62D6A945
0x803F0F34, 3EE04139
0x803F0F3C, 62F7DC99
0x803F0F44, 3F004199
0x803F0F4C, 63182F56
0x803F0F34, 3F204125
0x803F0F3C, 6339A963
0x803F0F44, 3F40412B
0x803F0F4C, 635A2769
0x803F0F34, 3F6041BF
0x803F0F3C, 637B9F0D
0x803F0F44, 3F804125
0x803F0F4C, 639CA949
0x803F0F34, 3FA04067
0x803F0F3C, 63BD9F9D
0x803F0F44, 3FC041B1
0x803F0F4C, 63DEF006
0x803F0F34, 3FE04125
0x803F0F3C, 63FFA90D
0x803F0F44, 0x60000000
0x803F0F4C, BE080000
0x803F0F34, 3D008033
0x803F0F3C, 61082140
0x803F0F44, 3E00C0AF
0x803F0F4C, 62101623
0x803F0F34, 3E20414D
0x803F0F3C, 62314B4A
0x803F0F44, 3E40BFC5
0x803F0F4C, 625224D1
0x803F0F34, 3E603E3B
0x803F0F3C, 6273E2B5
0x803F0F44, 3E8041AD
0x803F0F4C, 6294843B
0x803F0F34, 3EA04023
0x803F0F3C, 62B5A249
0x803F0F44, 3EC0402C
0x803F0F4C, 62D60075
0x803F0F34, 3EE041A3
0x803F0F3C, 62F7C759
0x803F0F44, 3F004023
0x803F0F4C, 6318A11B
0x803F0F34, 3F20C08D
0x803F0F3C, 63390DEF
0x803F0F44, 3F40416C
0x803F0F4C, 635A7634
0x803F0F34, 3F604023
0x803F0F3C, 637BA07B
0x803F0F44, 3F80C10D
0x803F0F4C, 639C0574
0x803F0F34, 3FA040FE
0x803F0F3C, 63BD3795
0x803F0F44, 3FC04023
0x803F0F4C, 63DEA084
0x803F0F34, 3FE0C0FE
0x803F0F3C, 63FF5FBD
0x803F0F44, 0x60000000
0x803F0F4C, BE080000
0x803F0F34, 3D008033
0x803F0F3C, 61082180
0x803F0F44, 3E00407E
0x803F0F4C, 621039B0
0x803F0F34, 3E204023
0x803F0F3C, 6231A05E
0x803F0F44, 3E40C014
0x803F0F4C, 62528440
0x803F0F34, 3E6040A6
0x803F0F3C, 62731082
0x803F0F44, 3E804023
0x803F0F4C, 6294A18C
0x803F0F34, 3EA04098
0x803F0F3C, 62B5CBEF
0x803F0F44, 3EC0412E
0x803F0F4C, 62D620A3
0x803F0F34, 3EE04023
0x803F0F3C, 62F7A1D7
0x803F0F44, 3F004112
0x803F0F4C, 6318E484
0x803F0F34, 3F20418D
0x803F0F3C, 6339BD70
0x803F0F44, 3F404023
0x803F0F4C, 635AA298
0x803F0F34, 3F604105
0x803F0F3C, 637B0F13
0x803F0F44, 3F8041B3
0x803F0F4C, 639C1318
0x803F0F34, 3FA0BF8F
0x803F0F3C, 63BD2B99
0x803F0F44, 3FC04057
0x803F0F4C, 63DECCF3
0x803F0F34, 3FE0419D
0x803F0F3C, 63FF3FB5
0x803F0F44, 0x60000000
0x803F0F4C, BE080000
0x803F0F34, 3D008033
0x803F0F3C, 610821C0
0x803F0F44, 3E00C0B3
0x803F0F4C, 6210BB2E
0x803F0F34, 3E20C0FD
0x803F0F3C, 6231F63C
0x803F0F44, 3E40416D
0x803F0F4C, 6252892F
0x803F0F34, 3E60BFC7
0x803F0F3C, 62732442
0x803F0F44, 3E80C11F
0x803F0F4C, 62944B62
0x803F0F34, 3EA040F2
0x803F0F3C, 62B5CCBA
0x803F0F44, 3EC0BE75
0x803F0F4C, 62D6BAB2
0x803F0F34, 3EE0C108
0x803F0F3C, 62F7B049
0x803F0F44, 3F00414D
0x803F0F4C, 63184B7D
0x803F0F34, 3F20C036
0x803F0F3C, 6339F1A2
0x803F0F44, 3F403E3B
0x803F0F4C, 635AEA0C
0x803F0F34, 3F60403B
0x803F0F3C, 637BABE7
0x803F0F44, 3F80BFC7
0x803F0F4C, 639C2431
0x803F0F34, 3FA0C033
0x803F0F3C, 63BD09F6
0x803F0F44, 3FC0401D
0x803F0F4C, 63DE4535
0x803F0F34, 3FE0C0B3
0x803F0F3C, 63FFBB2E
0x803F0F44, 0x60000000
0x803F0F4C, BE080000
0x803F0F34, 3D008033
0x803F0F3C, 61082200
0x803F0F44, 3E004019
0x803F0F4C, 6210745C
0x803F0F34, 3E204132
0x803F0F3C, 623193B8
0x803F0F44, 3E40BF8F
0x803F0F4C, 62522B99
0x803F0F34, 3E604121
0x803F0F3C, 6273D917
0x803F0F44, 3E804193
0x803F0F4C, 62943E41
0x803F0F34, 3EA03DAB
0x803F0F3C, 62B56D87
0x803F0F44, 3EC04117
0x803F0F4C, 62D6606A
0x803F0F34, 3EE0418D
0x803F0F3C, 62F7BD72
0x803F0F44, 3F003F90
0x803F0F4C, 6318BF5D
0x803F0F34, 3F204105
0x803F0F3C, 63390F1B
0x803F0F44, 3F40412E
0x803F0F4C, 635A20B4
0x803F0F34, 3F603F1A
0x803F0F3C, 637B9835
0x803F0F44, 3F804112
0x803F0F4C, 639CE484
0x803F0F34, 3FA040A6
0x803F0F3C, 63BD10A1
0x803F0F44, 3FC0C005
0x803F0F4C, 63DE80C3
0x803F0F34, 3FE04098
0x803F0F3C, 63FFCC25
0x803F0F44, 0x60000000
0x803F0F4C, BE080000
0x803F0F34, 3D008033
0x803F0F3C, 61082240
0x803F0F44, 3E00407E
0x803F0F4C, 621039DA
0x803F0F34, 3E203ED3
0x803F0F3C, 623109C8
0x803F0F44, 3E40C014
0x803F0F4C, 62528402
0x803F0F34, 3E6041AD
0x803F0F3C, 62738443
0x803F0F44, 3E803F1A
0x803F0F4C, 629497E1
0x803F0F34, 3EA0402C
0x803F0F3C, 62B500BD
0x803F0F44, 3EC041A3
0x803F0F4C, 62D6C762
0x803F0F34, 3EE0C005
0x803F0F3C, 62F780C7
0x803F0F44, 3F00C08D
0x803F0F4C, 63180DB2
0x803F0F34, 3F2040FE
0x803F0F3C, 6339378B
0x803F0F44, 3F403F8A
0x803F0F4C, 635A98EE
0x803F0F34, 3F60C0FE
0x803F0F3C, 637B5FCC
0x803F0F44, 3F80416C
0x803F0F4C, 639C7640
0x803F0F34, 3FA03ED3
0x803F0F3C, 63BD09EA
0x803F0F44, 3FC0C10D
0x803F0F4C, 63DE055D
0x803F0F34, 3FE041AF
0x803F0F3C, 63FFB5BC
0x803F0F44, 0x60000000
0x803F0F4C, BE080000
0x803F0F34, 3D008033
0x803F0F3C, 61082280
0x803F0F44, 3E00C0CB
0x803F0F4C, 6210ECA2
0x803F0F34, 3E20C049
0x803F0F3C, 62317F4E
0x803F0F44, 3E4040B3
0x803F0F4C, 62523F31
0x803F0F34, 3E60C0CB
0x803F0F3C, 6273ECA4
0x803F0F44, 3E8040D5
0x803F0F4C, 6294DB8A
0x803F0F34, 3EA041AF
0x803F0F3C, 62B588C8
0x803F0F44, 3EC04136
0x803F0F4C, 62D6FC7B
0x803F0F34, 3EE0403F
0x803F0F3C, 62F7DE22
0x803F0F44, 3F0041A4
0x803F0F4C, 6318531E
0x803F0F34, 3F204136
0x803F0F3C, 6339FC4A
0x803F0F44, 3F40C08E
0x803F0F4C, 635A5E68
0x803F0F34, 3F604169
0x803F0F3C, 637BF852
0x803F0F44, 3F804136
0x803F0F4C, 639CFC17
0x803F0F34, 3FA0C112
0x803F0F3C, 63BDEAFE
0x803F0F44, 3FC040F4
0x803F0F4C, 63DEFC33
0x803F0F34, 3FE04136
0x803F0F3C, 63FFFC04
0x803F0F44, 0x60000000
0x803F0F4C, BE080000
0x803F0F34, 3D008033
0x803F0F3C, 610822C0
0x803F0F44, 3E00C106
0x803F0F4C, 6210DE72
0x803F0F34, 3E20406E
0x803F0F3C, 623113CB
0x803F0F44, 3E404136
0x803F0F4C, 6252FC19
0x803F0F34, 3E60C028
0x803F0F3C, 627363BF
0x803F0F44, 3E8040A3
0x803F0F4C, 6294E080
0x803F0F34, 3EA04136
0x803F0F3C, 62B5FC4A
0x803F0F44, 3EC0409A
0x803F0F4C, 62D61BDA
0x803F0F34, 3EE04130
0x803F0F3C, 62F79E2D
0x803F0F44, 3F004136
0x803F0F4C, 6318FC7B
0x803F0F34, 3F204118
0x803F0F3C, 6339C9A9
0x803F0F44, 3F404190
0x803F0F4C, 635A0C1F
0x803F0F34, 3F604136
0x803F0F3C, 637BFC91
0x803F0F44, 3F80410C
0x803F0F4C, 639CBD48
0x803F0F34, 3FA041AF
0x803F0F3C, 63BDBDD8
0x803F0F44, 3FC0411E
0x803F0F4C, 63DE1179
0x803F0F34, 3FE040A6
0x803F0F3C, 63FF14C8
0x803F0F44, 0x60000000
0x803F0F4C, BE080000
0x803F0F34, 3D008033
0x803F0F3C, 61082300
0x803F0F44, 3E00419F
0x803F0F4C, 621093F4
0x803F0F34, 3E20411E
0x803F0F3C, 62311183
0x803F0F44, 3E404102
0x803F0F4C, 6252F790
0x803F0F34, 3E604197
0x803F0F3C, 62737F0B
0x803F0F44, 3E8040D8
0x803F0F4C, 629401BD
0x803F0F34, 3EA0411A
0x803F0F3C, 62B5EE44
0x803F0F44, 3EC0419F
0x803F0F4C, 62D69401
0x803F0F34, 3EE04067
0x803F0F3C, 62F7C0C2
0x803F0F44, 3F004102
0x803F0F4C, 6318F7B4
0x803F0F34, 3F2041AF
0x803F0F3C, 6339BDDC
0x803F0F44, 3F404067
0x803F0F4C, 635AC094
0x803F0F34, 3F6040A6
0x803F0F3C, 637B14E4
0x803F0F44, 3F8041B7
0x803F0F4C, 639CD2C5
0x803F0F34, 3FA040D8
0x803F0F3C, 63BD0193
0x803F0F44, 3FC0406C
0x803F0F4C, 63DE4EF0
0x803F0F34, 3FE041C5
0x803F0F3C, 63FF5189
0x803F0F44, 0x60000000
0x803F0F4C, BE080000
0x803F0F34, 3D008033
0x803F0F3C, 61082340
0x803F0F44, 3E0040D8
0x803F0F4C, 621001E2
0x803F0F34, 3E204114
0x803F0F3C, 62314198
0x803F0F44, 3E4041AF
0x803F0F4C, 6252DA70
0x803F0F34, 3E60411E
0x803F0F3C, 6273114A
0x803F0F44, 3E80C03C
0x803F0F4C, 62948B2A
0x803F0F34, 3EA041B5
0x803F0F3C, 62B55E5E
0x803F0F44, 3EC0411E
0x803F0F4C, 62D6115F
0x803F0F34, 3EE03F19
0x803F0F3C, 62F7CB68
0x803F0F44, 3F0041B8
0x803F0F4C, 6318205B
0x803F0F34, 3F2040D8
0x803F0F3C, 63390180
0x803F0F44, 3F404017
0x803F0F4C, 635AF21F
0x803F0F34, 3F6041B5
0x803F0F3C, 637B5E6A
0x803F0F44, 3F804067
0x803F0F4C, 639CC03C
0x803F0F34, 3FA03F19
0x803F0F3C, 63BDCDD5
0x803F0F44, 3FC041AF
0x803F0F4C, 63DEDA7C
0x803F0F34, 3FE04067
0x803F0F3C, 63FFBF5D
0x803F0F44, 0x60000000
0x803F0F4C, BE080000
0x803F0F34, 3D008033
0x803F0F3C, 61082380
0x803F0F44, 3E00C03C
0x803F0F4C, 62108A93
0x803F0F34, 3E2041AD
0x803F0F3C, 6231187E
0x803F0F44, 3E4040D8
0x803F0F4C, 62520124
0x803F0F34, 3E60C097
0x803F0F3C, 627304EE
0x803F0F44, 3E8041D5
0x803F0F4C, 6294A651
0x803F0F34, 3EA040D8
0x803F0F3C, 62B5016B
0x803F0F44, 3EC0BFFD
0x803F0F4C, 62D6A027
0x803F0F34, 3EE04185
0x803F0F3C, 62F7827A
0x803F0F44, 3F00411E
0x803F0F4C, 63181111
0x803F0F34, 3F20C111
0x803F0F3C, 63395D29
0x803F0F44, 3F40419B
0x803F0F4C, 635AF921
0x803F0F34, 3F60411E
0x803F0F3C, 637B1127
0x803F0F44, 3F80C0D9
0x803F0F4C, 639CF729
0x803F0F34, 3FA041A7
0x803F0F3C, 63BD3478
0x803F0F44, 3FC040D8
0x803F0F4C, 63DE0113
0x803F0F34, 3FE0C0B5
0x803F0F3C, 63FF9577
0x803F0F44, 0x60000000
0x803F0F4C, BE080000
0x803F0F34, 3D008033
0x803F0F3C, 610823C0
0x803F0F44, 3E00419B
0x803F0F4C, 6210F92B
0x803F0F34, 3E204067
0x803F0F3C, 6231BEDB
0x803F0F44, 3E40C0D9
0x803F0F4C, 6252F6E6
0x803F0F34, 3E604185
0x803F0F3C, 62738284
0x803F0F44, 3E804067
0x803F0F4C, 6294BE94
0x803F0F34, 3EA0C111
0x803F0F3C, 62B55D08
0x803F0F44, 3EC04174
0x803F0F4C, 62D68E5C
0x803F0F34, 3EE040D8
0x803F0F3C, 62F700B4
0x803F0F44, 3F00C123
0x803F0F4C, 63188DDA
0x803F0F34, 3F2041A6
0x803F0F3C, 6339BD2E
0x803F0F44, 3F4040D8
0x803F0F4C, 635A00CB
0x803F0F34, 3F60C137
0x803F0F3C, 637B35F5
0x803F0F44, 3F80410F
0x803F0F4C, 639CAE6C
0x803F0F34, 3FA0411E
0x803F0F3C, 63BD10F1
0x803F0F44, 3FC0C120
0x803F0F4C, 63DE5AD5
0x803F0F34, 3FE04149
0x803F0F3C, 63FF2CC3
0x803F0F44, 0x60000000
0x803F0F4C, BE080000
0x803F0F34, 3D008033
0x803F0F3C, 61082400
0x803F0F44, 3E00411E
0x803F0F4C, 621010F8
0x803F0F34, 3E20C126
0x803F0F3C, 623165C6
0x803F0F44, 3E404165
0x803F0F4C, 6252EBFA
0x803F0F34, 3E6040D8
0x803F0F3C, 627300A8
0x803F0F44, 3E80C129
0x803F0F4C, 62946B2F
0x803F0F34, 3EA04149
0x803F0F3C, 62B52CDB
0x803F0F44, 3EC04067
0x803F0F4C, 62D6BE9D
0x803F0F34, 3EE0C126
0x803F0F3C, 62F765A3
0x803F0F44, 3F00410F
0x803F0F4C, 6318AE78
0x803F0F34, 3F204067
0x803F0F3C, 6339BE27
0x803F0F44, 3F40C120
0x803F0F4C, 635A5ABE
0x803F0F34, 3F6040E5
0x803F0F3C, 637BDE9C
0x803F0F44, 3F8040D8
0x803F0F4C, 639C007E
0x803F0F34, 3FA0C11D
0x803F0F3C, 63BD5544
0x803F0F44, 3FC04123
0x803F0F4C, 63DED472
0x803F0F34, 3FE040D8
0x803F0F3C, 63FF005A
0x803F0F44, 0x60000000
0x803F0F4C, BE080000
0x803F0F34, 3D008033
0x803F0F3C, 61082440
0x803F0F44, 3E00C16B
0x803F0F4C, 62101A58
0x803F0F34, 3E2040B8
0x803F0F3C, 6231B214
0x803F0F44, 3E40411E
0x803F0F4C, 6252114B
0x803F0F34, 3E6040D9
0x803F0F3C, 627367AE
0x803F0F44, 3E804109
0x803F0F4C, 62944657
0x803F0F34, 3EA0411E
0x803F0F3C, 62B5115F
0x803F0F44, 3EC04111
0x803F0F4C, 62D61569
0x803F0F34, 3EE0411F
0x803F0F3C, 62F7BD0A
0x803F0F44, 3F0040D8
0x803F0F4C, 63180180
0x803F0F34, 3F204123
0x803F0F3C, 63394646
0x803F0F44, 3F404109
0x803F0F4C, 635A466F
0x803F0F34, 3F604067
0x803F0F3C, 637BBFC6
0x803F0F44, 3F804111
0x803F0F4C, 639C1592
0x803F0F34, 3FA040B8
0x803F0F3C, 63BDB242
0x803F0F44, 3FC04067
0x803F0F4C, 63DEBF59
0x803F0F34, 3FE040D9
0x803F0F3C, 63FF67FB
0x803F0F44, 0x60000000
0x803F0F4C, BE080000
0x803F0F34, 3D008033
0x803F0F3C, 61082480
0x803F0F44, 3E00408B
0x803F0F4C, 6210C4DF
0x803F0F34, 3E2040D8
0x803F0F3C, 62310124
0x803F0F44, 3E4040B5
0x803F0F4C, 62520642
0x803F0F34, 3E60408C
0x803F0F3C, 6273F887
0x803F0F44, 3E8040D8
0x803F0F4C, 62940165
0x803F0F34, 3EA04136
0x803F0F3C, 62B5B132
0x803F0F44, 3EC0414F
0x803F0F4C, 62D66435
0x803F0F34, 3EE0411E
0x803F0F3C, 62F71179
0x803F0F44, 3F004129
0x803F0F4C, 63189E7F
0x803F0F34, 3F204184
0x803F0F3C, 63397146
0x803F0F44, 3F40411E
0x803F0F4C, 635A1183
0x803F0F34, 3F604123
0x803F0F3C, 637B9388
0x803F0F44, 3F804192
0x803F0F4C, 639CD0E1
0x803F0F34, 3FA040D8
0x803F0F3C, 63BD01BD
0x803F0F44, 3FC04120
0x803F0F4C, 63DE8E1F
0x803F0F34, 3FE04184
0x803F0F3C, 63FF7152
0x803F0F44, 0x60000000
0x803F0F4C, BE080000
0x803F0F34, 3D008033
0x803F0F3C, 610824C0
0x803F0F44, 3E004067
0x803F0F4C, 6210C0BE
0x803F0F34, 3E204123
0x803F0F3C, 623193AD
0x803F0F44, 3E40414F
0x803F0F4C, 6252646D
0x803F0F34, 3E604067
0x803F0F3C, 6273C044
0x803F0F44, 3E804129
0x803F0F4C, 62949E9F
0x803F0F34, 3EA04132
0x803F0F3C, 62B5A51A
0x803F0F44, 3EC040D8
0x803F0F4C, 62D60193
0x803F0F34, 3EE0412C
0x803F0F3C, 62F7A40D
0x803F0F44, 3F004174
0x803F0F4C, 6318B6C2
0x803F0F34, 3F2040D8
0x803F0F3C, 633901E2
0x803F0F44, 3F40416E
0x803F0F4C, 635A56AD
0x803F0F34, 3F6040B4
0x803F0F3C, 637B1640
0x803F0F44, 3F80411E
0x803F0F4C, 639C10F1
0x803F0F34, 3FA0C100
0x803F0F3C, 63BD203B
0x803F0F44, 3FC04066
0x803F0F4C, 63DEDD59
0x803F0F34, 3FE0411E
0x803F0F3C, 63FF10FA
0x803F0F44, 0x60000000
0x803F0F4C, BE080000
0x803F0F34, 3D008033
0x803F0F3C, 61082500
0x803F0F44, 3E00C0A0
0x803F0F4C, 6210661B
0x803F0F34, 3E204026
0x803F0F3C, 62313611
0x803F0F44, 3E4040D8
0x803F0F4C, 625200A8
0x803F0F34, 3E60C060
0x803F0F3C, 6273F16F
0x803F0F44, 3E804066
0x803F0F4C, 6294DDCA
0x803F0F34, 3EA04067
0x803F0F3C, 62B5BE59
0x803F0F44, 3EC0C0A0
0x803F0F4C, 62D665BF
0x803F0F34, 3EE040B4
0x803F0F3C, 62F7166A
0x803F0F44, 3F004067
0x803F0F4C, 6318BE6E
0x803F0F34, 3F20C100
0x803F0F3C, 63392017
0x803F0F44, 3F4040D4
0x803F0F4C, 635A6A12
0x803F0F34, 3F6040D8
0x803F0F3C, 637B007E
0x803F0F44, 3F80C118
0x803F0F4C, 639C16C9
0x803F0F34, 3FA03F69
0x803F0F3C, 63BD5EE1
0x803F0F44, 3FC040D8
0x803F0F4C, 63DE005A
0x803F0F34, 3FE0C111
0x803F0F3C, 63FF6D89
0x803F0F44, 0x60000000
0x803F0F4C, BE080000
0x803F0F34, 3D008033
0x803F0F3C, 61082540
0x803F0F44, 3E004035
0x803F0F4C, 621080D0
0x803F0F34, 3E20411E
0x803F0F3C, 62311112
0x803F0F44, 3E40BF42
0x803F0F4C, 6252FF2A
0x803F0F34, 3E604061
0x803F0F3C, 6273A05A
0x803F0F44, 3E80411E
0x803F0F4C, 62941127
0x803F0F34, 3EA04032
0x803F0F3C, 62B53E64
0x803F0F44, 3EC04077
0x803F0F4C, 62D6B03A
0x803F0F34, 3EE040D8
0x803F0F3C, 62F70113
0x803F0F44, 3F004091
0x803F0F4C, 6318DED7
0x803F0F34, 3F204061
0x803F0F3C, 6339A112
0x803F0F44, 3F404067
0x803F0F4C, 635ABF12
0x803F0F34, 3F604032
0x803F0F3C, 637B3EB4
0x803F0F44, 3F804035
0x803F0F4C, 639C8130
0x803F0F34, 3FA04067
0x803F0F3C, 63BDBED7
0x803F0F44, 3FC0BF42
0x803F0F4C, 63DEFCAD
0x803F0F34, 3FE0401F
0x803F0F3C, 63FF7165
0x803F0F44, 0x60000000
0x803F0F4C, BE080000
0x803F0F34, 3D008033
0x803F0F3C, 61082580
0x803F0F44, 3E0040D8
0x803F0F4C, 621000B4
0x803F0F34, 3E20C022
0x803F0F3C, 62313E3E
0x803F0F44, 3E40BF99
0x803F0F4C, 6252EE24
0x803F0F34, 3E6040D8
0x803F0F3C, 627300CB
0x803F0F44, 3E803FE5
0x803F0F4C, 6294CBA3
0x803F0F34, 3EA040D1
0x803F0F3C, 62B52E08
0x803F0F44, 3EC0C136
0x803F0F4C, 62D6FBB4
0x803F0F34, 3EE0410A
0x803F0F3C, 62F7A899
0x803F0F44, 3F00412A
0x803F0F4C, 6318F713
0x803F0F34, 3F20C136
0x803F0F3C, 6339FBF5
0x803F0F44, 3F404166
0x803F0F4C, 635A0F53
0x803F0F34, 3F6041D2
0x803F0F3C, 637BF964
0x803F0F44, 3F80C136
0x803F0F4C, 639CFC73
0x803F0F34, 3FA0409E
0x803F0F3C, 63BD81AA
0x803F0F44, 3FC041BA
0x803F0F4C, 63DE340E
0x803F0F34, 3FE0C136
0x803F0F3C, 63FFFC39
0x803F0F44, 0x60000000
0x803F0F4C, BE080000
0x803F0F34, 3D008033
0x803F0F3C, 610825C0
0x803F0F44, 3E00BFB2
0x803F0F4C, 62101A15
0x803F0F34, 3E2040F9
0x803F0F3C, 623118D9
0x803F0F44, 3E40C11F
0x803F0F4C, 6252DC5E
0x803F0F34, 3E6040E2
0x803F0F3C, 627328EB
0x803F0F44, 3E80414A
0x803F0F4C, 6294D671
0x803F0F34, 3EA0C118
0x803F0F3C, 62B5734C
0x803F0F44, 3EC0414E
0x803F0F4C, 62D6B644
0x803F0F34, 3EE041C1
0x803F0F3C, 62F72F70
0x803F0F44, 3F00C118
0x803F0F4C, 631873A5
0x803F0F34, 3F2040C0
0x803F0F3C, 6339DE16
0x803F0F44, 3F4041AA
0x803F0F4C, 635A39E5
0x803F0F34, 3F60C11F
0x803F0F3C, 637BDCC8
0x803F0F44, 3F80BF85
0x803F0F4C, 639C30B6
0x803F0F34, 3FA0411D
0x803F0F3C, 63BD144C
0x803F0F44, 3FC0C0E8
0x803F0F4C, 63DEE3A2
0x803F0F34, 3FE04109
0x803F0F3C, 63FF4474
0x803F0F44, 0x60000000
0x803F0F4C, BE080000
0x803F0F34, 3D008033
0x803F0F3C, 61082600
0x803F0F44, 3E00415A
0x803F0F4C, 6210F91D
0x803F0F34, 3E20C103
0x803F0F3C, 623113DD
0x803F0F44, 3E404142
0x803F0F4C, 62523858
0x803F0F34, 3E6041B7
0x803F0F3C, 6273E20D
0x803F0F44, 3E80C103
0x803F0F4C, 62941425
0x803F0F34, 3EA040D1
0x803F0F3C, 62B5A1B4
0x803F0F44, 3EC041AD
0x803F0F4C, 62D644BA
0x803F0F34, 3EE0C0E8
0x803F0F3C, 62F7E45A
0x803F0F44, 3F003FBB
0x803F0F4C, 63186EF8
0x803F0F34, 3F204160
0x803F0F3C, 63393138
0x803F0F44, 3F40C098
0x803F0F4C, 635A31E6
0x803F0F34, 3F60411C
0x803F0F3C, 637B8693
0x803F0F44, 3F804179
0x803F0F4C, 639C337F
0x803F0F34, 3FA0C0D1
0x803F0F3C, 63BDE115
0x803F0F44, 3FC04139
0x803F0F4C, 63DEF6E1
0x803F0F34, 3FE041AD
0x803F0F3C, 63FF2491
0x803F0F44, 0x60000000
0x803F0F4C, BE080000
0x803F0F34, 3D008033
0x803F0F3C, 61082640
0x803F0F44, 3E00C0D1
0x803F0F4C, 6210E172
0x803F0F34, 3E2040FF
0x803F0F3C, 62314274
0x803F0F44, 3E4041A6
0x803F0F4C, 6252045C
0x803F0F34, 3E60C098
0x803F0F3C, 6273324A
0x803F0F44, 3E8040B7
0x803F0F4C, 62947477
0x803F0F34, 3EA040F8
0x803F0F3C, 62B5E4D8
0x803F0F44, 3EC0C124
0x803F0F4C, 62D632FC
0x803F0F34, 3EE0410E
0x803F0F3C, 62F77278
0x803F0F44, 3F0041B7
0x803F0F4C, 631836FF
0x803F0F34, 3F20C124
0x803F0F3C, 63393373
0x803F0F44, 3F40BE3C
0x803F0F4C, 635AE4A8
0x803F0F34, 3F60412C
0x803F0F3C, 637BE5A9
0x803F0F44, 3F80C100
0x803F0F4C, 639CAF87
0x803F0F34, 3FA0411C
0x803F0F3C, 63BD677C
0x803F0F44, 3FC041B2
0x803F0F4C, 63DE00FE
0x803F0F34, 3FE0C100
0x803F0F3C, 63FFAFDE
0x803F0F44, 0x60000000
0x803F0F4C, BE080000
0x803F0F34, 3D008033
0x803F0F3C, 61082680
0x803F0F44, 3E004039
0x803F0F4C, 621084E0
0x803F0F34, 3E2041AD
0x803F0F3C, 623117A6
0x803F0F44, 3E40C0C4
0x803F0F4C, 6252C064
0x803F0F34, 3E6040DA
0x803F0F3C, 6273BC12
0x803F0F44, 3E804169
0x803F0F4C, 62941FB6
0x803F0F34, 3EA0C0C4
0x803F0F3C, 62B5BFF9
0x803F0F44, 3EC04131
0x803F0F4C, 62D64D2C
0x803F0F34, 3EE041B5
0x803F0F3C, 62F7FC23
0x803F0F44, 3F00C121
0x803F0F4C, 6318818A
0x803F0F34, 3F20BFE3
0x803F0F3C, 6339D05B
0x803F0F44, 3F4041B7
0x803F0F4C, 635AA3F2
0x803F0F34, 3F60C0E2
0x803F0F3C, 637BB811
0x803F0F44, 3F803FA6
0x803F0F4C, 639CFE3F
0x803F0F34, 3FA041B4
0x803F0F3C, 63BDAD41
0x803F0F44, 3FC0C086
0x803F0F4C, 63DEE28D
0x803F0F34, 3FE040BE
0x803F0F3C, 63FF3719
0x803F0F44, 0x60000000
0x803F0F4C, BE080000
0x803F0F34, 3D008033
0x803F0F3C, 610826C0
0x803F0F44, 3E0040CE
0x803F0F4C, 621020F5
0x803F0F34, 3E20C121
0x803F0F3C, 6231810D
0x803F0F44, 3E404100
0x803F0F4C, 62524AB8
0x803F0F34, 3E604111
0x803F0F3C, 627315B7
0x803F0F44, 3E80C0E2
0x803F0F4C, 6294B73B
0x803F0F34, 3EA0411A
0x803F0F3C, 62B56236
0x803F0F44, 3EC04155
0x803F0F4C, 62D6698F
0x803F0F34, 3EE0C086
0x803F0F3C, 62F7E202
0x803F0F44, 3F004138
0x803F0F4C, 63180006
0x803F0F34, 3F2041A5
0x803F0F3C, 63399E60
0x803F0F44, 3F40C136
0x803F0F4C, 635AFC6E
0x803F0F34, 3F604191
0x803F0F3C, 637B0050
0x803F0F44, 3F80419B
0x803F0F4C, 639C7AB6
0x803F0F34, 3FA0C110
0x803F0F3C, 63BD5AC1
0x803F0F44, 3FC0416F
0x803F0F4C, 63DE6E5D
0x803F0F34, 3FE04197
0x803F0F3C, 63FF321F
0x803F0F44, 0x60000000
0x803F0F4C, BE080000
0x803F0F34, 3D008033
0x803F0F3C, 61082700
0x803F0F44, 3E00C0FB
0x803F0F4C, 621061A2
0x803F0F34, 3E204153
0x803F0F3C, 62311D58
0x803F0F44, 3E404193
0x803F0F4C, 6252D0F0
0x803F0F34, 3E60C0D8
0x803F0F3C, 627382FB
0x803F0F44, 3E80413D
0x803F0F4C, 6294D9AC
0x803F0F34, 3EA041A3
0x803F0F3C, 62B5F59E
0x803F0F44, 3EC0C0D8
0x803F0F4C, 62D6831B
0x803F0F34, 3EE0412A
0x803F0F3C, 62F77354
0x803F0F44, 3F0041AB
0x803F0F4C, 6318C2AA
0x803F0F34, 3F20C0FB
0x803F0F3C, 633961C8
0x803F0F44, 3F40413A
0x803F0F4C, 635A66CE
0x803F0F34, 3F6041B6
0x803F0F3C, 637B4015
0x803F0F44, 3F80C110
0x803F0F4C, 639C5ADD
0x803F0F34, 3FA0414F
0x803F0F3C, 63BD427C
0x803F0F44, 3FC041C7
0x803F0F4C, 63DED0E5
0x803F0F34, 3FE0C136
0x803F0F3C, 63FFFC8F
0x803F0F44, 0x60000000
0x803F0F4C, BE080000
0x803F0F34, 3D008033
0x803F0F3C, 61082740
0x803F0F44, 3E004178
0x803F0F4C, 6210E814
0x803F0F34, 3E204170
0x803F0F3C, 6231F5F4
0x803F0F44, 3E40C136
0x803F0F4C, 6252FC33
0x803F0F34, 3E60418E
0x803F0F3C, 627389DF
0x803F0F44, 3E804180
0x803F0F4C, 62940552
0x803F0F34, 3EA0C113
0x803F0F3C, 62B511AE
0x803F0F44, 3EC0416D
0x803F0F4C, 62D64916
0x803F0F34, 3EE04183
0x803F0F3C, 62F7C2EE
0x803F0F44, 3F00C103
0x803F0F4C, 63186A41
0x803F0F34, 3F204151
0x803F0F3C, 63390F48
0x803F0F44, 3F404189
0x803F0F4C, 635AEAA6
0x803F0F34, 3F60C0DA
0x803F0F3C, 637B6B61
0x803F0F44, 3F80413C
0x803F0F4C, 639C5DB8
0x803F0F34, 3FA041DA
0x803F0F3C, 63BDD524
0x803F0F44, 3FC0C136
0x803F0F4C, 63DEFC91
0x803F0F34, 3FE04126
0x803F0F3C, 63FFE279
0x803F0F44, 0x60000000
0x803F0F4C, BE080000
0x803F0F34, 3D008033
0x803F0F3C, 61082780
0x803F0F44, 3E0041C2
0x803F0F4C, 621031A9
0x803F0F34, 3E20C113
0x803F0F3C, 623111ED
0x803F0F44, 3E40411D
0x803F0F4C, 6252C36D
0x803F0F34, 3E6041B3
0x803F0F3C, 6273FA1B
0x803F0F44, 3E80C103
0x803F0F4C, 62946A6E
0x803F0F34, 3EA04117
0x803F0F3C, 62B51E27
0x803F0F44, 3EC041A7
0x803F0F4C, 62D6F3A4
0x803F0F34, 3EE0C0DA
0x803F0F3C, 62F76BA0
0x803F0F44, 3F004118
0x803F0F4C, 631845A6
0x803F0F34, 3F2041C8
0x803F0F3C, 633936D2
0x803F0F44, 3F40C10B
0x803F0F4C, 635A7C54
0x803F0F34, 3F60417E
0x803F0F3C, 637BD6B9
0x803F0F44, 3F8041D8
0x803F0F4C, 639CEF19
0x803F0F34, 3FA0C116
0x803F0F3C, 63BD1D14
0x803F0F44, 3FC0412A
0x803F0F4C, 63DEEB89
0x803F0F34, 3FE041CE
0x803F0F3C, 63FFBF36
0x803F0F44, 0x60000000
0x803F0F4C, BE080000
0x803F0F34, 3D008033
0x803F0F3C, 610827C0
0x803F0F44, 3E00C11E
0x803F0F4C, 621065AA
0x803F0F34, 3E2040A0
0x803F0F3C, 623107CF
0x803F0F44, 3E4041A8
0x803F0F4C, 62520D07
0x803F0F34, 3E60C10B
0x803F0F3C, 62737C37
0x803F0F44, 3E804192
0x803F0F4C, 6294BEC0
0x803F0F34, 3EA04176
0x803F0F3C, 62B54E8F
0x803F0F44, 3EC0C116
0x803F0F4C, 62D61CB9
0x803F0F34, 3EE0418D
0x803F0F3C, 62F7CF30
0x803F0F44, 3F00412F
0x803F0F4C, 63189B7E
0x803F0F34, 3F20C11E
0x803F0F3C, 63396536
0x803F0F44, 3F40415E
0x803F0F4C, 635AF3D8
0x803F0F34, 3F604191
0x803F0F3C, 637B37BF
0x803F0F44, 3F80C07C
0x803F0F4C, 639C6B2B
0x803F0F34, 3FA04110
0x803F0F3C, 63BDA258
0x803F0F44, 3FC0419F
0x803F0F4C, 63DE30F0
0x803F0F34, 3FE0C0B0
0x803F0F3C, 63FF26EC
0x803F0F44, 0x60000000
0x803F0F4C, BE080000
0x803F0F34, 3D008033
0x803F0F3C, 61082800
0x803F0F44, 3E00411C
0x803F0F4C, 62105C20
0x803F0F34, 3E20418F
0x803F0F3C, 6231D58C
0x803F0F44, 3E40C0B0
0x803F0F4C, 625226D0
0x803F0F34, 3E60412E
0x803F0F3C, 6273D097
0x803F0F44, 3E8041A0
0x803F0F4C, 6294FFD9
0x803F0F34, 3EA0C053
0x803F0F3C, 62B595E1
0x803F0F44, 3EC0411E
0x803F0F4C, 62D622BF
0x803F0F34, 3EE0418F
0x803F0F3C, 62F7C4FB
0x803F0F44, 3F00C053
0x803F0F4C, 6318959E
0x803F0F34, 3F204132
0x803F0F3C, 6339D76A
0x803F0F44, 3F40419B
0x803F0F4C, 635AABCC
0x803F0F34, 3F60C0C4
0x803F0F3C, 637B89AF
0x803F0F44, 3F804162
0x803F0F4C, 639C02AF
0x803F0F34, 3FA04196
0x803F0F3C, 63BD6323
0x803F0F44, 3FC0C0A6
0x803F0F4C, 63DEE52C
0x803F0F34, 3FE04146
0x803F0F3C, 63FF686B
0x803F0F44, 0x60000000
0x803F0F4C, BE080000
0x803F0F34, 3D008033
0x803F0F3C, 61082840
0x803F0F44, 3E0041B0
0x803F0F4C, 62103C58
0x803F0F34, 3E20C0C4
0x803F0F3C, 623189D9
0x803F0F44, 3E404149
0x803F0F4C, 62524C24
0x803F0F34, 3E6041A6
0x803F0F3C, 627387CF
0x803F0F44, 3E80C0A6
0x803F0F4C, 6294E54F
0x803F0F34, 3EA04133
0x803F0F3C, 62B50214
0x803F0F44, 3EC041A2
0x803F0F4C, 62D62631
0x803F0F34, 3EE0C0C5
0x803F0F3C, 62F76EAD
0x803F0F44, 3F004182
0x803F0F4C, 6318D0D5
0x803F0F34, 3F2041BC
0x803F0F3C, 6339EB90
0x803F0F44, 3F40C0C5
0x803F0F4C, 635A6EDF
0x803F0F34, 3F604165
0x803F0F3C, 637B75C7
0x803F0F44, 3F8041AF
0x803F0F4C, 639C609C
0x803F0F34, 3FA0C0A6
0x803F0F3C, 63BD7C5D
0x803F0F44, 3FC0419E
0x803F0F4C, 63DEF024
0x803F0F34, 3FE041CF
0x803F0F3C, 63FF8A67
0x803F0F44, 0x60000000
0x803F0F4C, BE080000
0x803F0F34, 3D008033
0x803F0F3C, 61082880
0x803F0F44, 3E00C0A6
0x803F0F4C, 62107C9E
0x803F0F34, 3E20418B
0x803F0F3C, 62319CC0
0x803F0F44, 3E40C1A1
0x803F0F4C, 6252DB56
0x803F0F34, 3E60C132
0x803F0F3C, 6273B279
0x803F0F44, 3E80C0DC
0x803F0F4C, 6294F942
0x803F0F34, 3EA0C16F
0x803F0F3C, 62B5B8C6
0x803F0F44, 3EC0C132
0x803F0F4C, 62D6B279
0x803F0F34, 3EE0C12E
0x803F0F3C, 62F7D8F8
0x803F0F44, 3F00C10E
0x803F0F4C, 6318115A
0x803F0F34, 3F20C132
0x803F0F3C, 6339B27A
0x803F0F44, 3F40C125
0x803F0F4C, 635A3661
0x803F0F34, 3F60C0A9
0x803F0F3C, 637BCAF9
0x803F0F44, 3F80C132
0x803F0F4C, 639CB279
0x803F0F34, 3FA0C0AA
0x803F0F3C, 63BDEB03
0x803F0F44, 3FC0C0CB
0x803F0F4C, 63DE6564
0x803F0F34, 3FE0C132
0x803F0F3C, 63FFB27B
0x803F0F44, 0x60000000
0x803F0F4C, BE080000
0x803F0F34, 3D008033
0x803F0F3C, 610828C0
0x803F0F44, 3E003F8D
0x803F0F4C, 62108D58
0x803F0F34, 3E20C130
0x803F0F3C, 6231803B
0x803F0F44, 3E40C132
0x803F0F4C, 6252B0E7
0x803F0F34, 3E604104
0x803F0F3C, 6273B4B8
0x803F0F44, 3E80C1A8
0x803F0F4C, 629473B4
0x803F0F34, 3EA0C132
0x803F0F3C, 62B5B291
0x803F0F44, 3EC0412C
0x803F0F4C, 62D6434D
0x803F0F34, 3EE0C1BF
0x803F0F3C, 62F76D0A
0x803F0F44, 3F00C132
0x803F0F4C, 6318B422
0x803F0F34, 3F203F59
0x803F0F3C, 63391AB9
0x803F0F44, 3F40C13A
0x803F0F4C, 635A19B9
0x803F0F34, 3F60C0A5
0x803F0F3C, 637B3CFF
0x803F0F44, 3F8040C0
0x803F0F4C, 639CC27A
0x803F0F34, 3FA0C190
0x803F0F3C, 63BDD6BF
0x803F0F44, 3FC0C08E
0x803F0F4C, 63DE175F
0x803F0F34, 3FE040B3
0x803F0F3C, 63FFE276
0x803F0F44, 0x60000000
0x803F0F4C, BE080000
0x803F0F34, 3D008033
0x803F0F3C, 61082900
0x803F0F44, 3E00C1AD
0x803F0F4C, 62108549
0x803F0F34, 3E20C0A5
0x803F0F3C, 62313CFF
0x803F0F44, 3E403E5D
0x803F0F4C, 625278C4
0x803F0F34, 3E60C136
0x803F0F3C, 6273A15F
0x803F0F44, 3E80C0D5
0x803F0F4C, 6294F7E4
0x803F0F34, 3EA040A7
0x803F0F3C, 62B5A470
0x803F0F44, 3EC0C18C
0x803F0F4C, 62D62467
0x803F0F34, 3EE0C0C1
0x803F0F3C, 62F79A07
0x803F0F44, 3F004094
0x803F0F4C, 63185F3D
0x803F0F34, 3F20C1A8
0x803F0F3C, 6339BA55
0x803F0F44, 3F40C0D5
0x803F0F4C, 635AF7E6
0x803F0F34, 3F60BEB2
0x803F0F3C, 637B2813
0x803F0F44, 3F80C160
0x803F0F4C, 639C8660
0x803F0F34, 3FA0C132
0x803F0F3C, 63BDB0A2
0x803F0F44, 3FC04126
0x803F0F4C, 63DE8769
0x803F0F34, 3FE0C1C2
0x803F0F3C, 63FF1095
0x803F0F44, 0x60000000
0x803F0F4C, BE080000
0x803F0F34, 3D008033
0x803F0F3C, 61082940
0x803F0F44, 3E00C132
0x803F0F4C, 6210B475
0x803F0F34, 3E204090
0x803F0F3C, 623124BA
0x803F0F44, 3E40C19C
0x803F0F4C, 6252CC53
0x803F0F34, 3E60C10E
0x803F0F3C, 6273B543
0x803F0F44, 3E804103
0x803F0F4C, 6294E249
0x803F0F34, 3EA0C150
0x803F0F3C, 62B54F54
0x803F0F44, 3EC0C119
0x803F0F4C, 62D6948F
0x803F0F34, 3EE04107
0x803F0F3C, 62F73F28
0x803F0F44, 3F00C1B8
0x803F0F4C, 63189306
0x803F0F34, 3F20C119
0x803F0F3C, 6339999B
0x803F0F44, 3F404029
0x803F0F4C, 635A8BA0
0x803F0F34, 3F60C098
0x803F0F3C, 637B2392
0x803F0F44, 3F80C10A
0x803F0F4C, 639C0A8B
0x803F0F34, 3FA0C0BC
0x803F0F3C, 63BD6625
0x803F0F44, 3FC0C0A9
0x803F0F4C, 63DECAF5
0x803F0F34, 3FE0C0DB
0x803F0F3C, 63FF0783
0x803F0F44, 0x60000000
0x803F0F4C, BE080000
0x803F0F34, 3D008033
0x803F0F3C, 61082980
0x803F0F44, 3E00C0AA
0x803F0F4C, 6210EB03
0x803F0F34, 3E20C0BC
0x803F0F3C, 62316853
0x803F0F44, 3E40C0F9
0x803F0F4C, 62527759
0x803F0F34, 3E603F9B
0x803F0F3C, 6273C194
0x803F0F44, 3E80C1A3
0x803F0F4C, 62943115
0x803F0F34, 3EA0C0F9
0x803F0F3C, 62B57738
0x803F0F44, 3EC0C0E5
0x803F0F4C, 62D628BF
0x803F0F34, 3EE0C18C
0x803F0F3C, 62F72464
0x803F0F44, 3F00C03C
0x803F0F4C, 631848DC
0x803F0F34, 3F204094
0x803F0F3C, 63395F1C
0x803F0F44, 3F40C136
0x803F0F4C, 635AA157
0x803F0F34, 3F60C063
0x803F0F3C, 637BEDC8
0x803F0F44, 3F8040A7
0x803F0F4C, 639CA457
0x803F0F34, 3FA0C1A8
0x803F0F3C, 63BDBA51
0x803F0F44, 3FC0C063
0x803F0F4C, 63DEEDCC
0x803F0F34, 3FE0BEB2
0x803F0F3C, 63FF2920
0x803F0F44, 0x60000000
0x803F0F4C, BE080000
0x803F0F34, 3D008033
0x803F0F3C, 610829C0
0x803F0F44, 3E00C16F
0x803F0F4C, 6210B8C4
0x803F0F34, 3E20C0DA
0x803F0F3C, 623188D5
0x803F0F44, 3E40C12E
0x803F0F4C, 6252D8F9
0x803F0F34, 3E60C10E
0x803F0F3C, 6273115A
0x803F0F44, 3E80C0DB
0x803F0F4C, 62940785
0x803F0F34, 3EA0C125
0x803F0F3C, 62B5365F
0x803F0F44, 3EC0C1A0
0x803F0F4C, 62D653B7
0x803F0F34, 3EE0C0C7
0x803F0F3C, 62F7252F
0x803F0F44, 3F00C0D9
0x803F0F4C, 631870D2
0x803F0F34, 3F20C0CB
0x803F0F3C, 63396562
0x803F0F44, 3F40C0C7
0x803F0F4C, 635A252F
0x803F0F34, 3F603F8D
0x803F0F3C, 637B8D61
0x803F0F44, 3F80C106
0x803F0F4C, 639C4642
0x803F0F34, 3FA0C10A
0x803F0F3C, 63BD0A8B
0x803F0F44, 3FC0C133
0x803F0F4C, 63DE395B
0x803F0F34, 3FE0C16D
0x803F0F3C, 63FF02AA
0x803F0F44, 0x60000000
0x803F0F4C, BE080000
0x803F0F34, 3D008033
0x803F0F3C, 61082A00
0x803F0F44, 3E00C109
0x803F0F4C, 62108D25
0x803F0F34, 3E20C13B
0x803F0F3C, 62311E6C
0x803F0F44, 3E40C18C
0x803F0F4C, 6252CE3E
0x803F0F34, 3E603E43
0x803F0F3C, 62735BD5
0x803F0F44, 3E804098
0x803F0F4C, 6294F7E2
0x803F0F34, 3EA0C1A9
0x803F0F3C, 62B5642B
0x803F0F44, 3EC0BF08
0x803F0F4C, 62D69ECB
0x803F0F34, 3EE0BE51
0x803F0F3C, 62F73837
0x803F0F44, 3F00C1A0
0x803F0F4C, 631853B2
0x803F0F34, 3F20BFB3
0x803F0F3C, 63395140
0x803F0F44, 3F40C0D9
0x803F0F4C, 635A7104
0x803F0F34, 3F60C16F
0x803F0F3C, 637BB8B6
0x803F0F44, 3F80BF04
0x803F0F4C, 639CEE4A
0x803F0F34, 3FA0C12E
0x803F0F3C, 63BDD911
0x803F0F44, 3FC0C10E
0x803F0F4C, 63DE1148
0x803F0F34, 3FE0BCF0
0x803F0F3C, 63FF739B
0x803F0F44, 0x60000000
0x803F0F4C, BE080000
0x803F0F34, 3D008033
0x803F0F3C, 61082A40
0x803F0F44, 3E00C125
0x803F0F4C, 62103679
0x803F0F34, 3E20C137
0x803F0F3C, 6231F50D
0x803F0F44, 3E40BF08
0x803F0F4C, 62529ECB
0x803F0F34, 3E6040AC
0x803F0F3C, 62733D25
0x803F0F44, 3E80C0CB
0x803F0F4C, 62946549
0x803F0F34, 3EA0BFB3
0x803F0F3C, 62B55148
0x803F0F44, 3EC03F8D
0x803F0F4C, 62D68CB9
0x803F0F34, 3EE0C0A9
0x803F0F3C, 62F7CAD5
0x803F0F44, 3F00BF06
0x803F0F4C, 6318EA10
0x803F0F34, 3F20C0AA
0x803F0F3C, 6339EB3A
0x803F0F44, 3F40C194
0x803F0F4C, 635A1625
0x803F0F34, 3F60C0F5
0x803F0F3C, 637B49AE
0x803F0F44, 3F8040CB
0x803F0F4C, 639C696C
0x803F0F34, 3FA0C1B1
0x803F0F3C, 63BD284B
0x803F0F44, 3FC0C106
0x803F0F4C, 63DE9547
0x803F0F34, 3FE03FA1
0x803F0F3C, 63FF4B1F
0x803F0F44, 0x60000000
0x803F0F4C, BE080000
0x803F0F34, 3D008033
0x803F0F3C, 61082A80
0x803F0F44, 3E00C144
0x803F0F4C, 62107B99
0x803F0F34, 3E20C106
0x803F0F3C, 623194A2
0x803F0F44, 3E4040DE
0x803F0F4C, 6252927B
0x803F0F34, 3E60C1B3
0x803F0F3C, 627324C2
0x803F0F44, 3E80C132
0x803F0F4C, 6294B278
0x803F0F34, 3EA0C05F
0x803F0F3C, 62B59DED
0x803F0F44, 3EC0C105
0x803F0F4C, 62D670BD
0x803F0F34, 3EE0C132
0x803F0F3C, 62F7B27A
0x803F0F44, 3F004095
0x803F0F4C, 631801C5
0x803F0F34, 3F20C18A
0x803F0F3C, 6339CBD3
0x803F0F44, 3F40C132
0x803F0F4C, 635AB128
0x803F0F34, 3F604138
0x803F0F3C, 637BDEE5
0x803F0F44, 3F80C1BC
0x803F0F4C, 639CB211
0x803F0F34, 3FA0C132
0x803F0F3C, 63BDB3F4
0x803F0F44, 3FC040FE
0x803F0F4C, 63DE80F5
0x803F0F34, 3FE0C1A4
0x803F0F3C, 63FFCF04
0x803F0F44, 0x60000000
0x803F0F4C, BE080000
0x803F0F34, 3D008033
0x803F0F3C, 61082AC0
0x803F0F44, 3E00C11F
0x803F0F4C, 6210674E
0x803F0F34, 3E20411F
0x803F0F3C, 6231A350
0x803F0F44, 3E40C1AF
0x803F0F4C, 6252C345
0x803F0F34, 3E60C111
0x803F0F3C, 6273E624
0x803F0F44, 3E8040A5
0x803F0F4C, 62948D7E
0x803F0F34, 3EA0C17C
0x803F0F3C, 62B501B2
0x803F0F44, 3EC0C111
0x803F0F4C, 62D6E305
0x803F0F34, 3EE0410C
0x803F0F3C, 62F73BD0
0x803F0F44, 3F00C189
0x803F0F4C, 631847DF
0x803F0F34, 3F20C122
0x803F0F3C, 63391E40
0x803F0F44, 3F40412E
0x803F0F4C, 635AA6EF
0x803F0F34, 3F60C1B9
0x803F0F3C, 637B09DD
0x803F0F44, 3F80C122
0x803F0F4C, 639C20EA
0x803F0F34, 3FA040EF
0x803F0F3C, 63BD0319
0x803F0F44, 3FC0C15E
0x803F0F4C, 63DE01C4
0x803F0F34, 3FE0C128
0x803F0F3C, 63FF7FF2
0x803F0F44, 0x60000000
0x803F0F4C, BE080000
0x803F0F34, 3D008033
0x803F0F3C, 61082B00
0x803F0F44, 3E004120
0x803F0F4C, 621091AB
0x803F0F34, 3E20C1C0
0x803F0F3C, 62311D45
0x803F0F44, 3E40C128
0x803F0F4C, 625283C4
0x803F0F34, 3E604085
0x803F0F3C, 6273D207
0x803F0F44, 3E80C1A8
0x803F0F4C, 6294BCD2
0x803F0F34, 3EA0C136
0x803F0F3C, 62B5FC13
0x803F0F44, 3EC0C103
0x803F0F4C, 62D681DE
0x803F0F34, 3EE0C1A1
0x803F0F3C, 62F701DE
0x803F0F44, 3F00C117
0x803F0F4C, 6318D4A5
0x803F0F34, 3F20C109
0x803F0F3C, 6339AFAC
0x803F0F44, 3F40C193
0x803F0F4C, 635A4A2C
0x803F0F34, 3F60C0FC
0x803F0F3C, 637BDD66
0x803F0F44, 3F80C133
0x803F0F4C, 639CA963
0x803F0F34, 3FA0C19B
0x803F0F3C, 63BD2876
0x803F0F44, 3FC0C124
0x803F0F4C, 63DE334D
0x803F0F34, 3FE0C12E
0x803F0F3C, 63FF92DA
0x803F0F44, 0x60000000
0x803F0F4C, BE080000
0x803F0F34, 3D008033
0x803F0F3C, 61082B40
0x803F0F44, 3E00C14A
0x803F0F4C, 62101A64
0x803F0F34, 3E20C07B
0x803F0F3C, 6231BD51
0x803F0F44, 3E40C165
0x803F0F4C, 6252C75B
0x803F0F34, 3E60C114
0x803F0F3C, 6273AEDF
0x803F0F44, 3E80C0DC
0x803F0F4C, 629496B3
0x803F0F34, 3EA0C14B
0x803F0F3C, 62B5D1F1
0x803F0F44, 3EC0C115
0x803F0F4C, 62D69712
0x803F0F34, 3EE0C110
0x803F0F3C, 62F75A7C
0x803F0F44, 3F00C156
0x803F0F4C, 63180CD9
0x803F0F34, 3F20C111
0x803F0F3C, 63391CA5
0x803F0F44, 3F40C136
0x803F0F4C, 635AFC0D
0x803F0F34, 3F60C180
0x803F0F3C, 637BA0FD
0x803F0F44, 3F80C16A
0x803F0F4C, 639CCAE4
0x803F0F34, 3FA0C136
0x803F0F3C, 63BDFC0E
0x803F0F44, 3FC0C175
0x803F0F4C, 63DE86C7
0x803F0F34, 3FE0C15B
0x803F0F3C, 63FF6874
0x803F0F44, 0x60000000
0x803F0F4C, BE080000
0x803F0F34, 3D008033
0x803F0F3C, 61082B80
0x803F0F44, 3E00C10B
0x803F0F4C, 62108229
0x803F0F34, 3E20C153
0x803F0F3C, 623150E4
0x803F0F44, 3E40C14A
0x803F0F4C, 62520835
0x803F0F34, 3E60C0D7
0x803F0F3C, 6273E9BE
0x803F0F44, 3E80C154
0x803F0F4C, 62945EE4
0x803F0F34, 3EA0C10B
0x803F0F3C, 62B5B8CC
0x803F0F44, 3EC0C114
0x803F0F4C, 62D60220
0x803F0F34, 3EE0C17B
0x803F0F3C, 62F7839C
0x803F0F44, 3F00C166
0x803F0F4C, 631830CF
0x803F0F34, 3F20C118
0x803F0F3C, 6339E816
0x803F0F44, 3F40C170
0x803F0F4C, 635A738B
0x803F0F34, 3F60C195
0x803F0F3C, 637B2385
0x803F0F44, 3F80C136
0x803F0F4C, 639CFC10
0x803F0F34, 3FA0C14C
0x803F0F3C, 63BD2BC8
0x803F0F44, 3FC0C187
0x803F0F4C, 63DEFC43
0x803F0F34, 3FE0C10B
0x803F0F3C, 63FF05C8
0x803F0F44, 0x60000000
0x803F0F4C, BE080000
0x803F0F34, 3D008033
0x803F0F3C, 61082BC0
0x803F0F44, 3E00C141
0x803F0F4C, 621054DA
0x803F0F34, 3E20C146
0x803F0F3C, 6231D255
0x803F0F44, 3E40C09D
0x803F0F4C, 6252CB04
0x803F0F34, 3E60C142
0x803F0F3C, 6273C0B2
0x803F0F44, 3E80C0FE
0x803F0F4C, 6294EB6E
0x803F0F34, 3EA0C089
0x803F0F3C, 62B5059F
0x803F0F44, 3EC0C136
0x803F0F4C, 62D6D261
0x803F0F34, 3EE0C085
0x803F0F3C, 62F7C78A
0x803F0F44, 3F00C136
0x803F0F4C, 6318FC19
0x803F0F34, 3F203FC5
0x803F0F3C, 6339B54A
0x803F0F44, 3F40C08A
0x803F0F4C, 635A89C4
0x803F0F34, 3F60C117
0x803F0F3C, 637BD4A7
0x803F0F44, 3F803F03
0x803F0F4C, 639CC1F0
0x803F0F34, 3FA0C03A
0x803F0F3C, 63BD8A7E
0x803F0F44, 3FC0C0FC
0x803F0F4C, 63DEDD6C
0x803F0F34, 3FE0C012
0x803F0F3C, 63FF0CE9
0x803F0F44, 0x60000000
0x803F0F4C, BE080000
0x803F0F34, 3D008033
0x803F0F3C, 61082C00
0x803F0F44, 3E00C02C
0x803F0F4C, 6210B157
0x803F0F34, 3E20C124
0x803F0F3C, 62313352
0x803F0F44, 3E40BFA2
0x803F0F4C, 6252B8E1
0x803F0F34, 3E60C045
0x803F0F3C, 6273E32E
0x803F0F44, 3E80C07B
0x803F0F4C, 6294BD62
0x803F0F34, 3EA0C10D
0x803F0F3C, 62B5A87B
0x803F0F44, 3EC0C0C5
0x803F0F4C, 62D65384
0x803F0F34, 3EE0C0DC
0x803F0F3C, 62F796B1
0x803F0F44, 3F00C12E
0x803F0F4C, 6318F0FD
0x803F0F34, 3F20C0B2
0x803F0F3C, 6339B335
0x803F0F44, 3F40C110
0x803F0F4C, 635A5A7F
0x803F0F34, 3F60C133
0x803F0F3C, 637B4564
0x803F0F44, 3F80C058
0x803F0F4C, 639CAEBC
0x803F0F34, 3FA0C136
0x803F0F3C, 63BDFC0E
0x803F0F44, 3FC0C14C
0x803F0F4C, 63DEC0DF
0x803F0F34, 3FE0BF9B
0x803F0F3C, 63FFE96C
0x803F0F44, 0x60000000
0x803F0F4C, BE080000
0x803F0F34, 3D008033
0x803F0F3C, 61082C40
0x803F0F44, 3E00C136
0x803F0F4C, 6210FC13
0x803F0F34, 3E20C0F2
0x803F0F3C, 623171DC
0x803F0F44, 3E40C063
0x803F0F4C, 62523BD6
0x803F0F34, 3E60C10B
0x803F0F3C, 6273822D
0x803F0F44, 3E80C0EA
0x803F0F4C, 6294E150
0x803F0F34, 3EA0C081
0x803F0F3C, 62B52A8F
0x803F0F44, 3EC0C0D7
0x803F0F4C, 62D6E9C2
0x803F0F34, 3EE0C105
0x803F0F3C, 62F703F3
0x803F0F44, 3F00C077
0x803F0F4C, 63185BF7
0x803F0F34, 3F20C114
0x803F0F3C, 63390222
0x803F0F44, 3F40C14E
0x803F0F4C, 635A8CA5
0x803F0F34, 3F60BFD1
0x803F0F3C, 637B7B31
0x803F0F44, 3F80C118
0x803F0F4C, 639CE81A
0x803F0F34, 3FA0C0F5
0x803F0F3C, 63BD5713
0x803F0F44, 3FC0BFBC
0x803F0F4C, 63DE7C20
0x803F0F34, 3FE0C136
0x803F0F3C, 63FFFC13
0x803F0F44, 0x60000000
0x803F0F4C, BE080000
0x803F0F34, 3D008033
0x803F0F3C, 61082C80
0x803F0F44, 3E00C036
0x803F0F4C, 62104281
0x803F0F34, 3E20C038
0x803F0F3C, 623167F5
0x803F0F44, 3E40C10B
0x803F0F4C, 625205CD
0x803F0F34, 3E60C07B
0x803F0F3C, 6273B589
0x803F0F44, 3E80C0A2
0x803F0F4C, 6294E445
0x803F0F34, 3EA0C09D
0x803F0F3C, 62B5CB06
0x803F0F44, 3EC0C0FD
0x803F0F4C, 62D6F91E
0x803F0F34, 3EE0C111
0x803F0F3C, 62F734A5
0x803F0F44, 3F00C05B
0x803F0F4C, 6318BCBA
0x803F0F34, 3F20C15B
0x803F0F3C, 6339F068
0x803F0F44, 3F40C0AC
0x803F0F4C, 635AE27E
0x803F0F34, 3F60C05B
0x803F0F3C, 637BBCC7
0x803F0F44, 3F80C13A
0x803F0F4C, 639C0334
0x803F0F34, 3FA0C0CF
0x803F0F3C, 63BD1685
0x803F0F44, 3FC0C136
0x803F0F4C, 63DEFC0A
0x803F0F34, 3FE0C198
0x803F0F3C, 63FF8D43
0x803F0F44, 0x60000000
0x803F0F4C, BE080000
0x803F0F34, 3D008033
0x803F0F3C, 61082CC0
0x803F0F44, 3E00C006
0x803F0F4C, 621013F0
0x803F0F34, 3E20C136
0x803F0F3C, 6231FC0E
0x803F0F44, 3E40C184
0x803F0F4C, 62525673
0x803F0F34, 3E60BFF4
0x803F0F3C, 62738AAD
0x803F0F44, 3E80C0C7
0x803F0F4C, 6294EBF2
0x803F0F34, 3EA0C18E
0x803F0F3C, 62B58DC3
0x803F0F44, 3EC0C0AE
0x803F0F4C, 62D6A681
0x803F0F34, 3EE0C0C7
0x803F0F3C, 62F7EBEA
0x803F0F44, 3F00C19E
0x803F0F4C, 6318F024
0x803F0F34, 3F20C096
0x803F0F3C, 63395F6E
0x803F0F44, 3F40C0ED
0x803F0F4C, 635A3A36
0x803F0F34, 3F60C166
0x803F0F3C, 637B0F2B
0x803F0F44, 3F80C0E1
0x803F0F4C, 639C6074
0x803F0F34, 3FA0C0ED
0x803F0F3C, 63BD3A38
0x803F0F44, 3FC0C17B
0x803F0F4C, 63DEB5F8
0x803F0F34, 3FE0C0C1
0x803F0F3C, 63FF3E34
0x803F0F44, 0x60000000
0x803F0F4C, BE080000
0x803F0F34, 3D008033
0x803F0F3C, 61082D00
0x803F0F44, 3E00C0C6
0x803F0F4C, 621047E9
0x803F0F34, 3E20C14D
0x803F0F3C, 62317BC1
0x803F0F44, 3E40C0F6
0x803F0F4C, 625281FC
0x803F0F34, 3E60C0C6
0x803F0F3C, 627347E9
0x803F0F44, 3E80C15C
0x803F0F4C, 6294DC03
0x803F0F34, 3EA0C0AB
0x803F0F3C, 62B59A4C
0x803F0F44, 3EC0C07E
0x803F0F4C, 62D60E84
0x803F0F34, 3EE0C15A
0x803F0F3C, 62F7D964
0x803F0F44, 3F00C0EA
0x803F0F4C, 63182D8A
0x803F0F34, 3F20C07E
0x803F0F3C, 63390E84
0x803F0F44, 3F40C16C
0x803F0F4C, 635AE9B7
0x803F0F34, 3F60C176
0x803F0F3C, 637B6241
0x803F0F44, 3F80405F
0x803F0F4C, 639CD2F2
0x803F0F34, 3FA0C161
0x803F0F3C, 63BD46D5
0x803F0F44, 3FC0C0DC
0x803F0F4C, 63DE21D9
0x803F0F34, 3FE0405F
0x803F0F3C, 63FFD295
0x803F0F44, 0x60000000
0x803F0F4C, BE080000
0x803F0F34, 3D008033
0x803F0F3C, 61082D40
0x803F0F44, 3E00C154
0x803F0F4C, 6210F22B
0x803F0F34, 3E20BFF9
0x803F0F3C, 6231D6A6
0x803F0F44, 3E40405F
0x803F0F4C, 6252D2FA
0x803F0F34, 3E60C0CA
0x803F0F3C, 62731D6D
0x803F0F44, 3E80C060
0x803F0F4C, 6294377A
0x803F0F34, 3EA0405F
0x803F0F3C, 62B5D3BB
0x803F0F44, 3EC04033
0x803F0F4C, 62D663E5
0x803F0F34, 3EE0C129
0x803F0F3C, 62F7FFB9
0x803F0F44, 3F00405F
0x803F0F4C, 6318D520
0x803F0F34, 3F20410B
0x803F0F3C, 63394C78
0x803F0F44, 3F40C199
0x803F0F4C, 635A286A
0x803F0F34, 3F60405F
0x803F0F3C, 637BD580
0x803F0F44, 3F8040FD
0x803F0F4C, 639CEFE5
0x803F0F34, 3FA0C1C0
0x803F0F3C, 63BD93A2
0x803F0F44, 3FC0405F
0x803F0F4C, 63DED4D8
0x803F0F34, 3FE03F71
0x803F0F3C, 63FF4584
0x803F0F44, 0x60000000
0x803F0F4C, BE080000
0x803F0F34, 3D008033
0x803F0F3C, 61082D80
0x803F0F44, 3E00C1B4
0x803F0F4C, 62102A08
0x803F0F34, 3E20405F
0x803F0F3C, 6231D42C
0x803F0F44, 3E40C102
0x803F0F4C, 6252D343
0x803F0F34, 3E60C176
0x803F0F3C, 62736225
0x803F0F44, 3E804125
0x803F0F4C, 6294A8D0
0x803F0F34, 3EA0C161
0x803F0F3C, 62B54704
0x803F0F44, 3EC0C0DC
0x803F0F4C, 62D621C2
0x803F0F34, 3EE04125
0x803F0F3C, 62F7A8B9
0x803F0F44, 3F00C154
0x803F0F4C, 6318F247
0x803F0F34, 3F20BFF9
0x803F0F3C, 6339D578
0x803F0F44, 3F404125
0x803F0F4C, 635AA8D0
0x803F0F34, 3F60C0CA
0x803F0F3C, 637B1D7C
0x803F0F44, 3F80C060
0x803F0F4C, 639C371E
0x803F0F34, 3FA04125
0x803F0F3C, 63BDA910
0x803F0F44, 3FC04033
0x803F0F4C, 63DE6345
0x803F0F34, 3FE0C129
0x803F0F3C, 63FFFFB0
0x803F0F44, 0x60000000
0x803F0F4C, BE080000
0x803F0F34, 3D008033
0x803F0F3C, 61082DC0
0x803F0F44, 3E004125
0x803F0F4C, 6210A949
0x803F0F34, 3E20410B
0x803F0F3C, 62314C68
0x803F0F44, 3E40C199
0x803F0F4C, 6252285E
0x803F0F34, 3E604125
0x803F0F3C, 6273A964
0x803F0F44, 3E8040FD
0x803F0F4C, 6294EF8B
0x803F0F34, 3EA0C1C0
0x803F0F3C, 62B59392
0x803F0F44, 3EC04125
0x803F0F4C, 62D6A949
0x803F0F34, 3EE03F71
0x803F0F3C, 62F7423E
0x803F0F44, 3F00C1B4
0x803F0F4C, 631829FD
0x803F0F34, 3F204125
0x803F0F3C, 6339A90E
0x803F0F44, 3F40C102
0x803F0F4C, 635AD36D
0x803F0F34, 3F60C150
0x803F0F3C, 637B30DF
0x803F0F44, 3F80BFC5
0x803F0F4C, 639C24D1
0x803F0F34, 3FA0C02B
0x803F0F3C, 63BDF480
0x803F0F44, 3FC0C1AE
0x803F0F4C, 63DE9AC1
0x803F0F34, 3FE04023
0x803F0F3C, 63FFA24D
0x803F0F44, 0x60000000
0x803F0F4C, BE080000
0x803F0F34, 3D008033
0x803F0F3C, 61082E00
0x803F0F44, 3E00BCE9
0x803F0F4C, 6210B7BF
0x803F0F34, 3E20C1A5
0x803F0F3C, 6231DBDA
0x803F0F44, 3E404023
0x803F0F4C, 6252A11F
0x803F0F34, 3E60C0E4
0x803F0F3C, 62739D06
0x803F0F44, 3E80C171
0x803F0F4C, 6294DDBE
0x803F0F34, 3EA04023
0x803F0F3C, 62B5A088
0x803F0F44, 3EC0C13A
0x803F0F4C, 62D66141
0x803F0F34, 3EE0C104
0x803F0F3C, 62F749CD
0x803F0F44, 3F004023
0x803F0F4C, 6318A08C
0x803F0F34, 3F20C12E
0x803F0F3C, 633974CA
0x803F0F44, 3F40C086
0x803F0F4C, 635A591B
0x803F0F34, 3F604023
0x803F0F3C, 637BA06A
0x803F0F44, 3F80C0AB
0x803F0F4C, 639C0AE1
0x803F0F34, 3FA0C0A9
0x803F0F3C, 63BD54CC
0x803F0F44, 3FC04023
0x803F0F4C, 63DEA194
0x803F0F34, 3FE03FE2
0x803F0F3C, 63FFA173
0x803F0F44, 0x60000000
0x803F0F4C, BE080000
0x803F0F34, 3D008033
0x803F0F3C, 61082E40
0x803F0F44, 3E00C12E
0x803F0F4C, 62108448
0x803F0F34, 3E204023
0x803F0F3C, 6231A1E0
0x803F0F44, 3E4040C8
0x803F0F4C, 6252CDF9
0x803F0F34, 3E60C18E
0x803F0F3C, 62730C07
0x803F0F44, 3E804023
0x803F0F4C, 6294A298
0x803F0F34, 3EA040B0
0x803F0F3C, 62B5F54B
0x803F0F44, 3EC0C1B4
0x803F0F4C, 62D610EE
0x803F0F34, 3EE0BF8F
0x803F0F3C, 62F72B99
0x803F0F44, 3F003F2A
0x803F0F4C, 6318F848
0x803F0F34, 3F20C19F
0x803F0F3C, 6339D294
0x803F0F44, 3F40C0B3
0x803F0F4C, 635ABB2C
0x803F0F34, 3F60C12A
0x803F0F3C, 637BFAD4
0x803F0F44, 3F80C173
0x803F0F4C, 639C4253
0x803F0F34, 3FA0BFC7
0x803F0F3C, 63BD243A
0x803F0F44, 3FC0C14C
0x803F0F4C, 63DEA1AE
0x803F0F34, 3FE0C0FD
0x803F0F3C, 63FF7E19
0x803F0F44, 0x60000000
0x803F0F4C, BE080000
0x803F0F34, 3D008033
0x803F0F3C, 61082E80
0x803F0F44, 3E00BE75
0x803F0F4C, 6210BA2C
0x803F0F34, 3E20C138
0x803F0F3C, 62310E54
0x803F0F44, 3E40C150
0x803F0F4C, 62523112
0x803F0F34, 3E60C036
0x803F0F3C, 6273F19D
0x803F0F44, 3E80C02B
0x803F0F4C, 6294F40E
0x803F0F34, 3EA0C04A
0x803F0F3C, 62B5AF5C
0x803F0F44, 3EC0BFC7
0x803F0F4C, 62D62418
0x803F0F34, 3EE0C0BA
0x803F0F3C, 62F7E1CA
0x803F0F44, 3F00C026
0x803F0F4C, 63187C57
0x803F0F34, 3F20C0B3
0x803F0F3C, 6339BB2A
0x803F0F44, 3F40BF27
0x803F0F4C, 635A6838
0x803F0F34, 3F60C132
0x803F0F3C, 637BB45A
0x803F0F44, 3F80BF8F
0x803F0F4C, 639C2B99
0x803F0F34, 3FA040E6
0x803F0F3C, 63BDDDB5
0x803F0F44, 3FC0C193
0x803F0F4C, 63DE63B6
0x803F0F34, 3FE03DAB
0x803F0F3C, 63FF6E93
0x803F0F44, 0x60000000
0x803F0F4C, BE080000
0x803F0F34, 3D008033
0x803F0F3C, 61082EC0
0x803F0F44, 3E0040D5
0x803F0F4C, 6210F8EC
0x803F0F34, 3E20C18E
0x803F0F3C, 62310C09
0x803F0F44, 3E403F90
0x803F0F4C, 6252BF6E
0x803F0F34, 3E6040B0
0x803F0F3C, 6273F55E
0x803F0F44, 3E80C12E
0x803F0F4C, 62948457
0x803F0F34, 3EA03F1A
0x803F0F3C, 62B59846
0x803F0F44, 3EC040C8
0x803F0F4C, 62D6CDF9
0x803F0F34, 3EE0C0A9
0x803F0F3C, 62F754ED
0x803F0F44, 3F00C005
0x803F0F4C, 631880BB
0x803F0F34, 3F203FE2
0x803F0F3C, 6339A24D
0x803F0F44, 3F40C086
0x803F0F4C, 635A592B
0x803F0F34, 3F603ED3
0x803F0F3C, 637B09EA
0x803F0F44, 3F80C0AB
0x803F0F4C, 639C0ABD
0x803F0F34, 3FA0C1AE
0x803F0F3C, 63BD9AC8
0x803F0F44, 3FC03F1A
0x803F0F4C, 63DE97E1
0x803F0F34, 3FE0BCE9
0x803F0F3C, 63FF8FE7
0x803F0F44, 0x60000000
0x803F0F4C, BE080000
0x803F0F34, 3D008033
0x803F0F3C, 61082F00
0x803F0F44, 3E00C1A5
0x803F0F4C, 6210DBE3
0x803F0F34, 3E20C005
0x803F0F3C, 623180BF
0x803F0F44, 3E40C0E4
0x803F0F4C, 62529CD2
0x803F0F34, 3E60C104
0x803F0F3C, 627349C9
0x803F0F44, 3E803F8A
0x803F0F4C, 62949907
0x803F0F34, 3EA0C12E
0x803F0F3C, 62B574CE
0x803F0F44, 3EC0C171
0x803F0F4C, 62D6DDCD
0x803F0F34, 3EE03ED3
0x803F0F3C, 62F70A2D
0x803F0F44, 3F00C13A
0x803F0F4C, 6318612B
0x803F0F34, 3F20C1B1
0x803F0F3C, 63399CC2
0x803F0F44, 3F40C0CB
0x803F0F4C, 635AECA2
0x803F0F34, 3F60C0BB
0x803F0F3C, 637B7B1C
0x803F0F44, 3F80C0B5
0x803F0F4C, 639C722E
0x803F0F34, 3FA0C0CB
0x803F0F3C, 63BDECA2
0x803F0F44, 3FC0406B
0x803F0F4C, 63DEE100
0x803F0F34, 3FE0C1B0
0x803F0F3C, 63FF941F
0x803F0F44, 0x60000000
0x803F0F4C, BE080000
0x803F0F34, 3D008033
0x803F0F3C, 61082F40
0x803F0F44, 3E004136
0x803F0F4C, 6210FC7D
0x803F0F34, 3E203E92
0x803F0F3C, 62318D22
0x803F0F44, 3E40C1A6
0x803F0F4C, 62526911
0x803F0F34, 3E604136
0x803F0F3C, 6273FC4B
0x803F0F44, 3E80C0E5
0x803F0F4C, 6294E3B4
0x803F0F34, 3EA0C16F
0x803F0F3C, 62B57A51
0x803F0F44, 3EC04136
0x803F0F4C, 62D6FC19
0x803F0F34, 3EE0C140
0x803F0F3C, 62F751B0
0x803F0F44, 3F00C0FF
0x803F0F4C, 63189D39
0x803F0F34, 3F204136
0x803F0F3C, 6339FC03
0x803F0F44, 3F40C136
0x803F0F4C, 635A37AC
0x803F0F34, 3F60C07C
0x803F0F3C, 637BE5BD
0x803F0F44, 3F804136
0x803F0F4C, 639CFC1A
0x803F0F34, 3FA0C0B5
0x803F0F3C, 63BD1E52
0x803F0F44, 3FC0C0A7
0x803F0F4C, 63DE1F06
0x803F0F34, 3FE04136
0x803F0F3C, 63FFFC4C
0x803F0F44, 0x60000000
0x803F0F4C, BE080000
0x803F0F34, 3D008033
0x803F0F3C, 61082F80
0x803F0F44, 3E003FE7
0x803F0F4C, 6210B9D8
0x803F0F34, 3E20C130
0x803F0F3C, 6231E75E
0x803F0F44, 3E404136
0x803F0F4C, 6252FC7B
0x803F0F34, 3E6040D4
0x803F0F3C, 6273AE12
0x803F0F44, 3E80C190
0x803F0F4C, 62944974
0x803F0F34, 3EA04136
0x803F0F3C, 62B5FC92
0x803F0F44, 3EC040C0
0x803F0F4C, 62D67A59
0x803F0F34, 3EE0C1B0
0x803F0F3C, 62F77AD5
0x803F0F44, 3F00411E
0x803F0F4C, 63181179
0x803F0F34, 3F20401E
0x803F0F3C, 63399F02
0x803F0F44, 3F40C19F
0x803F0F4C, 635AE681
0x803F0F34, 3F60411E
0x803F0F3C, 637B1184
0x803F0F44, 3F8040AE
0x803F0F4C, 639C053E
0x803F0F34, 3FA0C197
0x803F0F3C, 63BD9C65
0x803F0F44, 3FC040D8
0x803F0F4C, 63DE01BD
0x803F0F34, 3FE040DD
0x803F0F3C, 63FF6057
0x803F0F44, 0x60000000
0x803F0F4C, BE080000
0x803F0F34, 3D008033
0x803F0F3C, 61082FC0
0x803F0F44, 3E00C19F
0x803F0F4C, 6210E68F
0x803F0F34, 3E204067
0x803F0F3C, 6231C0C2
0x803F0F44, 3E4040AE
0x803F0F4C, 62520583
0x803F0F34, 3E60C1B0
0x803F0F3C, 62737AD9
0x803F0F44, 3E804067
0x803F0F4C, 6294C094
0x803F0F34, 3EA0401E
0x803F0F3C, 62B59F38
0x803F0F44, 3EC0C1B8
0x803F0F4C, 62D6C4F8
0x803F0F34, 3EE040D8
0x803F0F3C, 62F70193
0x803F0F44, 3F003F7F
0x803F0F4C, 6318A3CA
0x803F0F34, 3F20C1C5
0x803F0F3C, 63397BFE
0x803F0F44, 3F4040D8
0x803F0F4C, 635A01E2
0x803F0F34, 3F6040D3
0x803F0F3C, 637B3A6D
0x803F0F44, 3F80C1B1
0x803F0F4C, 639CBA38
0x803F0F34, 3FA0411E
0x803F0F3C, 63BD114B
0x803F0F44, 3FC0C0B4
0x803F0F4C, 63DEFEBF
0x803F0F34, 3FE0C1B6
0x803F0F3C, 63FFBF2A
0x803F0F44, 0x60000000
0x803F0F4C, BE080000
0x803F0F34, 3D008033
0x803F0F3C, 61083000
0x803F0F44, 3E00411E
0x803F0F4C, 6210115F
0x803F0F34, 3E20C006
0x803F0F3C, 62314328
0x803F0F44, 3E40C1B9
0x803F0F4C, 625241A7
0x803F0F34, 3E6040D8
0x803F0F3C, 62730180
0x803F0F44, 3E80BEA3
0x803F0F4C, 62942DB2
0x803F0F34, 3EA0C1B6
0x803F0F3C, 62B5BF35
0x803F0F44, 3EC04067
0x803F0F4C, 62D6C03C
0x803F0F34, 3EE0C006
0x803F0F3C, 62F74289
0x803F0F44, 3F00C1B1
0x803F0F4C, 6318BA43
0x803F0F34, 3F204067
0x803F0F3C, 6339BF62
0x803F0F44, 3F40C0B4
0x803F0F4C, 635AFE6D
0x803F0F34, 3F60C1AF
0x803F0F3C, 637B37C4
0x803F0F44, 3F8040D8
0x803F0F4C, 639C0126
0x803F0F34, 3FA0C0ED
0x803F0F3C, 63BDED26
0x803F0F44, 3FC0C1D7
0x803F0F4C, 63DE6227
0x803F0F34, 3FE040D8
0x803F0F3C, 63FF016B
0x803F0F44, 0x60000000
0x803F0F4C, BE080000
0x803F0F34, 3D008033
0x803F0F3C, 61083040
0x803F0F44, 3E00C093
0x803F0F4C, 62107EEB
0x803F0F34, 3E20C188
0x803F0F3C, 62313F5A
0x803F0F44, 3E40411E
0x803F0F4C, 62521112
0x803F0F34, 3E60C13E
0x803F0F3C, 62733042
0x803F0F44, 3E80C19E
0x803F0F4C, 629463D8
0x803F0F34, 3EA0411E
0x803F0F3C, 62B5112A
0x803F0F44, 3EC0C119
0x803F0F4C, 62D60762
0x803F0F34, 3EE0C1A9
0x803F0F3C, 62F7761B
0x803F0F44, 3F0040D8
0x803F0F4C, 63180117
0x803F0F34, 3F20C106
0x803F0F3C, 633972E2
0x803F0F44, 3F40C19E
0x803F0F4C, 635A63E3
0x803F0F34, 3F604067
0x803F0F3C, 637BBEE8
0x803F0F44, 3F80C119
0x803F0F4C, 639C0741
0x803F0F34, 3FA0C188
0x803F0F3C, 63BD3F63
0x803F0F44, 3FC04067
0x803F0F4C, 63DEBEA5
0x803F0F34, 3FE0C13E
0x803F0F3C, 63FF3023
0x803F0F44, 0x60000000
0x803F0F4C, BE080000
0x803F0F34, 3D008033
0x803F0F3C, 61083080
0x803F0F44, 3E00C17A
0x803F0F4C, 62105A3F
0x803F0F34, 3E2040D8
0x803F0F3C, 623100B4
0x803F0F44, 3E40C150
0x803F0F4C, 6252C4A0
0x803F0F34, 3E60C1A9
0x803F0F3C, 6273CD4A
0x803F0F44, 3E8040D8
0x803F0F4C, 629400D0
0x803F0F34, 3EA0C162
0x803F0F3C, 62B5DEAA
0x803F0F44, 3EC0C115
0x803F0F4C, 62D66FFA
0x803F0F34, 3EE0411E
0x803F0F3C, 62F710F4
0x803F0F44, 3F00C14F
0x803F0F4C, 6318546A
0x803F0F34, 3F20C14F
0x803F0F3C, 63390710
0x803F0F44, 3F40411E
0x803F0F4C, 635A10FB
0x803F0F34, 3F60C154
0x803F0F3C, 637B5E40
0x803F0F44, 3F80C16B
0x803F0F4C, 639CD2A5
0x803F0F34, 3FA040D8
0x803F0F3C, 63BD00AA
0x803F0F44, 3FC0C156
0x803F0F4C, 63DEE31B
0x803F0F34, 3FE0C14F
0x803F0F3C, 63FF0724
0x803F0F44, 0x60000000
0x803F0F4C, BE080000
0x803F0F34, 3D008033
0x803F0F3C, 610830C0
0x803F0F44, 3E004067
0x803F0F4C, 6210BEA1
0x803F0F34, 3E20C154
0x803F0F3C, 62315E1A
0x803F0F44, 3E40C115
0x803F0F4C, 62527004
0x803F0F34, 3E604067
0x803F0F3C, 6273BE2B
0x803F0F44, 3E80C14F
0x803F0F4C, 62945451
0x803F0F34, 3EA0C0F1
0x803F0F3C, 62B548F9
0x803F0F44, 3EC040D8
0x803F0F4C, 62D6007E
0x803F0F34, 3EE0C14C
0x803F0F3C, 62F7CF66
0x803F0F44, 3F00C12A
0x803F0F4C, 6318E32C
0x803F0F34, 3F2040D8
0x803F0F3C, 6339005A
0x803F0F44, 3F40C18C
0x803F0F4C, 635ADB7E
0x803F0F34, 3F60C0BA
0x803F0F3C, 637BD4FE
0x803F0F44, 3F80411E
0x803F0F4C, 639C114C
0x803F0F34, 3FA04073
0x803F0F3C, 63BD29B7
0x803F0F44, 3FC0C109
0x803F0F4C, 63DEB381
0x803F0F34, 3FE0411E
0x803F0F3C, 63FF115F
0x803F0F44, 0x60000000
0x803F0F4C, BE080000
0x803F0F34, 3D008033
0x803F0F3C, 61083100
0x803F0F44, 3E0040C3
0x803F0F4C, 6210E69B
0x803F0F34, 3E20C11F
0x803F0F3C, 6231D80B
0x803F0F44, 3E4040D8
0x803F0F4C, 62520182
0x803F0F34, 3E6040E9
0x803F0F3C, 62730FA3
0x803F0F44, 3E80C109
0x803F0F4C, 6294B398
0x803F0F34, 3EA04067
0x803F0F3C, 62B5BFC6
0x803F0F44, 3EC040C3
0x803F0F4C, 62D6E6EF
0x803F0F34, 3EE0C0BA
0x803F0F3C, 62F7D52A
0x803F0F44, 3F004067
0x803F0F4C, 6318BF5D
0x803F0F34, 3F204073
0x803F0F3C, 63392A45
0x803F0F44, 3F40C08E
0x803F0F4C, 635A8C11
0x803F0F34, 3F6040D8
0x803F0F3C, 637B0126
0x803F0F44, 3F804028
0x803F0F4C, 639CD83C
0x803F0F34, 3FA0C08C
0x803F0F3C, 63BD8803
0x803F0F44, 3FC040D8
0x803F0F4C, 63DE0167
0x803F0F34, 3FE04106
0x803F0F3C, 63FF6338
0x803F0F44, 0x60000000
0x803F0F4C, BE080000
0x803F0F34, 3D008033
0x803F0F3C, 61083140
0x803F0F44, 3E00C14F
0x803F0F4C, 62106102
0x803F0F34, 3E20411E
0x803F0F3C, 6231117A
0x803F0F44, 3E4040F7
0x803F0F4C, 6252696E
0x803F0F34, 3E60C184
0x803F0F3C, 62737C0C
0x803F0F44, 3E80411E
0x803F0F4C, 62941184
0x803F0F34, 3EA040ED
0x803F0F3C, 62B555AE
0x803F0F44, 3EC0C192
0x803F0F4C, 62D6E1D8
0x803F0F34, 3EE040D8
0x803F0F3C, 62F701BD
0x803F0F44, 3F0040E8
0x803F0F4C, 63184BFF
0x803F0F34, 3F20C184
0x803F0F3C, 63397C17
0x803F0F44, 3F404067
0x803F0F4C, 635AC0C2
0x803F0F34, 3F6040ED
0x803F0F3C, 637B55FC
0x803F0F44, 3F80C14F
0x803F0F4C, 639C6137
0x803F0F34, 3FA04067
0x803F0F3C, 63BDC048
0x803F0F44, 3FC040F7
0x803F0F4C, 63DE69AF
0x803F0F34, 3FE0C132
0x803F0F3C, 63FF9585
0x803F0F44, 0x60000000
0x803F0F4C, BE080000
0x803F0F34, 3D008033
0x803F0F3C, 61083180
0x803F0F44, 3E0040D8
0x803F0F4C, 62100195
0x803F0F34, 3E2040FC
0x803F0F3C, 6231736F
0x803F0F44, 3E40C173
0x803F0F4C, 62527F13
0x803F0F34, 3E6040D8
0x803F0F3C, 627301E2
0x803F0F44, 3E804141
0x803F0F4C, 629410F4
0x803F0F34, 3EA0C0BE
0x803F0F3C, 62B57D8F
0x803F0F44, 3EC0411E
0x803F0F4C, 62D610F1
0x803F0F34, 3EE0C130
0x803F0F3C, 62F70AB4
0x803F0F44, 3F00C078
0x803F0F4C, 6318587D
0x803F0F34, 3F20411E
0x803F0F3C, 633910FA
0x803F0F44, 3F40C100
0x803F0F4C, 635AAFD4
0x803F0F34, 3F60C036
0x803F0F3C, 637B0779
0x803F0F44, 3F8040D8
0x803F0F4C, 639C00AA
0x803F0F34, 3FA0C0D2
0x803F0F3C, 63BD048E
0x803F0F44, 3FC0C078
0x803F0F4C, 63DE58EA
0x803F0F34, 3FE04067
0x803F0F3C, 63FFBE5E
0x803F0F44, 0x60000000
0x803F0F4C, BE080000
0x803F0F34, 3D008033
0x803F0F3C, 610831C0
0x803F0F44, 3E00C100
0x803F0F4C, 6210AFA7
0x803F0F34, 3E20C0BE
0x803F0F3C, 62317DB7
0x803F0F44, 3E404067
0x803F0F4C, 6252BE6E
0x803F0F34, 3E60C130
0x803F0F3C, 62730A8E
0x803F0F44, 3E80C0DF
0x803F0F4C, 6294A640
0x803F0F34, 3EA040D8
0x803F0F3C, 62B5007E
0x803F0F44, 3EC0C147
0x803F0F4C, 62D6B81B
0x803F0F34, 3EE0BFA0
0x803F0F3C, 62F7CE92
0x803F0F44, 3F0040D8
0x803F0F4C, 6318005E
0x803F0F34, 3F20C142
0x803F0F3C, 6339A877
0x803F0F44, 3F40C042
0x803F0F4C, 635A3E64
0x803F0F34, 3F60411E
0x803F0F3C, 637B1117
0x803F0F44, 3F80C073
0x803F0F4C, 639C9A0B
0x803F0F34, 3FA0C06A
0x803F0F3C, 63BD6613
0x803F0F44, 3FC0411E
0x803F0F4C, 63DE112A
0x803F0F34, 3FE0BE7D
0x803F0F3C, 63FFF938
0x803F0F44, 0x60000000
0x803F0F4C, BE080000
0x803F0F34, 3D008033
0x803F0F3C, 61083200
0x803F0F44, 3E00C07E
0x803F0F4C, 62107A03
0x803F0F34, 3E2040D8
0x803F0F3C, 62310119
0x803F0F44, 3E403FC3
0x803F0F4C, 6252FBB5
0x803F0F34, 3E60C06A
0x803F0F3C, 627366CB
0x803F0F44, 3E804067
0x803F0F4C, 6294BF1F
0x803F0F34, 3EA0BE7D
0x803F0F3C, 62B5F3F9
0x803F0F44, 3EC0C042
0x803F0F4C, 62D63EC9
0x803F0F34, 3EE04067
0x803F0F3C, 62F7BEE0
0x803F0F44, 3F00C073
0x803F0F4C, 63189967
0x803F0F34, 3F20C02E
0x803F0F3C, 63392AED
0x803F0F44, 3F4040D8
0x803F0F4C, 635A00B4
0x803F0F34, 3F60C0B2
0x803F0F3C, 637BBB51
0x803F0F44, 3F803F86
0x803F0F4C, 639C1523
0x803F0F34, 3FA040D8
0x803F0F3C, 63BD00D2
0x803F0F44, 3FC0BFA8
0x803F0F4C, 63DEFB2B
0x803F0F34, 3FE0C0D2
0x803F0F3C, 63FF444E
0x803F0F44, 0x60000000
0x803F0F4C, BE080000
0x803F0F34, 3D008033
0x803F0F3C, 61083240
0x803F0F44, 3E00C136
0x803F0F4C, 6210FBB6
0x803F0F34, 3E2040B5
0x803F0F3C, 6231E96C
0x803F0F44, 3E40C129
0x803F0F4C, 6252E742
0x803F0F34, 3E60C136
0x803F0F3C, 6273FBF7
0x803F0F44, 3E804137
0x803F0F4C, 6294806F
0x803F0F34, 3EA0C1D3
0x803F0F3C, 62B5BD74
0x803F0F44, 3EC0C136
0x803F0F4C, 62D6FC6F
0x803F0F34, 3EE04014
0x803F0F3C, 62F7649D
0x803F0F44, 3F00C1BB
0x803F0F4C, 6318DBDC
0x803F0F34, 3F20C136
0x803F0F3C, 6339FC38
0x803F0F44, 3F40C082
0x803F0F4C, 635A88A4
0x803F0F34, 3F60C0FB
0x803F0F3C, 637B1221
0x803F0F44, 3F80C11F
0x803F0F4C, 639CDC5F
0x803F0F34, 3FA04083
0x803F0F3C, 63BD757B
0x803F0F44, 3FC0C14A
0x803F0F4C, 63DE2DB1
0x803F0F34, 3FE0C118
0x803F0F3C, 63FF734C
0x803F0F44, 0x60000000
0x803F0F4C, BE080000
0x803F0F34, 3D008033
0x803F0F3C, 61083280
0x803F0F44, 3E004120
0x803F0F4C, 6210B6B1
0x803F0F34, 3E20C1C1
0x803F0F3C, 6231CDD1
0x803F0F44, 3E40C118
0x803F0F4C, 625273A3
0x803F0F34, 3E604056
0x803F0F3C, 62739EFE
0x803F0F44, 3E80C1AB
0x803F0F4C, 6294D5CB
0x803F0F34, 3EA0C11F
0x803F0F3C, 62B5DCC8
0x803F0F44, 3EC0C070
0x803F0F4C, 62D6D88C
0x803F0F34, 3EE0C11D
0x803F0F3C, 62F7A39B
0x803F0F44, 3F00C0E8
0x803F0F4C, 6318E3A4
0x803F0F34, 3F2040B4
0x803F0F3C, 6339F642
0x803F0F44, 3F40C15A
0x803F0F4C, 635A8787
0x803F0F34, 3F60C103
0x803F0F3C, 637B13DD
0x803F0F44, 3F804114
0x803F0F4C, 639C8156
0x803F0F34, 3FA0C1B8
0x803F0F3C, 63BD6E13
0x803F0F44, 3FC0C103
0x803F0F4C, 63DE1422
0x803F0F34, 3FE04076
0x803F0F3C, 63FFD86B
0x803F0F44, 0x60000000
0x803F0F4C, BE080000
0x803F0F34, 3D008033
0x803F0F3C, 610832C0
0x803F0F44, 3E00C1AE
0x803F0F4C, 621086FA
0x803F0F34, 3E20C0E8
0x803F0F3C, 6231E45A
0x803F0F44, 3E40BFA0
0x803F0F4C, 6252446B
0x803F0F34, 3E60C160
0x803F0F3C, 627367DF
0x803F0F44, 3E80C098
0x803F0F4C, 629431E4
0x803F0F34, 3EA040DD
0x803F0F3C, 62B5D0B9
0x803F0F44, 3EC0C178
0x803F0F4C, 62D6E59D
0x803F0F34, 3EE0C0D1
0x803F0F3C, 62F7E111
0x803F0F44, 3F00410C
0x803F0F4C, 6318C740
0x803F0F34, 3F20C1AD
0x803F0F3C, 63397E0D
0x803F0F44, 3F40C0D1
0x803F0F4C, 635AE172
0x803F0F34, 3F6040A8
0x803F0F3C, 637B4B45
0x803F0F44, 3F80C1A6
0x803F0F4C, 639CAE52
0x803F0F34, 3FA0C098
0x803F0F3C, 63BD324D
0x803F0F44, 3FC04040
0x803F0F4C, 63DE0169
0x803F0F34, 3FE0C0F9
0x803F0F3C, 63FFD7B4
0x803F0F44, 0x60000000
0x803F0F4C, BE080000
0x803F0F34, 3D008033
0x803F0F3C, 61083300
0x803F0F44, 3E00C124
0x803F0F4C, 621032FD
0x803F0F34, 3E2040BE
0x803F0F3C, 62312E4D
0x803F0F44, 3E40C1B8
0x803F0F4C, 6252B3C9
0x803F0F34, 3E60C124
0x803F0F3C, 62733372
0x803F0F44, 3E80C038
0x803F0F4C, 6294405B
0x803F0F34, 3EA0C12D
0x803F0F3C, 62B51EDA
0x803F0F44, 3EC0C100
0x803F0F4C, 62D6AF83
0x803F0F34, 3EE040DB
0x803F0F3C, 62F7C830
0x803F0F44, 3F00C1B3
0x803F0F4C, 63180FC7
0x803F0F34, 3F20C100
0x803F0F3C, 6339AFDE
0x803F0F44, 3F403E45
0x803F0F4C, 635A0DAE
0x803F0F34, 3F60C1AD
0x803F0F3C, 637B99EC
0x803F0F44, 3F80C0C4
0x803F0F4C, 639CC064
0x803F0F34, 3FA04083
0x803F0F3C, 63BDC563
0x803F0F44, 3FC0C168
0x803F0F4C, 63DEF92D
0x803F0F34, 3FE0C0C4
0x803F0F3C, 63FFBFF7
0x803F0F44, 0x60000000
0x803F0F4C, BE080000
0x803F0F34, 3D008033
0x803F0F3C, 61083340
0x803F0F44, 3E004103
0x803F0F4C, 6210D60C
0x803F0F34, 3E20C1B7
0x803F0F3C, 6231B1FD
0x803F0F44, 3E40C121
0x803F0F4C, 6252818A
0x803F0F34, 3E60C08F
0x803F0F3C, 62734118
0x803F0F44, 3E80C1B8
0x803F0F4C, 6294EB7D
0x803F0F34, 3EA0C0E2
0x803F0F3C, 62B5B80B
0x803F0F44, 3EC0BFB1
0x803F0F4C, 62D6CED1
0x803F0F34, 3EE0C1B5
0x803F0F3C, 62F74F17
0x803F0F44, 3F00C086
0x803F0F4C, 6318E28F
0x803F0F34, 3F20404F
0x803F0F3C, 63399221
0x803F0F44, 3F40C0CF
0x803F0F4C, 635A93FF
0x803F0F34, 3F60C121
0x803F0F3C, 637B810B
0x803F0F44, 3F8040A1
0x803F0F4C, 639C20D7
0x803F0F34, 3FA0C111
0x803F0F3C, 63BD5902
0x803F0F44, 3FC0C0E2
0x803F0F4C, 63DEB737
0x803F0F34, 3FE040D6
0x803F0F3C, 63FFC546
0x803F0F44, 0x60000000
0x803F0F4C, BE080000
0x803F0F34, 3D008033
0x803F0F3C, 61083380
0x803F0F44, 3E00C155
0x803F0F4C, 621025DD
0x803F0F34, 3E20C086
0x803F0F3C, 6231E200
0x803F0F44, 3E40410A
0x803F0F4C, 62523093
0x803F0F34, 3E60C1A4
0x803F0F3C, 62738D6D
0x803F0F44, 3E80C136
0x803F0F4C, 6294FC6C
0x803F0F34, 3EA04176
0x803F0F3C, 62B53B76
0x803F0F44, 3EC0C19A
0x803F0F4C, 62D6DB23
0x803F0F34, 3EE0C110
0x803F0F3C, 62F75AC0
0x803F0F44, 3F004143
0x803F0F4C, 63185091
0x803F0F34, 3F20C196
0x803F0F3C, 6339D1F8
0x803F0F44, 3F40C0FB
0x803F0F4C, 635A61A6
0x803F0F34, 3F604126
0x803F0F3C, 637BDA5F
0x803F0F44, 3F80C193
0x803F0F4C, 639CA06B
0x803F0F34, 3FA0C0D8
0x803F0F3C, 63BD82FB
0x803F0F44, 3FC04111
0x803F0F4C, 63DE7956
0x803F0F34, 3FE0C1A3
0x803F0F3C, 63FFEFCC
0x803F0F44, 0x60000000
0x803F0F4C, BE080000
0x803F0F34, 3D008033
0x803F0F3C, 610833C0
0x803F0F44, 3E00C0D8
0x803F0F4C, 62108319
0x803F0F34, 3E2040FD
0x803F0F3C, 62314800
0x803F0F44, 3E40C1AB
0x803F0F4C, 625298E6
0x803F0F34, 3E60C0FB
0x803F0F3C, 627361CA
0x803F0F44, 3E80410E
0x803F0F4C, 6294DC90
0x803F0F34, 3EA0C1B5
0x803F0F3C, 62B5E754
0x803F0F44, 3EC0C110
0x803F0F4C, 62D65AD9
0x803F0F34, 3EE04124
0x803F0F3C, 62F71529
0x803F0F44, 3F00C1C7
0x803F0F4C, 63181A67
0x803F0F34, 3F20C136
0x803F0F3C, 6339FC8F
0x803F0F44, 3F40414E
0x803F0F4C, 635A5615
0x803F0F34, 3F60C16E
0x803F0F3C, 637BED9A
0x803F0F44, 3F80C136
0x803F0F4C, 639CFC31
0x803F0F34, 3FA0416F
0x803F0F3C, 63BDBB6F
0x803F0F44, 3FC0C17E
0x803F0F4C, 63DED736
0x803F0F34, 3FE0C113
0x803F0F3C, 63FF11AB
0x803F0F44, 0x60000000
0x803F0F4C, BE080000
0x803F0F34, 3D008033
0x803F0F3C, 61083400
0x803F0F44, 3E004140
0x803F0F4C, 62103603
0x803F0F34, 3E20C183
0x803F0F3C, 62316820
0x803F0F44, 3E40C103
0x803F0F4C, 62526A3E
0x803F0F34, 3E604124
0x803F0F3C, 62731EBA
0x803F0F44, 3E80C189
0x803F0F4C, 6294BDD4
0x803F0F34, 3EA0C0DA
0x803F0F3C, 62B56B64
0x803F0F44, 3EC0410F
0x803F0F4C, 62D6A4FC
0x803F0F34, 3EE0C1DA
0x803F0F3C, 62F7D524
0x803F0F44, 3F00C136
0x803F0F4C, 6318FC90
0x803F0F34, 3F2040F9
0x803F0F3C, 6339FB35
0x803F0F44, 3F40C1C2
0x803F0F4C, 635A46FF
0x803F0F34, 3F60C113
0x803F0F3C, 637B11ED
0x803F0F44, 3F8040E6
0x803F0F4C, 639C0583
0x803F0F34, 3FA0C1B4
0x803F0F3C, 63BD1ED9
0x803F0F44, 3FC0C103
0x803F0F4C, 63DE6A6E
0x803F0F34, 3FE040D7
0x803F0F3C, 63FFBD62
0x803F0F44, 0x60000000
0x803F0F4C, BE080000
0x803F0F34, 3D008033
0x803F0F3C, 61083440
0x803F0F44, 3E00C1A8
0x803F0F4C, 62101644
0x803F0F34, 3E20C0DA
0x803F0F3C, 62316B9C
0x803F0F44, 3E4040D9
0x803F0F4C, 62523561
0x803F0F34, 3E60C1C7
0x803F0F3C, 62737311
0x803F0F44, 3E80C10B
0x803F0F4C, 62947C53
0x803F0F34, 3EA04154
0x803F0F3C, 62B5480F
0x803F0F44, 3EC0C1D8
0x803F0F4C, 62D6E625
0x803F0F34, 3EE0C116
0x803F0F3C, 62F71D15
0x803F0F44, 3F004100
0x803F0F4C, 6318F58C
0x803F0F34, 3F20C1CF
0x803F0F3C, 633981BA
0x803F0F44, 3F40C11E
0x803F0F4C, 635A65AA
0x803F0F34, 3F604016
0x803F0F3C, 637BD9BA
0x803F0F44, 3F80C1A6
0x803F0F4C, 639CF431
0x803F0F34, 3FA0C10B
0x803F0F3C, 63BD7C37
0x803F0F44, 3FC04179
0x803F0F4C, 63DECDEF
0x803F0F34, 3FE0C174
0x803F0F3C, 63FF4C7E
0x803F0F44, 0x60000000
0x803F0F4C, BE080000
0x803F0F34, 3D008033
0x803F0F3C, 61083480
0x803F0F44, 3E00C116
0x803F0F4C, 62101CB9
0x803F0F34, 3E20416E
0x803F0F3C, 62315E00
0x803F0F44, 3E40C12E
0x803F0F4C, 6252AB40
0x803F0F34, 3E60C11E
0x803F0F3C, 62736536
0x803F0F44, 3E804130
0x803F0F4C, 629479F7
0x803F0F34, 3EA0C191
0x803F0F3C, 62B56C56
0x803F0F44, 3EC0C07C
0x803F0F4C, 62D66B2B
0x803F0F34, 3EE040C8
0x803F0F3C, 62F75919
0x803F0F44, 3F00C19F
0x803F0F4C, 63184ACA
0x803F0F34, 3F20C0B0
0x803F0F3C, 633926EC
0x803F0F44, 3F4040E0
0x803F0F4C, 635AC578
0x803F0F34, 3F60C18F
0x803F0F3C, 637BC6C5
0x803F0F44, 3F80C0B0
0x803F0F4C, 639C26D0
0x803F0F34, 3FA04102
0x803F0F3C, 63BD4D41
0x803F0F44, 3FC0C1A1
0x803F0F4C, 63DE15A9
0x803F0F34, 3FE0C053
0x803F0F3C, 63FF95E1
0x803F0F44, 0x60000000
0x803F0F4C, BE080000
0x803F0F34, 3D008033
0x803F0F3C, 610834C0
0x803F0F44, 3E0040E4
0x803F0F4C, 621072E9
0x803F0F34, 3E20C18F
0x803F0F3C, 6231AD36
0x803F0F44, 3E40C053
0x803F0F4C, 6252959A
0x803F0F34, 3E604106
0x803F0F3C, 62735357
0x803F0F44, 3E80C19B
0x803F0F4C, 62942A31
0x803F0F34, 3EA0C0C4
0x803F0F3C, 62B589AD
0x803F0F44, 3EC04135
0x803F0F4C, 62D6E720
0x803F0F34, 3EE0C196
0x803F0F3C, 62F71F66
0x803F0F44, 3F00C0A6
0x803F0F4C, 6318E52C
0x803F0F34, 3F20411A
0x803F0F3C, 63391EB7
0x803F0F44, 3F40C1AF
0x803F0F4C, 635AF121
0x803F0F34, 3F60C0C4
0x803F0F3C, 637B89D2
0x803F0F44, 3F80411D
0x803F0F4C, 639CE951
0x803F0F34, 3FA0C1A6
0x803F0F3C, 63BD6EC6
0x803F0F44, 3FC0C0A6
0x803F0F4C, 63DEE549
0x803F0F34, 3FE04107
0x803F0F3C, 63FF4960
0x803F0F44, 0x60000000
0x803F0F4C, BE080000
0x803F0F34, 3D008033
0x803F0F3C, 61083500
0x803F0F44, 3E00C1A1
0x803F0F4C, 621054C5
0x803F0F34, 3E20C0C5
0x803F0F3C, 62316EAA
0x803F0F44, 3E404159
0x803F0F4C, 6252BE99
0x803F0F34, 3E60C1BC
0x803F0F3C, 627360F2
0x803F0F44, 3E80C0C5
0x803F0F4C, 62946EE1
0x803F0F34, 3EA0413A
0x803F0F3C, 62B5832F
0x803F0F44, 3EC0C1AE
0x803F0F4C, 62D61102
0x803F0F34, 3EE0C0A6
0x803F0F3C, 62F77C57
0x803F0F44, 3F004189
0x803F0F4C, 6318389D
0x803F0F34, 3F20C1CE
0x803F0F3C, 63398FE5
0x803F0F44, 3F40C0A6
0x803F0F4C, 635A7C98
0x803F0F34, 3F60416C
0x803F0F3C, 637BEB5C
0x803F0F44, 3F805468
0x803F0F4C, 639C6973
0x803F0F34, 3FA02069
0x803F0F3C, 63BD7320
0x803F0F44, 3FC07061
0x803F0F4C, 63DE6464
0x803F0F34, 3FE0696E
0x803F0F3C, 63FF6720
0x803F0F44, 0x60000000
0x803F0F4C, BE080000
0x803F0F34, 3D008033
0x803F0F3C, 61083540
0x803F0F44, 3E00E896
0x803F0F4C, 6210DC2F
0x803F0F34, 3E202F96
0x803F0F3C, 6231FD71
0x803F0F44, 3E40DF47
0x803F0F4C, 625236F1
0x803F0F34, 3E6031B2
0x803F0F3C, 6273DF47
0x803F0F44, 3E80178F
0x803F0F4C, 62943500
0x803F0F34, 3EA0DC2C
0x803F0F3C, 62B501B3
0x803F0F44, 3EC03D7D
0x803F0F4C, 62D6F2E0
0x803F0F34, 3EE0F411
0x803F0F3C, 62F7D7CB
0x803F0F44, 3F00F2D3
0x803F0F4C, 63183004
0x803F0F34, 3F2020DD
0x803F0F3C, 6339053E
0x803F0F44, 3F4036AA
0x803F0F4C, 635A0AB4
0x803F0F34, 3F60CC75
0x803F0F3C, 637BDB9B
0x803F0F44, 3F80E80C
0x803F0F4C, 639CD40D
0x803F0F34, 3FA0D81F
0x803F0F3C, 63BDDB1A
0x803F0F44, 3FC0CC39
0x803F0F4C, 63DEF8B3
0x803F0F34, 3FE0D575
0x803F0F3C, 63FFDF9A
0x803F0F44, 0x60000000
0x803F0F4C, BE080000
0x803F0F34, 3D008033
0x803F0F3C, 61083580
0x803F0F44, 3E002328
0x803F0F4C, 62103406
0x803F0F34, 3E20E070
0x803F0F3C, 6231EC2D
0x803F0F44, 3E40EAE5
0x803F0F4C, 62522CC6
0x803F0F34, 3E602890
0x803F0F3C, 6273E6ED
0x803F0F44, 3E802B81
0x803F0F4C, 629427AE
0x803F0F34, 3EA0DF13
0x803F0F3C, 62B50455
0x803F0F44, 3EC0C94B
0x803F0F4C, 62D6DFF4
0x803F0F34, 3EE00F54
0x803F0F3C, 62F7CAC4
0x803F0F44, 3F00C383
0x803F0F4C, 631809BC
0x803F0F34, 3F20ED82
0x803F0F3C, 6339C174
0x803F0F44, 3F400427
0x803F0F4C, 635AF31B
0x803F0F34, 3F6011AF
0x803F0F3C, 637B04F3
0x803F0F44, 3F80C2B2
0x803F0F4C, 639C0C03
0x803F0F34, 3FA00A15
0x803F0F3C, 63BDC1F4
0x803F0F44, 3FC0351C
0x803F0F4C, 63DE23B5
0x803F0F34, 3FE0FFB7
0x803F0F3C, 63FFFBED
0x803F0F44, 0x60000000
0x803F0F4C, BE080000
0x803F0F34, 3D008033
0x803F0F3C, 610835C0
0x803F0F44, 3E002D9E
0x803F0F4C, 62102CB3
0x803F0F34, 3E20E6C9
0x803F0F3C, 623123B2
0x803F0F44, 3E402EC1
0x803F0F4C, 62522D50
0x803F0F34, 3E602D2E
0x803F0F3C, 62730128
0x803F0F44, 3E802EE7
0x803F0F4C, 62942B74
0x803F0F34, 3EA0FD33
0x803F0F3C, 62B521E0
0x803F0F44, 3EC03523
0x803F0F4C, 62D60B2D
0x803F0F34, 3EE0E948
0x803F0F3C, 62F70935
0x803F0F44, 3F003B1E
0x803F0F4C, 63182099
0x803F0F34, 3F20090B
0x803F0F3C, 63393653
0x803F0F44, 3F4011CD
0x803F0F4C, 635A35DF
0x803F0F34, 3F601D9C
0x803F0F3C, 637BF9F2
0x803F0F44, 3F803523
0x803F0F4C, 639C2327
0x803F0F34, 3FA03E98
0x803F0F3C, 63BD0AB5
0x803F0F44, 3FC007EE
0x803F0F4C, 63DE2960
0x803F0F34, 3FE02D9E
0x803F0F3C, 63FF1167
0x803F0F44, 0x60000000
0x803F0F4C, BE080000
0x803F0F34, 3D008033
0x803F0F3C, 61083600
0x803F0F44, 3E000DF5
0x803F0F4C, 621039FD
0x803F0F34, 3E201732
0x803F0F3C, 623114EA
0x803F0F44, 3E40317D
0x803F0F4C, 625222C6
0x803F0F34, 3E6012F5
0x803F0F3C, 62732D4A
0x803F0F44, 3E80D6F3
0x803F0F4C, 62940AA3
0x803F0F34, 3EA01A19
0x803F0F3C, 62B5C68B
0x803F0F44, 3EC01FDE
0x803F0F4C, 62D62670
0x803F0F34, 3EE0D7F7
0x803F0F3C, 62F72065
0x803F0F44, 3F00263E
0x803F0F4C, 6318D834
0x803F0F34, 3F200A74
0x803F0F3C, 6339FE03
0x803F0F44, 3F40C0E5
0x803F0F4C, 635A31B5
0x803F0F34, 3F602831
0x803F0F3C, 637B0311
0x803F0F44, 3F8026C5
0x803F0F4C, 639C32CE
0x803F0F34, 3FA0FCA5
0x803F0F3C, 63BD19D8
0x803F0F44, 3FC0FE02
0x803F0F4C, 63DEC57D
0x803F0F34, 3FE02B8F
0x803F0F3C, 63FF1641
0x803F0F44, 0x60000000
0x803F0F4C, BE080000
0x803F0F34, 3D008033
0x803F0F3C, 61083640
0x803F0F44, 3E00D6BB
0x803F0F4C, 62103FE4
0x803F0F34, 3E20FD84
0x803F0F3C, 6231FD41
0x803F0F44, 3E401276
0x803F0F4C, 6252D909
0x803F0F34, 3E60D0B5
0x803F0F3C, 627316C6
0x803F0F44, 3E80D444
0x803F0F4C, 6294D734
0x803F0F34, 3EA026D4
0x803F0F3C, 62B5D96B
0x803F0F44, 3EC0DED8
0x803F0F4C, 62D61916
0x803F0F34, 3EE01D3E
0x803F0F3C, 62F7CCE7
0x803F0F44, 3F001153
0x803F0F4C, 6318375E
0x803F0F34, 3F201B05
0x803F0F3C, 63390EEF
0x803F0F44, 3F40390D
0x803F0F4C, 635A18DB
0x803F0F34, 3F600FEB
0x803F0F3C, 637B3692
0x803F0F44, 3F80E29A
0x803F0F4C, 639CCDB1
0x803F0F34, 3FA02670
0x803F0F3C, 63BD0957
0x803F0F44, 3FC0C846
0x803F0F4C, 63DE1A19
0x803F0F34, 3FE0EE6C
0x803F0F3C, 63FFD2DB
0x803F0F44, 0x60000000
0x803F0F4C, BE080000
0x803F0F34, 3D008033
0x803F0F3C, 61083680
0x803F0F44, 3E002D4A
0x803F0F4C, 6210FD78
0x803F0F34, 3E20CDA7
0x803F0F3C, 6231263E
0x803F0F44, 3E4009EA
0x803F0F4C, 6252C35F
0x803F0F34, 3E60FE03
0x803F0F3C, 6273EB9B
0x803F0F44, 3E80C034
0x803F0F4C, 6294FE02
0x803F0F34, 3EA0FB5A
0x803F0F3C, 62B5EAD6
0x803F0F44, 3EC032CE
0x803F0F4C, 62D620A8
0x803F0F34, 3EE0EB60
0x803F0F3C, 62F72831
0x803F0F44, 3F002D54
0x803F0F4C, 6318C71D
0x803F0F34, 3F201641
0x803F0F3C, 63391315
0x803F0F44, 3F40C822
0x803F0F4C, 635AF52E
0x803F0F34, 3F60E2B8
0x803F0F3C, 637BDF94
0x803F0F44, 3F80FD84
0x803F0F4C, 639C371F
0x803F0F34, 3FA0CD93
0x803F0F3C, 63BDD909
0x803F0F44, 3FC0FA1A
0x803F0F4C, 63DED14A
0x803F0F34, 3FE0D444
0x803F0F3C, 63FF00F4
0x803F0F44, 0x60000000
0x803F0F4C, BE080000
0x803F0F34, 3D008033
0x803F0F3C, 610836C0
0x803F0F44, 3E00D07F
0x803F0F4C, 6210D96B
0x803F0F34, 3E2012B7
0x803F0F3C, 6231C71B
0x803F0F44, 3E401D3E
0x803F0F4C, 6252FE2A
0x803F0F34, 3E600FB9
0x803F0F3C, 6273375E
0x803F0F44, 3E801BFB
0x803F0F4C, 6294DE92
0x803F0F34, 3EA03692
0x803F0F3C, 62B50040
0x803F0F44, 3EC0005F
0x803F0F4C, 62D6F52E
0x803F0F34, 3EE0C0ED
0x803F0F3C, 62F70992
0x803F0F44, 3F00D972
0x803F0F4C, 6318CDD3
0x803F0F34, 3F20CF34
0x803F0F3C, 6339D972
0x803F0F44, 3F40F0E5
0x803F0F4C, 635AD004
0x803F0F34, 3F602948
0x803F0F3C, 637B096F
0x803F0F44, 3F801EDC
0x803F0F4C, 639C2948
0x803F0F34, 3FA0DA10
0x803F0F3C, 63BDE41C
0x803F0F44, 3FC0379B
0x803F0F4C, 63DE0F06
0x803F0F34, 3FE01A5C
0x803F0F3C, 63FF379B
0x803F0F44, 0x60000000
0x803F0F4C, BE080000
0x803F0F34, 3D008033
0x803F0F3C, 61083700
0x803F0F44, 3E00EE6D
0x803F0F4C, 6210C26D
0x803F0F34, 3E200E46
0x803F0F3C, 6231F5F9
0x803F0F44, 3E40140D
0x803F0F4C, 62520E46
0x803F0F34, 3E60C4ED
0x803F0F3C, 6273CA1A
0x803F0F44, 3E8009E5
0x803F0F4C, 6294DEF2
0x803F0F34, 3EA0FC1F
0x803F0F3C, 62B509E5
0x803F0F44, 3EC0C0E4
0x803F0F4C, 62D60F53
0x803F0F34, 3EE02246
0x803F0F3C, 62F7CC2C
0x803F0F44, 3F00E478
0x803F0F4C, 63182331
0x803F0F34, 3F20D22F
0x803F0F3C, 6339E5BB
0x803F0F44, 3F40D95A
0x803F0F4C, 635AD447
0x803F0F34, 3F600EF8
0x803F0F3C, 637BDACB
0x803F0F44, 3F80CE21
0x803F0F4C, 639CCB0B
0x803F0F34, 3FA02246
0x803F0F3C, 63BDF534
0x803F0F44, 3FC0CCF0
0x803F0F4C, 63DEDACB
0x803F0F34, 3FE0F5CF
0x803F0F3C, 63FFD13D
0x803F0F44, 0x60000000
0x803F0F4C, BE080000
0x803F0F34, 3D008033
0x803F0F3C, 61083740
0x803F0F44, 3E002176
0x803F0F4C, 62101C18
0x803F0F34, 3E20D293
0x803F0F3C, 6231DC20
0x803F0F44, 3E401B4B
0x803F0F4C, 6252F0AD
0x803F0F34, 3E602246
0x803F0F3C, 627333D4
0x803F0F44, 3E80F108
0x803F0F4C, 6294DACB
0x803F0F34, 3EA031DF
0x803F0F3C, 62B51B87
0x803F0F44, 3EC02331
0x803F0F4C, 62D62DD1
0x803F0F34, 3EE01A45
0x803F0F3C, 62F7D95A
0x803F0F44, 3F002BB9
0x803F0F4C, 631834F5
0x803F0F34, 3F202246
0x803F0F3C, 63390ACC
0x803F0F44, 3F403310
0x803F0F4C, 635ADACB
0x803F0F34, 3F600A31
0x803F0F3C, 637B2EC2
0x803F0F44, 3F802176
0x803F0F4C, 639CE3E8
0x803F0F34, 3FA02D6D
0x803F0F3C, 63BDDC20
0x803F0F44, 3FC0E4B5
0x803F0F4C, 63DEE5AC
0x803F0F34, 3FE0D980
0x803F0F3C, 63FFD42F
0x803F0F44, 0x60000000
0x803F0F4C, BE080000
0x803F0F34, 3D008033
0x803F0F3C, 61083780
0x803F0F44, 3E00154A
0x803F0F4C, 6210E260
0x803F0F34, 3E20CB6B
0x803F0F3C, 6231C794
0x803F0F44, 3E40E260
0x803F0F4C, 6252FA1D
0x803F0F34, 3E60D2A3
0x803F0F3C, 6273DC05
0x803F0F44, 3E801B42
0x803F0F4C, 6294F1A6
0x803F0F34, 3EA0DAC8
0x803F0F3C, 62B5320B
0x803F0F44, 3EC01A54
0x803F0F4C, 62D6D980
0x803F0F34, 3EE02BD2
0x803F0F3C, 62F732ED
0x803F0F44, 3F00DAC8
0x803F0F4C, 63180AD2
0x803F0F34, 3F202D5D
0x803F0F3C, 6339DC05
0x803F0F44, 3F40E4BE
0x803F0F4C, 635AFF10
0x803F0F34, 3F60C007
0x803F0F3C, 637BFE70
0x803F0F44, 3F80DF0C
0x803F0F4C, 639CFE91
0x803F0F34, 3FA0C928
0x803F0F3C, 63BDC3D0
0x803F0F44, 3FC0F5F4
0x803F0F4C, 63DEECB5
0x803F0F34, 3FE0CDD7
0x803F0F3C, 63FFD845
0x803F0F44, 0x60000000
0x803F0F4C, BE080000
0x803F0F34, 3D008033
0x803F0F3C, 610837C0
0x803F0F44, 3E00FF17
0x803F0F4C, 6210E95E
0x803F0F34, 3E20D529
0x803F0F3C, 623129CF
0x803F0F44, 3E40F351
0x803F0F4C, 6252EF68
0x803F0F34, 3E603C7E
0x803F0F3C, 6273208A
0x803F0F44, 3E800A38
0x803F0F4C, 62943627
0x803F0F34, 3EA03B5E
0x803F0F3C, 62B5EF68
0x803F0F44, 3EC01133
0x803F0F4C, 62D60E3B
0x803F0F34, 3EE012B4
0x803F0F3C, 62F7C479
0x803F0F44, 3F00DFFF
0x803F0F4C, 63180F4A
0x803F0F34, 3F20CABB
0x803F0F3C, 6339C4C3
0x803F0F44, 3F4012B4
0x803F0F4C, 635AF09F
0x803F0F34, 3F60C9C7
0x803F0F3C, 637B0D3D
0x803F0F44, 3F801F50
0x803F0F4C, 639CEFC5
0x803F0F34, 3FA01588
0x803F0F3C, 63BD3A0A
0x803F0F44, 3FC00B38
0x803F0F4C, 63DEF5F4
0x803F0F34, 3FE0C1CD
0x803F0F3C, 63FF351A
0x803F0F44, 0x60000000
0x803F0F4C, BE080000
0x803F0F34, 3D008033
0x803F0F3C, 61083800
0x803F0F44, 3E000D3D
0x803F0F4C, 6210DED4
0x803F0F34, 3E202F8B
0x803F0F3C, 6231D529
0x803F0F44, 3E40FFA5
0x803F0F4C, 625216BF
0x803F0F34, 3E60D845
0x803F0F3C, 6273D348
0x803F0F44, 3E803ADE
0x803F0F4C, 62941588
0x803F0F34, 3EA00CEA
0x803F0F3C, 62B5F296
0x803F0F44, 3EC03E83
0x803F0F4C, 62D6FD23
0x803F0F34, 3EE0F40C
0x803F0F3C, 62F73E76
0x803F0F44, 3F00072E
0x803F0F4C, 6318FC3C
0x803F0F34, 3F203E83
0x803F0F3C, 63390D30
0x803F0F44, 3F4006EB
0x803F0F4C, 635A3E92
0x803F0F34, 3F600B84
0x803F0F3C, 637B0D6A
0x803F0F44, 3F803E83
0x803F0F4C, 639C02DD
0x803F0F34, 3FA00BF4
0x803F0F3C, 63BD3E76
0x803F0F44, 3FC0F8D1
0x803F0F4C, 63DE03C4
0x803F0F34, 3FE03E83
0x803F0F3C, 63FFF2D0
0x803F0F44, 0x60000000
0x803F0F4C, BE080000
0x803F0F34, 3D008033
0x803F0F3C, 61083840
0x803F0F44, 3E00F915
0x803F0F4C, 62103E92
0x803F0F34, 3E20F47C
0x803F0F3C, 62311D83
0x803F0F44, 3E401C7E
0x803F0F4C, 6252311F
0x803F0F34, 3E6034E2
0x803F0F3C, 62730000
0x803F0F44, 3E80240B
0x803F0F4C, 629412E8
0x803F0F34, 3EA02B62
0x803F0F3C, 62B52B15
0x803F0F44, 3EC02F36
0x803F0F4C, 62D62B2A
0x803F0F34, 3EE001E5
0x803F0F3C, 62F704A6
0x803F0F44, 3F000000
0x803F0F4C, 63183FD4
0x803F0F34, 3F2012E8
0x803F0F3C, 6339D49E
0x803F0F44, 3F402B15
0x803F0F4C, 635A2F36
0x803F0F34, 3F60D4D6
0x803F0F3C, 637B01E6
0x803F0F44, 3F803D41
0x803F0F4C, 639C0000
0x803F0F34, 3FA0ED76
0x803F0F3C, 63BD3EDC
0x803F0F44, 3FC00000
0x803F0F4C, 63DEF3FD
0x803F0F34, 3FE02C34
0x803F0F3C, 63FF2B1D
0x803F0F44, 0x60000000
0x803F0F4C, BE080000
0x803F0F34, 3D008033
0x803F0F3C, 61083880
0x803F0F44, 3E0010D4
0x803F0F4C, 621022FE
0x803F0F34, 3E202AF8
0x803F0F3C, 6231DFFD
0x803F0F44, 3E4030D4
0x803F0F4C, 62520000
0x803F0F34, 3E60295F
0x803F0F3C, 62732C34
0x803F0F44, 3E80D4E3
0x803F0F4C, 629410D4
0x803F0F34, 3EA022FE
0x803F0F3C, 62B5D508
0x803F0F44, 3EC0DFFE
0x803F0F4C, 62D61E69
0x803F0F34, 3EE00000
0x803F0F3C, 62F7C7B1
0x803F0F44, 3F002806
0x803F0F4C, 63180000
0x803F0F34, 3F20CE10
0x803F0F3C, 63392CB3
0x803F0F44, 3F402AEC
0x803F0F4C, 635AF005
0x803F0F34, 3F6005CB
0x803F0F3C, 637B2B26
0x803F0F44, 3F80D118
0x803F0F4C, 639C3FFF
0x803F0F34, 3FA00000
0x803F0F3C, 63BDFF5B
0x803F0F44, 3FC02CB3
0x803F0F4C, 63DED514
0x803F0F34, 3FE0F005
0x803F0F3C, 63FF05CB
0x803F0F44, 0x60000000
0x803F0F4C, BE080000
0x803F0F34, 3D008033
0x803F0F3C, 610838C0
0x803F0F44, 3E00D4D9
0x803F0F4C, 6210D118
0x803F0F34, 3E20F230
0x803F0F3C, 62310000
0x803F0F44, 3E40C183
0x803F0F4C, 6252F900
0x803F0F34, 3E600000
0x803F0F3C, 6273C063
0x803F0F44, 3E80147B
0x803F0F4C, 62942B29
0x803F0F34, 3EA0D56B
0x803F0F3C, 62B5E2D6
0x803F0F44, 3EC02B62
0x803F0F4C, 62D6DB15
0x803F0F34, 3EE02D1D
0x803F0F3C, 62F70000
0x803F0F44, 3F00D29B
0x803F0F4C, 6318147B
0x803F0F34, 3F20D4D7
0x803F0F3C, 6339D56B
0x803F0F44, 3F40E2D6
0x803F0F4C, 635AD49E
0x803F0F34, 3F60DB15
0x803F0F3C, 637BC9D2
0x803F0F44, 3F800000
0x803F0F4C, 639CDDF0
0x803F0F34, 3FA0FA1C
0x803F0F3C, 63BD2B1D
0x803F0F44, 3FC02EEE
0x803F0F4C, 63DED7E2
0x803F0F34, 3FE00000
0x803F0F3C, 63FF31DD
0x803F0F44, 0x60000000
0x803F0F4C, BE080000
0x803F0F34, 3D008033
0x803F0F3C, 61083900
0x803F0F44, 3E00D34F
0x803F0F4C, 62102AF8
0x803F0F34, 3E200FDE
0x803F0F3C, 62310D9A
0x803F0F44, 3E400000
0x803F0F4C, 62523E89
0x803F0F34, 3E60FA1C
0x803F0F3C, 6273D4E3
0x803F0F44, 3E802EEE
0x803F0F4C, 6294D34F
0x803F0F34, 3EA0D508
0x803F0F3C, 62B50FDE
0x803F0F44, 3EC0C001
0x803F0F4C, 62D60000
0x803F0F34, 3EE0006A
0x803F0F3C, 62F71D29
0x803F0F44, 3F002B62
0x803F0F4C, 631824EB
0x803F0F34, 3F2006FF
0x803F0F3C, 63390000
0x803F0F44, 3F403F9D
0x803F0F4C, 635AEB83
0x803F0F34, 3F602B2A
0x803F0F3C, 637B2A93
0x803F0F44, 3F80362D
0x803F0F4C, 639C0000
0x803F0F34, 3FA02212
0x803F0F3C, 63BD1D29
0x803F0F44, 3FC0D49E
0x803F0F4C, 63DE24EC
0x803F0F34, 3FE0EB84
0x803F0F3C, 63FFD4D6
0x803F0F44, 0x60000000
0x803F0F4C, BE080000
0x803F0F34, 3D008033
0x803F0F3C, 61083940
0x803F0F44, 3E002A93
0x803F0F4C, 6210D2E0
0x803F0F34, 3E200000
0x803F0F3C, 62312D61
0x803F0F44, 3E40D0C9
0x803F0F4C, 62522B29
0x803F0F34, 3E60FE18
0x803F0F3C, 6273CB1F
0x803F0F44, 3E800000
0x803F0F4C, 6294DBF4
0x803F0F34, 3EA0ED19
0x803F0F3C, 62B52B62
0x803F0F44, 3EC0D4EB
0x803F0F4C, 62D6C2BE
0x803F0F34, 3EE00000
0x803F0F3C, 62F71285
0x803F0F44, 3F00D0C9
0x803F0F4C, 6318D4D7
0x803F0F34, 3F20FE18
0x803F0F3C, 6339ED19
0x803F0F44, 3F40D49E
0x803F0F4C, 635AD4EB
0x803F0F34, 3F60FB5C
0x803F0F3C, 637B0000
0x803F0F44, 3F80C02C
0x803F0F4C, 639CDCE7
0x803F0F34, 3FA02AEC
0x803F0F3C, 63BD1FF6
0x803F0F44, 3FC0C11E
0x803F0F4C, 63DE0000
0x803F0F34, 3FE00BE4
0x803F0F3C, 63FFD3DD
0x803F0F44, 0x60000000
0x803F0F4C, BE080000
0x803F0F34, 3D008033
0x803F0F3C, 61083980
0x803F0F44, 3E002B26
0x803F0F4C, 6210EF19
0x803F0F34, 3E20E163
0x803F0F3C, 62310000
0x803F0F44, 3E403833
0x803F0F4C, 6252DCE7
0x803F0F34, 3E60D514
0x803F0F3C, 62731FF6
0x803F0F44, 3E80D3DD
0x803F0F4C, 6294D4D9
0x803F0F34, 3EA0EF19
0x803F0F3C, 62B5CF50
0x803F0F44, 3EC00000
0x803F0F4C, 62D6D678
0x803F0F34, 3EE0E5CB
0x803F0F3C, 62F7286F
0x803F0F44, 3F002A1D
0x803F0F4C, 6318EF6F
0x803F0F34, 3F20D30B
0x803F0F3C, 63392A6E
0x803F0F44, 3F40D132
0x803F0F4C, 635AF4C3
0x803F0F34, 3F602A2C
0x803F0F3C, 637B2A78
0x803F0F44, 3F80292B
0x803F0F4C, 639CE791
0x803F0F34, 3FA01554
0x803F0F3C, 63BD3C56
0x803F0F44, 3FC0FF62
0x803F0F4C, 63DE317E
0x803F0F34, 3FE0286F
0x803F0F3C, 63FFFCA2
0x803F0F44, 0x60000000
0x803F0F4C, BE080000
0x803F0F34, 3D008033
0x803F0F3C, 610839C0
0x803F0F44, 3E0038E6
0x803F0F4C, 621009B4
0x803F0F34, 3E201BA4
0x803F0F3C, 62311C0B
0x803F0F44, 3E403907
0x803F0F4C, 6252F872
0x803F0F34, 3E60385B
0x803F0F3C, 62731C66
0x803F0F44, 3E80F55C
0x803F0F4C, 62942554
0x803F0F34, 3EA030AF
0x803F0F3C, 62B5EDC5
0x803F0F44, 3EC03336
0x803F0F4C, 62D621EC
0x803F0F34, 3EE0EE0C
0x803F0F3C, 62F7291F
0x803F0F44, 3F003016
0x803F0F4C, 6318099C
0x803F0F34, 3F203852
0x803F0F3C, 6339195D
0x803F0F44, 3F40EF42
0x803F0F4C, 635A3E7C
0x803F0F34, 3F600C7F
0x803F0F3C, 637B05EB
0x803F0F44, 3F80394A
0x803F0F4C, 639C1998
0x803F0F34, 3FA0F368
0x803F0F3C, 63BD2EFD
0x803F0F44, 3FC0274C
0x803F0F4C, 63DE1289
0x803F0F34, 3FE0DC63
0x803F0F3C, 63FF0978
0x803F0F44, 0x60000000
0x803F0F4C, BE080000
0x803F0F34, 3D008033
0x803F0F3C, 61083A00
0x803F0F44, 3E00CBAD
0x803F0F4C, 6210C598
0x803F0F34, 3E20E6CD
0x803F0F3C, 6231F8FA
0x803F0F44, 3E401537
0x803F0F4C, 6252E6CD
0x803F0F34, 3E60C922
0x803F0F3C, 6273E285
0x803F0F44, 3E800978
0x803F0F4C, 6294C7FE
0x803F0F34, 3EA03B36
0x803F0F3C, 62B5F4C2
0x803F0F44, 3EC0EA79
0x803F0F4C, 62D6DC26
0x803F0F34, 3EE01C66
0x803F0F3C, 62F72CC3
0x803F0F44, 3F00DE61
0x803F0F4C, 631830AF
0x803F0F34, 3F201866
0x803F0F3C, 6339250F
0x803F0F44, 3F4013B2
0x803F0F4C, 635ACFAF
0x803F0F34, 3F60E69A
0x803F0F3C, 637B2FB0
0x803F0F44, 3F80DDB3
0x803F0F4C, 639CD6C7
0x803F0F34, 3FA0195D
0x803F0F3C, 63BD29DE
0x803F0F44, 3FC0C3F1
0x803F0F4C, 63DE13B2
0x803F0F34, 3FE00A09
0x803F0F3C, 63FF2DB1
0x803F0F44, 0x60000000
0x803F0F4C, BE080000
0x803F0F34, 3D008033
0x803F0F3C, 61083A40
0x803F0F44, 3E002CBD
0x803F0F4C, 6210FD81
0x803F0F34, 3E203B81
0x803F0F3C, 62310F10
0x803F0F44, 3E40121C
0x803F0F4C, 6252EE31
0x803F0F34, 3E6037B9
0x803F0F3C, 6273E60D
0x803F0F44, 3E80E858
0x803F0F4C, 62942CBD
0x803F0F34, 3EA0272C
0x803F0F3C, 62B5EDA4
0x803F0F44, 3EC02FB0
0x803F0F4C, 62D6D978
0x803F0F34, 3EE0F174
0x803F0F3C, 62F737B9
0x803F0F44, 3F00E418
0x803F0F4C, 6318E7E5
0x803F0F34, 3F200C7F
0x803F0F3C, 633939F4
0x803F0F44, 3F40F40E
0x803F0F4C, 635A0F10
0x803F0F34, 3F603D0B
0x803F0F3C, 637BFDB2
0x803F0F44, 3F8009B4
0x803F0F4C, 639C3F37
0x803F0F34, 3FA00C6F
0x803F0F3C, 63BDDF02
0x803F0F44, 3FC03569
0x803F0F4C, 63DED81B
0x803F0F34, 3FE021EC
0x803F0F3C, 63FF24C9
0x803F0F44, 0x60000000
0x803F0F4C, BE080000
0x803F0F34, 3D008033
0x803F0F3C, 61083A80
0x803F0F44, 3E00D67D
0x803F0F4C, 6210292B
0x803F0F34, 3E201A07
0x803F0F3C, 6231F572
0x803F0F44, 3E403C56
0x803F0F4C, 6252128A
0x803F0F34, 3E60F52F
0x803F0F3C, 62733016
0x803F0F44, 3E8028D2
0x803F0F4C, 6294D9FC
0x803F0F34, 3EA01999
0x803F0F3C, 62B52CAB
0x803F0F44, 3EC0FA4F
0x803F0F4C, 62D6274C
0x803F0F34, 3EE03231
0x803F0F3C, 62F72952
0x803F0F44, 3F00DF02
0x803F0F4C, 6318240D
0x803F0F34, 3F202D3D
0x803F0F3C, 6339D30B
0x803F0F44, 3F40054A
0x803F0F4C, 635AEC2A
0x803F0F34, 3F603907
0x803F0F3C, 637B1537
0x803F0F44, 3F803968
0x803F0F4C, 639C1872
0x803F0F34, 3FA00E3C
0x803F0F3C, 63BD1B4A
0x803F0F44, 3FC0399C
0x803F0F4C, 63DEFA5A
0x803F0F34, 3FE0F19F
0x803F0F3C, 63FF1872
0x803F0F44, 0x60000000
0x803F0F4C, BE080000
0x803F0F34, 3D008033
0x803F0F3C, 61083AC0
0x803F0F44, 3E00395F
0x803F0F4C, 6210EE33
0x803F0F34, 3E20399C
0x803F0F3C, 62311571
0x803F0F44, 3E40F307
0x803F0F4C, 62523AD5
0x803F0F34, 3E60EA68
0x803F0F3C, 6273E50C
0x803F0F44, 3E80244A
0x803F0F4C, 62942D4E
0x803F0F34, 3EA0DBE7
0x803F0F3C, 62B52E7B
0x803F0F44, 3EC01925
0x803F0F4C, 62D62726
0x803F0F34, 3EE02E7B
0x803F0F3C, 62F7EBEF
0x803F0F44, 3F0034A8
0x803F0F4C, 6318244A
0x803F0F34, 3F20FD79
0x803F0F3C, 6339D591
0x803F0F44, 3F402E55
0x803F0F4C, 635A0C2D
0x803F0F34, 3F601EAC
0x803F0F3C, 637B2E55
0x803F0F44, 3F80E040
0x803F0F4C, 639CE308
0x803F0F34, 3FA01D3D
0x803F0F3C, 63BD3101
0x803F0F44, 3FC038DF
0x803F0F4C, 63DE1D3C
0x803F0F34, 3FE0FD6E
0x803F0F3C, 63FFCEB9
0x803F0F44, 0x60000000
0x803F0F4C, BE080000
0x803F0F34, 3D008033
0x803F0F3C, 61083B00
0x803F0F44, 3E00DF47
0x803F0F4C, 6210186C
0x803F0F34, 3E200384
0x803F0F3C, 6231DF47
0x803F0F44, 3E4036E3
0x803F0F4C, 6252183E
0x803F0F34, 3E60DC2F
0x803F0F3C, 62732F2C
0x803F0F44, 3E80CB09
0x803F0F4C, 6294DC2C
0x803F0F34, 3EA002A0
0x803F0F3C, 62B5290A
0x803F0F44, 3EC0F2D3
0x803F0F4C, 62D62F4E
0x803F0F34, 3EE0C250
0x803F0F3C, 62F7F2E0
0x803F0F44, 3F00F524
0x803F0F4C, 6318E018
0x803F0F34, 3F20053E
0x803F0F3C, 6339373B
0x803F0F44, 3F401741
0x803F0F4C, 635AD40D
0x803F0F34, 3F60D7B5
0x803F0F3C, 637BF4AA
0x803F0F44, 3F80CC75
0x803F0F4C, 639CDBCC
0x803F0F34, 3FA024C4
0x803F0F3C, 63BDCC39
0x803F0F44, 3FC0F80F
0x803F0F4C, 63DED063
0x803F0F34, 3FE0DC66
0x803F0F3C, 63FFE850
0x803F0F44, 0x60000000
0x803F0F4C, BE080000
0x803F0F34, 3D008033
0x803F0F3C, 61083B40
0x803F0F44, 3E00C18D
0x803F0F4C, 62100AB5
0x803F0F34, 3E200905
0x803F0F3C, 6231D2B7
0x803F0F44, 3E402D2E
0x803F0F4C, 625201F3
0x803F0F34, 3E60CBA3
0x803F0F3C, 6273E070
0x803F0F44, 3E80ED16
0x803F0F4C, 62942B26
0x803F0F34, 3EA0DF9A
0x803F0F3C, 62B52269
0x803F0F44, 3EC019C3
0x803F0F4C, 62D62B81
0x803F0F34, 3EE0273C
0x803F0F3C, 62F715CF
0x803F0F44, 3F002CC6
0x803F0F4C, 63182830
0x803F0F34, 3F203C28
0x803F0F3C, 633909BC
0x803F0F44, 3F40EC75
0x803F0F4C, 635A1F1C
0x803F0F34, 3F600F54
0x803F0F3C, 637BCA37
0x803F0F44, 3F801FF8
0x803F0F4C, 639C0455
0x803F0F34, 3FA0C8BA
0x803F0F3C, 63BD3E50
0x803F0F44, 3FC00427
0x803F0F4C, 63DEF204
0x803F0F34, 3FE0F2E9
0x803F0F3C, 63FF0A15
0x803F0F44, 0x60000000
0x803F0F4C, BE080000
0x803F0F34, 3D008033
0x803F0F3C, 61083B80
0x803F0F44, 3E00C22C
0x803F0F4C, 6210ED3F
0x803F0F34, 3E2004F3
0x803F0F3C, 6231C303
0x803F0F44, 3E40CAE5
0x803F0F4C, 625223B5
0x803F0F34, 3E6000A3
0x803F0F3C, 627304DA
0x803F0F44, 3E802D9E
0x803F0F4C, 62942C9F
0x803F0F34, 3EA01A07
0x803F0F3C, 62B523B2
0x803F0F44, 3EC02E4E
0x803F0F4C, 62D6D10E
0x803F0F34, 3EE02B74
0x803F0F3C, 62F7FE04
0x803F0F44, 3F00DE54
0x803F0F4C, 63183523
0x803F0F34, 3F200BC4
0x803F0F3C, 6339E05B
0x803F0F44, 3F40090B
0x803F0F4C, 635A36E3
0x803F0F34, 3F6017C0
0x803F0F3C, 637B0935
0x803F0F44, 3F803AB6
0x803F0F4C, 639CEEB8
0x803F0F34, 3FA035DF
0x803F0F3C, 63BD1DEB
0x803F0F44, 3FC006AB
0x803F0F4C, 63DE3523
0x803F0F34, 3FE0230A
0x803F0F3C, 63FFD6F0
0x803F0F44, 0x60000000
0x803F0F4C, BE080000
0x803F0F34, 3D008033
0x803F0F3C, 61083BC0
0x803F0F44, 3E002D9E
0x803F0F4C, 6210121F
0x803F0F34, 3E20F274
0x803F0F3C, 623139FD
0x803F0F44, 3E401770
0x803F0F4C, 6252EBB3
0x803F0F34, 3E60317D
0x803F0F3C, 62732322
0x803F0F44, 3E80DF71
0x803F0F4C, 62942670
0x803F0F34, 3EA0D887
0x803F0F3C, 62B5F45C
0x803F0F44, 3EC01A19
0x803F0F4C, 62D6C6BC
0x803F0F34, 3EE0EC55
0x803F0F3C, 62F72D4A
0x803F0F44, 3F00D749
0x803F0F4C, 6318DEEB
0x803F0F34, 3F20263E
0x803F0F3C, 6339D8C6
0x803F0F44, 3F40F472
0x803F0F4C, 635AFE03
0x803F0F34, 3F60C116
0x803F0F3C, 637BE523
0x803F0F44, 3F80FE02
0x803F0F4C, 639CC5F2
0x803F0F34, 3FA0D92D
0x803F0F3C, 63BD32CE
0x803F0F44, 3FC0FD53
0x803F0F4C, 63DECE5B
0x803F0F34, 3FE02831
0x803F0F3C, 63FF03EF
0x803F0F44, 0x60000000
0x803F0F4C, BE080000
0x803F0F34, 3D008033
0x803F0F3C, 61083C00
0x803F0F44, 3E00D3BB
0x803F0F4C, 62101641
0x803F0F34, 3E20D77F
0x803F0F3C, 6231C012
0x803F0F44, 3E40FD84
0x803F0F4C, 6252FE5E
0x803F0F34, 3E60ECB7
0x803F0F3C, 6273D909
0x803F0F44, 3E80D10A
0x803F0F4C, 6294E885
0x803F0F34, 3EA0D444
0x803F0F3C, 62B5D79C
0x803F0F44, 3EC0D899
0x803F0F4C, 62D6D96B
0x803F0F34, 3EE0DF87
0x803F0F3C, 62F7E606
0x803F0F44, 3F001D3E
0x803F0F4C, 6318CD59
0x803F0F34, 3F20EF27
0x803F0F3C, 6339375E
0x803F0F44, 3F401B51
0x803F0F4C, 635AF181
0x803F0F34, 3F60390D
0x803F0F3C, 637B191C
0x803F0F44, 3F80EF92
0x803F0F4C, 639C3692
0x803F0F34, 3FA0E2E3
0x803F0F3C, 63BD2D18
0x803F0F44, 3FC02D4A
0x803F0F4C, 63DEFCAE
0x803F0F34, 3FE03769
0x803F0F3C, 63FF1A19
0x803F0F44, 0x60000000
0x803F0F4C, BE080000
0x803F0F34, 3D008033
0x803F0F3C, 61083C40
0x803F0F44, 3E00ED73
0x803F0F4C, 62103277
0x803F0F34, 3E202670
0x803F0F3C, 62310876
0x803F0F44, 3E403283
0x803F0F4C, 6252263E
0x803F0F34, 3E600909
0x803F0F3C, 62733C43
0x803F0F44, 3E80FE03
0x803F0F4C, 6294EA8D
0x803F0F34, 3EA0156A
0x803F0F3C, 62B52831
0x803F0F44, 3EC02CF6
0x803F0F4C, 62D615BB
0x803F0F34, 3EE032CE
0x803F0F3C, 62F72048
0x803F0F44, 3F003FB5
0x803F0F4C, 6318FE02
0x803F0F34, 3F20FA3D
0x803F0F3C, 63393936
0x803F0F44, 3F401641
0x803F0F4C, 635A1216
0x803F0F34, 3F603759
0x803F0F3C, 637BF52E
0x803F0F44, 3F80E1BF
0x803F0F4C, 639C2161
0x803F0F34, 3FA0FD84
0x803F0F3C, 63BD368C
0x803F0F44, 3FC03250
0x803F0F4C, 63DED909
0x803F0F34, 3FE0F939
0x803F0F3C, 63FF2EB9
0x803F0F44, 0x60000000
0x803F0F4C, BE080000
0x803F0F34, 3D008033
0x803F0F3C, 61083C80
0x803F0F44, 3E00D444
0x803F0F4C, 62100023
0x803F0F34, 3E202FD3
0x803F0F3C, 6231D96B
0x803F0F44, 3E4011E2
0x803F0F4C, 625238DB
0x803F0F34, 3E601D3E
0x803F0F3C, 6273FD2C
0x803F0F44, 3E80F0C5
0x803F0F4C, 6294375E
0x803F0F34, 3EA01C40
0x803F0F3C, 62B5216E
0x803F0F44, 3EC03692
0x803F0F4C, 62D6FFAC
0x803F0F34, 3EE0FE87
0x803F0F3C, 62F7F52E
0x803F0F44, 3F00C0F1
0x803F0F4C, 63183086
0x803F0F34, 3F20D972
0x803F0F3C, 6339F00C
0x803F0F44, 3F40F58F
0x803F0F4C, 635AD972
0x803F0F34, 3F60CE00
0x803F0F3C, 637B3024
0x803F0F44, 3F802948
0x803F0F4C, 639C0898
0x803F0F34, 3FA0E07C
0x803F0F3C, 63BD2948
0x803F0F44, 3FC0DA9C
0x803F0F4C, 63DE1C26
0x803F0F34, 3FE0379B
0x803F0F3C, 63FF0E88
0x803F0F44, 0x60000000
0x803F0F4C, BE080000
0x803F0F34, 3D008033
0x803F0F3C, 61083CC0
0x803F0F44, 3E00E557
0x803F0F4C, 6210379B
0x803F0F34, 3E20EEE4
0x803F0F3C, 62313D64
0x803F0F44, 3E400E46
0x803F0F4C, 6252F4E6
0x803F0F34, 3E60EAEC
0x803F0F3C, 62730E46
0x803F0F44, 3E80C549
0x803F0F4C, 62943551
0x803F0F34, 3EA009E5
0x803F0F3C, 62B5DE03
0x803F0F44, 3EC002C7
0x803F0F4C, 62D609E5
0x803F0F34, 3EE0C0D5
0x803F0F3C, 62F71981
0x803F0F44, 3F00D95A
0x803F0F4C, 6318D3D3
0x803F0F34, 3F201ABA
0x803F0F3C, 63392331
0x803F0F44, 3F40D1B6
0x803F0F4C, 635AEFC6
0x803F0F34, 3F602246
0x803F0F3C, 637BCC72
0x803F0F44, 3F80F029
0x803F0F4C, 639CDACB
0x803F0F34, 3FA0CE66
0x803F0F3C, 63BD32E0
0x803F0F44, 3FC0DACB
0x803F0F4C, 63DEF4EB
0x803F0F34, 3FE034C3
0x803F0F3C, 63FF2246
0x803F0F44, 0x60000000
0x803F0F4C, BE080000
0x803F0F34, 3D008033
0x803F0F3C, 61083D00
0x803F0F44, 3E00F448
0x803F0F4C, 62102DE5
0x803F0F34, 3E20DC20
0x803F0F3C, 62311A7F
0x803F0F44, 3E402F3E
0x803F0F4C, 62522176
0x803F0F34, 3E601B46
0x803F0F3C, 62730FD7
0x803F0F44, 3E80DACB
0x803F0F4C, 6294319A
0x803F0F34, 3EA0103A
0x803F0F3C, 62B52246
0x803F0F44, 3EC0338D
0x803F0F4C, 62D6E67F
0x803F0F34, 3EE0D95A
0x803F0F3C, 62F72C2D
0x803F0F44, 3F00E546
0x803F0F4C, 63182331
0x803F0F34, 3F202E4A
0x803F0F3C, 6339CD20
0x803F0F44, 3F40DACB
0x803F0F4C, 635A0B15
0x803F0F34, 3F60CB3D
0x803F0F3C, 637B2246
0x803F0F44, 3F800BB8
0x803F0F4C, 639CD0C2
0x803F0F34, 3FA02176
0x803F0F3C, 63BDE4BA
0x803F0F44, 3FC0D21B
0x803F0F4C, 63DEDC20
0x803F0F34, 3FE0E581
0x803F0F3C, 63FFE9CC
0x803F0F44, 0x60000000
0x803F0F4C, BE080000
0x803F0F34, 3D008033
0x803F0F3C, 61083D40
0x803F0F44, 3E00E260
0x803F0F4C, 6210CBCD
0x803F0F34, 3E20198F
0x803F0F3C, 6231D980
0x803F0F44, 3E40D3BB
0x803F0F4C, 6252384F
0x803F0F34, 3E60E260
0x803F0F3C, 6273F921
0x803F0F44, 3E802DD5
0x803F0F4C, 6294DC05
0x803F0F34, 3EA01A76
0x803F0F3C, 62B50F39
0x803F0F44, 3EC0DAC8
0x803F0F4C, 62D631C9
0x803F0F34, 3EE0E671
0x803F0F3C, 62F7D980
0x803F0F44, 3F002C46
0x803F0F4C, 6318CD45
0x803F0F34, 3F20DAC8
0x803F0F3C, 63390BB5
0x803F0F44, 3F40D22B
0x803F0F4C, 635ADC05
0x803F0F34, 3F60E58A
0x803F0F3C, 637B1FFD
0x803F0F44, 3F80FE91
0x803F0F4C, 639CC897
0x803F0F34, 3FA000E9
0x803F0F3C, 63BDC007
0x803F0F44, 3FC0FE6C
0x803F0F4C, 63DE3BD7
0x803F0F34, 3FE0F5F4
0x803F0F3C, 63FFEBA9
0x803F0F44, 0x60000000
0x803F0F4C, BE080000
0x803F0F34, 3D008033
0x803F0F3C, 61083D80
0x803F0F44, 3E003223
0x803F0F4C, 6210D845
0x803F0F34, 3E20FE37
0x803F0F3C, 6231175C
0x803F0F44, 3E40D529
0x803F0F4C, 62522969
0x803F0F34, 3E600DBD
0x803F0F3C, 6273EF68
0x803F0F44, 3E803C43
0x803F0F4C, 6294E06A
0x803F0F34, 3EA00A38
0x803F0F3C, 62B536B6
0x803F0F44, 3EC0C4F1
0x803F0F4C, 62D6EF68
0x803F0F34, 3EE0123B
0x803F0F3C, 62F7F0BB
0x803F0F44, 3F0012B4
0x803F0F4C, 6318C4BB
0x803F0F34, 3F201F12
0x803F0F3C, 63390F4A
0x803F0F44, 3F40CA2F
0x803F0F4C, 635A3AF6
0x803F0F34, 3F6012B4
0x803F0F3C, 637BEF97
0x803F0F44, 3F8036C2
0x803F0F4C, 639C0D3D
0x803F0F34, 3FA01E5C
0x803F0F3C, 63BD113E
0x803F0F44, 3FC01588
0x803F0F4C, 63DE39BF
0x803F0F34, 3FE0F3B3
0x803F0F3C, 63FFF5F4
0x803F0F44, 0x60000000
0x803F0F4C, BE080000
0x803F0F34, 3D008033
0x803F0F3C, 61083DC0
0x803F0F44, 3E00C201
0x803F0F4C, 6210CA54
0x803F0F34, 3E200D3D
0x803F0F3C, 6231DFC2
0x803F0F44, 3E40D075
0x803F0F4C, 6252D529
0x803F0F34, 3E600079
0x803F0F3C, 6273E87B
0x803F0F44, 3E80D845
0x803F0F4C, 6294D3B0
0x803F0F34, 3EA0C55E
0x803F0F3C, 62B51588
0x803F0F44, 3EC00DF0
0x803F0F4C, 62D60C14
0x803F0F34, 3EE03E76
0x803F0F3C, 62F706F9
0x803F0F44, 3F000D5C
0x803F0F4C, 63183E83
0x803F0F34, 3F20FCE7
0x803F0F3C, 633903FF
0x803F0F44, 3F403E83
0x803F0F4C, 635A0D1F
0x803F0F34, 3F60F949
0x803F0F3C, 637B3E92
0x803F0F44, 3F800BA2
0x803F0F4C, 639CF2A4
0x803F0F34, 3FA03E83
0x803F0F3C, 63BD0319
0x803F0F44, 3FC0F3EC
0x803F0F4C, 63DE3E76
0x803F0F34, 3FE0F907
0x803F0F3C, 63FFFC01
0x803F0F44, 0x60000000
0x803F0F4C, BE080000
0x803F0F34, 3D008033
0x803F0F3C, 61083E00
0x803F0F44, 3E003E83
0x803F0F4C, 6210F2E1
0x803F0F34, 3E2006B7
0x803F0F3C, 62313E92
0x803F0F44, 3E40F45E
0x803F0F4C, 6252E359
0x803F0F34, 3E601C7E
0x803F0F3C, 627331A1
0x803F0F44, 3E80EDD9
0x803F0F4C, 62942B62
0x803F0F34, 3EA02B68
0x803F0F3C, 62B5CBC1
0x803F0F44, 3EC00000
0x803F0F4C, 62D624F6
0x803F0F34, 3EE0D0D5
0x803F0F3C, 62F72B2A
0x803F0F44, 3F0002B8
0x803F0F4C, 6318FC78
0x803F0F34, 3F200000
0x803F0F3C, 63393FE6
0x803F0F44, 3F40EDD9
0x803F0F4C, 635AD49E
0x803F0F34, 3F602B68
0x803F0F3C, 637BD0D5
0x803F0F44, 3F80D4D6
0x803F0F4C, 639C02B8
0x803F0F34, 3FA0C26F
0x803F0F3C, 63BD0000
0x803F0F44, 3FC0EE89
0x803F0F4C, 63DED419
0x803F0F34, 3FE02B1D
0x803F0F3C, 63FF1199
0x803F0F44, 0x60000000
0x803F0F4C, BE080000
0x803F0F34, 3D008033
0x803F0F3C, 61083E40
0x803F0F44, 3E00C0F1
0x803F0F4C, 62100000
0x803F0F34, 3E20F516
0x803F0F3C, 6231DC74
0x803F0F44, 3E402AF8
0x803F0F4C, 6252E09B
0x803F0F34, 3E60CFE7
0x803F0F3C, 62730000
0x803F0F44, 3E802A37
0x803F0F4C, 6294D419
0x803F0F34, 3EA0D4E3
0x803F0F3C, 62B51199
0x803F0F44, 3EC0DC74
0x803F0F4C, 62D6D508
0x803F0F34, 3EE0E09B
0x803F0F3C, 62F7E09C
0x803F0F44, 3F000000
0x803F0F4C, 6318C83B
0x803F0F34, 3F20D308
0x803F0F3C, 63392AEC
0x803F0F44, 3F40F0CD
0x803F0F4C, 635AD71D
0x803F0F34, 3F600000
0x803F0F3C, 637BCEC5
0x803F0F44, 3F80F964
0x803F0F4C, 639C2B26
0x803F0F34, 3FA0D134
0x803F0F3C, 63BDC001
0x803F0F44, 3FC00000
0x803F0F4C, 63DE0078
0x803F0F34, 3FE0D307
0x803F0F3C, 63FFD514
0x803F0F44, 0x60000000
0x803F0F4C, BE080000
0x803F0F34, 3D008033
0x803F0F3C, 61083E80
0x803F0F44, 3E00F0CD
0x803F0F4C, 6210F964
0x803F0F34, 3E20D4D9
0x803F0F3C, 6231D134
0x803F0F44, 3E400CB8
0x803F0F4C, 62520000
0x803F0F34, 3E60C147
0x803F0F3C, 6273EAC8
0x803F0F44, 3E802B29
0x803F0F4C, 6294D5C8
0x803F0F34, 3EA005E4
0x803F0F3C, 62B50000
0x803F0F44, 3EC0C046
0x803F0F4C, 62D61C84
0x803F0F34, 3EE02B62
0x803F0F3C, 62F7DA94
0x803F0F44, 3F00D21A
0x803F0F4C, 63180000
0x803F0F34, 3F20D367
0x803F0F3C, 6339EAC8
0x803F0F44, 3F40D4D7
0x803F0F4C, 635AD5C8
0x803F0F34, 3F601C84
0x803F0F3C, 637BD49E
0x803F0F44, 3F80DA94
0x803F0F4C, 639C3594
0x803F0F34, 3FA00000
0x803F0F3C, 63BDDCFF
0x803F0F44, 3FC028FC
0x803F0F4C, 63DE0000
0x803F0F34, 3FE03127
0x803F0F3C, 63FF06B5
0x803F0F44, 0x60000000
0x803F0F4C, BE080000
0x803F0F34, 3D008033
0x803F0F3C, 61083EC0
0x803F0F44, 3E002B1D
0x803F0F4C, 62102ED1
0x803F0F34, 3E202CF6
0x803F0F3C, 62312AF8
0x803F0F44, 3E400F16
0x803F0F4C, 6252F37D
0x803F0F34, 3E600000
0x803F0F3C, 62733EC3
0x803F0F44, 3E8006B5
0x803F0F4C, 6294D4E3
0x803F0F34, 3EA02ED2
0x803F0F3C, 62B52CF6
0x803F0F44, 3EC0D508
0x803F0F4C, 62D60F16
0x803F0F34, 3EE03FFF
0x803F0F3C, 62F70000
0x803F0F44, 3F00FF4D
0x803F0F4C, 6318FA1E
0x803F0F34, 3F200000
0x803F0F3C, 63393FBA
0x803F0F44, 3F40E37D
0x803F0F4C, 635A2B62
0x803F0F34, 3F60256C
0x803F0F3C, 637B153A
0x803F0F44, 3F802B2A
0x803F0F4C, 639C2A36
0x803F0F34, 3FA0CA6E
0x803F0F3C, 63BD0000
0x803F0F44, 3FC02303
0x803F0F4C, 63DEE37D
0x803F0F34, 3FE0D49E
0x803F0F3C, 63FF256C
0x803F0F44, 0x60000000
0x803F0F4C, BE080000
0x803F0F34, 3D008033
0x803F0F3C, 61083F00
0x803F0F44, 3E00153A
0x803F0F4C, 6210D4D6
0x803F0F34, 3E202A36
0x803F0F3C, 62312DE9
0x803F0F44, 3E400000
0x803F0F4C, 62522C96
0x803F0F34, 3E60343E
0x803F0F3C, 62730000
0x803F0F44, 3E80DB09
0x803F0F4C, 62942F2D
0x803F0F34, 3EA02B29
0x803F0F3C, 62B5FD45
0x803F0F44, 3EC01226
0x803F0F4C, 62D62B62
0x803F0F34, 3EE0D498
0x803F0F3C, 62F73D93
0x803F0F44, 3F000000
0x803F0F4C, 63181173
0x803F0F34, 3F202F2C
0x803F0F3C, 6339D4D7
0x803F0F44, 3F40FD45
0x803F0F4C, 635A1226
0x803F0F34, 3F60D49E
0x803F0F3C, 637BD498
0x803F0F44, 3F800386
0x803F0F4C, 639C0000
0x803F0F34, 3FA0C019
0x803F0F3C, 63BD3F15
0x803F0F44, 3FC00000
0x803F0F4C, 63DE0ACB
0x803F0F34, 3FE023A6
0x803F0F3C, 63FF2AEC
0x803F0F44, 0x60000000
0x803F0F4C, BE080000
0x803F0F34, 3D008033
0x803F0F3C, 61083F40
0x803F0F44, 3E001F58
0x803F0F4C, 62102BD5
0x803F0F34, 3E202B26
0x803F0F3C, 6231EE54
0x803F0F44, 3E401F97
0x803F0F4C, 62520000
0x803F0F34, 3E6037A8
0x803F0F3C, 627323A6
0x803F0F44, 3E80D514
0x803F0F4C, 62941F58
0x803F0F34, 3EA02BD5
0x803F0F3C, 62B5D4D9
0x803F0F44, 3EC0EE54
0x803F0F4C, 62D62FF5
0x803F0F34, 3EE00000
0x803F0F3C, 62F7D5A0
0x803F0F44, 3F00114E
0x803F0F4C, 6318D30B
0x803F0F34, 3F202A22
0x803F0F3C, 63391AF1
0x803F0F44, 3F40286F
0x803F0F4C, 635A29A7
0x803F0F34, 3F602F89
0x803F0F3C, 637BF4C3
0x803F0F44, 3F80295A
0x803F0F4C, 639CCE75
0x803F0F34, 3FA0286F
0x803F0F3C, 63BDFD7F
0x803F0F44, 3FC0EAAB
0x803F0F4C, 63DE3C56
0x803F0F34, 3FE0FFC1
0x803F0F3C, 63FFD51C
0x803F0F44, 0x60000000
0x803F0F4C, BE080000
0x803F0F34, 3D008033
0x803F0F3C, 61083F80
0x803F0F44, 3E00292B
0x803F0F4C, 6210E84F
0x803F0F34, 3E20C798
0x803F0F3C, 623109B4
0x803F0F44, 3E401CA1
0x803F0F4C, 6252C778
0x803F0F34, 3E601C66
0x803F0F3C, 6273F658
0x803F0F44, 3E80E3D4
0x803F0F4C, 62943907
0x803F0F34, 3EA0F8F0
0x803F0F3C, 62B5DA5C
0x803F0F44, 3EC030AF
0x803F0F4C, 62D6EE6D
0x803F0F34, 3EE0D70E
0x803F0F3C, 62F73016
0x803F0F44, 3F000A53
0x803F0F4C, 6318CC7C
0x803F0F34, 3F2021EC
0x803F0F3C, 6339EEF2
0x803F0F44, 3F40C765
0x803F0F4C, 635A195D
0x803F0F34, 3F60F03E
0x803F0F3C, 637BC1A0
0x803F0F44, 3F800C7F
0x803F0F4C, 639C0702
0x803F0F34, 3FA0D158
0x803F0F3C, 63BD274C
0x803F0F44, 3FC0135A
0x803F0F4C, 63DEC680
0x803F0F34, 3FE01998
0x803F0F3C, 63FFF468
0x803F0F44, 0x60000000
0x803F0F4C, BE080000
0x803F0F34, 3D008033
0x803F0F3C, 61083FC0
0x803F0F44, 3E00E9D5
0x803F0F4C, 6210E6CD
0x803F0F34, 3E20C983
0x803F0F3C, 62313A46
0x803F0F44, 3E40E6CD
0x803F0F4C, 6252F7F5
0x803F0F34, 3E6022B1
0x803F0F3C, 62730978
0x803F0F44, 3E80CB10
0x803F0F4C, 62941C7F
0x803F0F34, 3EA00978
0x803F0F3C, 62B5C77C
0x803F0F44, 3EC0C46C
0x803F0F4C, 62D6F4C2
0x803F0F34, 3EE0EB83
0x803F0F3C, 62F724A1
0x803F0F44, 3F001C66
0x803F0F4C, 63182C21
0x803F0F34, 3F20220A
0x803F0F3C, 633930AF
0x803F0F44, 3F4017CF
0x803F0F4C, 635ADA1B
0x803F0F34, 3F6013B2
0x803F0F3C, 637BD057
0x803F0F44, 3F803C3A
0x803F0F4C, 639C13B2
0x803F0F34, 3FA008FD
0x803F0F3C, 63BD29F3
0x803F0F44, 3FC0195D
0x803F0F4C, 63DE2924
0x803F0F34, 3FE018CC
0x803F0F3C, 63FF2FB0
0x803F0F44, 0x60000000
0x803F0F4C, BE080000
0x803F0F34, 3D008033
0x803F0F3C, 61084000
0x803F0F44, 3E00DD43
0x803F0F4C, 6210D245
0x803F0F34, 3E202CBD
0x803F0F3C, 6231FE4D
0x803F0F44, 3E40C4D2
0x803F0F4C, 62520F10
0x803F0F34, 3E601325
0x803F0F3C, 62731856
0x803F0F44, 3E802CBD
0x803F0F4C, 629426C1
0x803F0F34, 3EA0115A
0x803F0F3C, 62B537B9
0x803F0F44, 3EC0E5BF
0x803F0F4C, 62D611AF
0x803F0F34, 3EE02FB0
0x803F0F3C, 62F7D928
0x803F0F44, 3F000E0F
0x803F0F4C, 631837B9
0x803F0F34, 3F20E3D8
0x803F0F3C, 6339191D
0x803F0F44, 3F400C7F
0x803F0F4C, 635A3986
0x803F0F34, 3F600D02
0x803F0F3C, 637B0F10
0x803F0F44, 3F803CD3
0x803F0F4C, 639CF480
0x803F0F34, 3FA0DF02
0x803F0F3C, 63BD359E
0x803F0F44, 3FC00368
0x803F0F4C, 63DE09B4
0x803F0F34, 3FE03F2B
0x803F0F3C, 63FF0AE1
0x803F0F44, 0x60000000
0x803F0F4C, BE080000
0x803F0F34, 3D008033
0x803F0F3C, 61084040
0x803F0F44, 3E003C56
0x803F0F4C, 6210125A
0x803F0F34, 3E2029F6
0x803F0F3C, 6231292B
0x803F0F44, 3E40194C
0x803F0F4C, 62522888
0x803F0F34, 3E6021EC
0x803F0F3C, 62732416
0x803F0F44, 3E800B87
0x803F0F4C, 62943016
0x803F0F34, 3EA028A0
0x803F0F3C, 62B526CA
0x803F0F44, 3EC01999
0x803F0F4C, 62D62C00
0x803F0F34, 3EE00691
0x803F0F3C, 62F7274C
0x803F0F44, 3F003215
0x803F0F4C, 6318D751
0x803F0F34, 3F20DF02
0x803F0F3C, 633924C5
0x803F0F44, 3F40D2DC
0x803F0F4C, 635AD30B
0x803F0F34, 3F600614
0x803F0F3C, 637B1434
0x803F0F44, 3F803907
0x803F0F4C, 639C14DD
0x803F0F34, 3FA0C6DA
0x803F0F3C, 63BD1872
0x803F0F44, 3FC00F3C
0x803F0F4C, 63DEE49D
0x803F0F34, 3FE0399C
0x803F0F3C, 63FFFAD4
0x803F0F44, 0x60000000
0x803F0F4C, BE080000
0x803F0F34, 3D008033
0x803F0F3C, 61084080
0x803F0F44, 3E000F61
0x803F0F4C, 62101872
0x803F0F34, 3E20391C
0x803F0F3C, 6231122C
0x803F0F44, 3E40399C
0x803F0F4C, 62521521
0x803F0F34, 3E600C98
0x803F0F3C, 62733AD5
0x803F0F44, 3E80EA2F
0x803F0F4C, 62942488
0x803F0F34, 3EA02E7B
0x803F0F3C, 62B51883
0x803F0F44, 3EC01BBD
0x803F0F4C, 62D6244A
0x803F0F34, 3EE02CD3
0x803F0F3C, 62F7CB4F
0x803F0F44, 3F00244A
0x803F0F4C, 6318FE64
0x803F0F34, 3F20D882
0x803F0F3C, 63392E7B
0x803F0F44, 3F40EC9F
0x803F0F4C, 635A2AA4
0x803F0F34, 3F602E55
0x803F0F3C, 637B0B6F
0x803F0F44, 3F80E0C7
0x803F0F4C, 639C2E55
0x803F0F34, 3FA0E0CA
0x803F0F3C, 63BD1DD2
0x803F0F44, 3FC01D3D
0x803F0F4C, 63DE307E
0x803F0F34, 3FE0C718
0x803F0F3C, 63FF1D3C
0x803F0F44, 0x60000000
0x803F0F4C, BE080000
0x803F0F34, 3D008033
0x803F0F3C, 610840C0
0x803F0F44, 3E00FE6C
0x803F0F4C, 6210D4FA
0x803F0F34, 3E20DB4A
0x803F0F3C, 62311DF2
0x803F0F44, 3E402F31
0x803F0F4C, 6252DC66
0x803F0F34, 3E60E77D
0x803F0F3C, 627336D1
0x803F0F44, 3E80FFBF
0x803F0F4C, 6294DEF9
0x803F0F34, 3EA03515
0x803F0F3C, 62B50963
0x803F0F44, 3EC0DD82
0x803F0F4C, 62D63DF5
0x803F0F34, 3EE00CB5
0x803F0F3C, 62F709C8
0x803F0F44, 3F003E82
0x803F0F4C, 6318FE0A
0x803F0F34, 3F200D95
0x803F0F3C, 63391FCB
0x803F0F44, 3F4010C2
0x803F0F4C, 635A34F4
0x803F0F34, 3F6020EA
0x803F0F3C, 637BFC8F
0x803F0F44, 3F8036C7
0x803F0F4C, 639CEBA2
0x803F0F34, 3FA00C46
0x803F0F3C, 63BD3B6A
0x803F0F44, 3FC0EEA7
0x803F0F4C, 63DEFE0A
0x803F0F34, 3FE03D92
0x803F0F3C, 63FFC89C
0x803F0F44, 0x60000000
0x803F0F4C, BE080000
0x803F0F34, 3D008033
0x803F0F3C, 61084100
0x803F0F44, 3E0008CE
0x803F0F4C, 62101ED2
0x803F0F34, 3E20C91A
0x803F0F3C, 6231FFBF
0x803F0F44, 3E4020E4
0x803F0F4C, 6252DF0A
0x803F0F34, 3E600000
0x803F0F3C, 6273C925
0x803F0F44, 3E80116F
0x803F0F4C, 62940000
0x803F0F34, 3EA0C26C
0x803F0F3C, 62B5C8E1
0x803F0F44, 3EC0034E
0x803F0F4C, 62D62059
0x803F0F34, 3EE03628
0x803F0F3C, 62F704C9
0x803F0F44, 3F00DE3E
0x803F0F4C, 6318EC47
0x803F0F34, 3F200112
0x803F0F3C, 63393CE0
0x803F0F44, 3F403F04
0x803F0F4C, 635A01F1
0x803F0F34, 3F600B00
0x803F0F3C, 637B20E9
0x803F0F44, 3F80FF7D
0x803F0F4C, 639C36E2
0x803F0F34, 3FA0C172
0x803F0F3C, 63BD0000
0x803F0F44, 3FC0F27C
0x803F0F4C, 63DE0000
0x803F0F34, 3FE04000
0x803F0F3C, 63FF0000
0x803F0F44, 0x60000000
0x803F0F4C, BE080000
0x803F0F34, 3D008033
0x803F0F3C, 61084140
0x803F0F44, 3E00E8BE
0x803F0F4C, 62102965
0x803F0F34, 3E202AE8
0x803F0F3C, 6231F4D7
0x803F0F44, 3E4026EF
0x803F0F4C, 6252318D
0x803F0F34, 3E6030FE
0x803F0F3C, 627326EF
0x803F0F44, 3E800D68
0x803F0F4C, 629430CE
0x803F0F34, 3EA02965
0x803F0F3C, 62B5FF9C
0x803F0F44, 3EC02B8A
0x803F0F4C, 62D6DB4A
0x803F0F34, 3EE01D31
0x803F0F3C, 62F7C239
0x803F0F44, 3F000CB5
0x803F0F4C, 63180ADC
0x803F0F34, 3F20CA53
0x803F0F3C, 63390963
0x803F0F44, 3F40DE71
0x803F0F4C, 635AC89E
0x803F0F34, 3F60FFBF
0x803F0F3C, 637BDFEF
0x803F0F44, 3F80C1BD
0x803F0F4C, 639CFE0A
0x803F0F34, 3FA00EAC
0x803F0F3C, 63BDE122
0x803F0F44, 3FC010C2
0x803F0F4C, 63DE3580
0x803F0F34, 3FE0E00C
0x803F0F3C, 63FFFC8F
0x803F0F44, 0x60000000
0x803F0F4C, BE080000
0x803F0F34, 3D008033
0x803F0F3C, 61084180
0x803F0F44, 3E003758
0x803F0F4C, 62101567
0x803F0F34, 3E200C46
0x803F0F3C, 62313B0D
0x803F0F44, 3E40126C
0x803F0F4C, 6252FE0A
0x803F0F34, 3E603D42
0x803F0F3C, 627337EC
0x803F0F44, 3E8008CE
0x803F0F4C, 62941DD9
0x803F0F34, 3EA03776
0x803F0F3C, 62B5FFBF
0x803F0F44, 3EC01FEE
0x803F0F4C, 62D62000
0x803F0F34, 3EE00000
0x803F0F3C, 62F7C894
0x803F0F44, 3F00ED7F
0x803F0F4C, 63180000
0x803F0F34, 3F20C2BC
0x803F0F3C, 633937AE
0x803F0F44, 3F40034E
0x803F0F4C, 635A1F61
0x803F0F34, 3F60C943
0x803F0F3C, 637B04C9
0x803F0F44, 3F80DF31
0x803F0F4C, 639C14C8
0x803F0F34, 3FA00112
0x803F0F3C, 63BD3C85
0x803F0F44, 3FC0C130
0x803F0F4C, 63DE01F1
0x803F0F34, 3FE00C19
0x803F0F3C, 63FFE00D
0x803F0F44, 0x60000000
0x803F0F4C, BE080000
0x803F0F34, 3D008033
0x803F0F3C, 610841C0
0x803F0F44, 3E00FF7D
0x803F0F4C, 62103773
0x803F0F34, 3E203E4F
0x803F0F3C, 62310000
0x803F0F44, 3E40F165
0x803F0F4C, 62521801
0x803F0F34, 3E602965
0x803F0F3C, 62732A7F
0x803F0F44, 3E800C06
0x803F0F4C, 629426EF
0x803F0F34, 3EA03159
0x803F0F3C, 62B5CF40
0x803F0F44, 3EC026EF
0x803F0F4C, 62D60E42
0x803F0F34, 3EE0CF32
0x803F0F3C, 62F72965
0x803F0F44, 3F000075
0x803F0F4C, 63185468
0x803F0F34, 3F206973
0x803F0F3C, 63392069
0x803F0F44, 3F407320
0x803F0F4C, 635A7061
0x803F0F34, 3F606464
0x803F0F3C, 637B696E
0x803F0F44, 3F806720
0x803F0F4C, 639C6461
0x803F0F34, 3FA07461
0x803F0F3C, 63BD2074
0x803F0F44, 3FC06F20
0x803F0F4C, 63DE616C
0x803F0F34, 3FE06967
0x803F0F3C, 63FF6E6D
0x803F0F44, 0x60000000
0x803F0F4C, BE080000
0x803F0F34, 3D008033
0x803F0F3C, 61084200
0x803F0F44, 3E000013
0x803F0F4C, 621000FD
0x803F0F34, 3E200008
0x803F0F3C, 623100FD
0x803F0F44, 3E400021
0x803F0F4C, 625200FD
0x803F0F34, 3E600003
0x803F0F3C, 627300FD
0x803F0F44, 3E800060
0x803F0F4C, 629400FD
0x803F0F34, 3EA0006B
0x803F0F3C, 62B500FD
0x803F0F44, 3EC00034
0x803F0F4C, 62D600FD
0x803F0F34, 3EE00035
0x803F0F3C, 62F700FD
0x803F0F44, 3F000024
0x803F0F4C, 631800D3
0x803F0F34, 3F20001C
0x803F0F3C, 633900DF
0x803F0F44, 3F40006F
0x803F0F4C, 635A00DA
0x803F0F34, 3F60006B
0x803F0F3C, 637B00C1
0x803F0F44, 3F800060
0x803F0F4C, 639C00C1
0x803F0F34, 3FA00063
0x803F0F3C, 63BD00DA
0x803F0F44, 3FC00063
0x803F0F4C, 63DE00DA
0x803F0F34, 3FE00060
0x803F0F3C, 63FF00C1
0x803F0F44, 0x60000000
0x803F0F4C, BE080000
0x803F0F34, 3D008033
0x803F0F3C, 61084240
0x803F0F44, 3E000015
0x803F0F4C, 621000E8
0x803F0F34, 3E20000A
0x803F0F3C, 623100E4
0x803F0F44, 3E400015
0x803F0F4C, 625200DA
0x803F0F34, 3E60002C
0x803F0F3C, 627300C7
0x803F0F44, 3E800021
0x803F0F4C, 629400C1
0x803F0F34, 3EA00018
0x803F0F3C, 62B500CC
0x803F0F44, 3EC0000F
0x803F0F4C, 62D600D8
0x803F0F34, 3EE00007
0x803F0F3C, 62F700E2
0x803F0F44, 3F0000FE
0x803F0F4C, 631800C0
0x803F0F34, 3F2000FE
0x803F0F3C, 63390043
0x803F0F44, 3F400080
0x803F0F4C, 635A0043
0x803F0F34, 3F600080
0x803F0F3C, 637B00C0
0x803F0F44, 3F8000E8
0x803F0F4C, 639C00C0
0x803F0F34, 3FA000A9
0x803F0F3C, 63BD0043
0x803F0F44, 3FC000E4
0x803F0F4C, 63DE0043
0x803F0F34, 3FE000DC
0x803F0F3C, 63FF0043
0x803F0F44, 0x60000000
0x803F0F4C, BE080000
0x803F0F34, 3D008033
0x803F0F3C, 61084280
0x803F0F44, 3E0000DC
0x803F0F4C, 621000C0
0x803F0F34, 3E200080
0x803F0F3C, 62310046
0x803F0F44, 3E400080
0x803F0F4C, 625200BC
0x803F0F34, 3E6000FE
0x803F0F3C, 6273005C
0x803F0F44, 3E8000E9
0x803F0F4C, 62940043
0x803F0F34, 3EA000C9
0x803F0F3C, 62B50043
0x803F0F44, 3EC000D9
0x803F0F4C, 62D600C0
0x803F0F34, 3EE000B0
0x803F0F3C, 62F70081
0x803F0F44, 3F0000D9
0x803F0F4C, 63180043
0x803F0F34, 3F2000C9
0x803F0F3C, 633900C0
0x803F0F44, 3F4000C0
0x803F0F4C, 635A00BC
0x803F0F34, 3F6000C0
0x803F0F3C, 637B0036
0x803F0F44, 3F8000CB
0x803F0F4C, 639C0039
0x803F0F34, 3FA000D8
0x803F0F3C, 63BD0006
0x803F0F44, 3FC000C9
0x803F0F4C, 63DE002C
0x803F0F34, 3FE000DB
0x803F0F3C, 63FF0008
0x803F0F44, 0x60000000
0x803F0F4C, BE080000
0x803F0F34, 3D008033
0x803F0F3C, 610842C0
0x803F0F44, 3E0000D9
0x803F0F4C, 62100009
0x803F0F34, 3E2000C1
0x803F0F3C, 62310036
0x803F0F44, 3E400081
0x803F0F4C, 62520043
0x803F0F34, 3E600081
0x803F0F3C, 6273007E
0x803F0F44, 3E8000E8
0x803F0F4C, 62940006
0x803F0F34, 3EA000E3
0x803F0F3C, 62B500C0
0x803F0F44, 3EC000E3
0x803F0F4C, 62D60046
0x803F0F34, 3EE000FE
0x803F0F3C, 62F70046
0x803F0F44, 3F0000CB
0x803F0F4C, 631800C0
0x803F0F34, 3F2000CB
0x803F0F3C, 63390046
0x803F0F44, 3F4000B0
0x803F0F4C, 635A00C0
0x803F0F34, 3F6000B0
0x803F0F3C, 637B0046
0x803F0F44, 3F800091
0x803F0F4C, 639C00C0
0x803F0F34, 3FA00091
0x803F0F3C, 63BD0046
0x803F0F44, 3FC000E1
0x803F0F4C, 63DE0009
0x803F0F34, 3FE000D3
0x803F0F3C, 63FF0016
0x803F0F44, 0x60000000
0x803F0F4C, BE080000
0x803F0F34, 3D008033
0x803F0F3C, 61084300
0x803F0F44, 3E0000F8
0x803F0F4C, 62100049
0x803F0F34, 3E200094
0x803F0F3C, 623100BC
0x803F0F44, 3E4000D9
0x803F0F4C, 625200BD
0x803F0F34, 3E6000FB
0x803F0F3C, 627300B0
0x803F0F44, 3E800094
0x803F0F4C, 6294009E
0x803F0F34, 3EA00090
0x803F0F3C, 62B50049
0x803F0F44, 3EC00080
0x803F0F4C, 62D60049
0x803F0F34, 3EE000FC
0x803F0F3C, 62F70049
0x803F0F44, 3F0000FC
0x803F0F4C, 631800C0
0x803F0F34, 3F2000FC
0x803F0F3C, 63390043
0x803F0F44, 3F400088
0x803F0F4C, 635A00FC
0x803F0F34, 3F60008E
0x803F0F3C, 637B00D0
0x803F0F44, 3F80008E
0x803F0F4C, 639C00D0
0x803F0F34, 3FA00081
0x803F0F3C, 63BD00D0
0x803F0F44, 3FC00082
0x803F0F4C, 63DE00C0
0x803F0F34, 3FE000D8
0x803F0F3C, 63FF0043
0x803F0F44, 0x60000000
0x803F0F4C, BE080000
0x803F0F34, 3D008033
0x803F0F3C, 61084340
0x803F0F44, 3E000082
0x803F0F4C, 62100043
0x803F0F34, 3E2000D8
0x803F0F3C, 623100C0
0x803F0F44, 3E4000E0
0x803F0F4C, 62520020
0x803F0F34, 3E6000D0
0x803F0F3C, 62730003
0x803F0F44, 3E8000EC
0x803F0F4C, 62940003
0x803F0F34, 3EA000C0
0x803F0F3C, 62B50033
0x803F0F44, 3EC000D0
0x803F0F4C, 62D60040
0x803F0F34, 3EE000F0
0x803F0F3C, 62F70040
0x803F0F44, 3F0000FC
0x803F0F4C, 63180030
0x803F0F34, 3F2000BE
0x803F0F3C, 63390046
0x803F0F44, 3F400080
0x803F0F4C, 635A004C
0x803F0F34, 3F6000BE
0x803F0F3C, 637B0040
0x803F0F44, 3F8000BE
0x803F0F4C, 639C00C0
0x803F0F34, 3FA000BE
0x803F0F3C, 63BD0033
0x803F0F44, 3FC000BC
0x803F0F4C, 63DE0046
0x803F0F34, 3FE000BC
0x803F0F3C, 63FF00C0
0x803F0F44, 0x60000000
0x803F0F4C, BE080000
0x803F0F34, 3D008033
0x803F0F3C, 61084380
0x803F0F44, 3E0000B1
0x803F0F4C, 62100043
0x803F0F34, 3E2000B6
0x803F0F3C, 623100C0
0x803F0F44, 3E4000AC
0x803F0F4C, 625200C0
0x803F0F34, 3E6000C9
0x803F0F3C, 627300B9
0x803F0F44, 3E8000C9
0x803F0F4C, 62940036
0x803F0F34, 3EA000E0
0x803F0F3C, 62B50009
0x803F0F44, 3EC000CC
0x803F0F4C, 62D60036
0x803F0F34, 3EE000BE
0x803F0F3C, 62F70043
0x803F0F44, 3F0000E0
0x803F0F4C, 63180039
0x803F0F34, 3F2000CC
0x803F0F3C, 63390043
0x803F0F44, 3F4000A1
0x803F0F4C, 635A0043
0x803F0F34, 3F6000A1
0x803F0F3C, 637B00C0
0x803F0F44, 3F8000F0
0x803F0F4C, 639C0039
0x803F0F34, 3FA000F0
0x803F0F3C, 63BD00C0
0x803F0F44, 3FC000C9
0x803F0F4C, 63DE00BC
0x803F0F34, 3FE000FC
0x803F0F3C, 63FF0046
0x803F0F44, 0x60000000
0x803F0F4C, BE080000
0x803F0F34, 3D008033
0x803F0F3C, 610843C0
0x803F0F44, 3E0000DC
0x803F0F4C, 62100010
0x803F0F34, 3E2000DC
0x803F0F3C, 62310016
0x803F0F44, 3E4000C6
0x803F0F4C, 62520039
0x803F0F34, 3E6000FC
0x803F0F3C, 62730039
0x803F0F44, 3E8000B3
0x803F0F4C, 629400C0
0x803F0F34, 3EA000A6
0x803F0F3C, 62B500C0
0x803F0F44, 3EC000A6
0x803F0F4C, 62D60046
0x803F0F34, 3EE000B3
0x803F0F3C, 62F70046
0x803F0F44, 3F000096
0x803F0F4C, 631800C0
0x803F0F34, 3F200096
0x803F0F3C, 63390046
0x803F0F44, 3F400081
0x803F0F4C, 635A00C0
0x803F0F34, 3F600081
0x803F0F3C, 637B0046
0x803F0F44, 3F8000A3
0x803F0F4C, 639C004C
0x803F0F34, 3FA000FC
0x803F0F3C, 63BD0080
0x803F0F44, 3FC000E9
0x803F0F4C, 63DE00B6
0x803F0F34, 3FE000A9
0x803F0F3C, 63FF00C0
0x803F0F44, 0x60000000
0x803F0F4C, BE080000
0x803F0F34, 3D008033
0x803F0F3C, 61084400
0x803F0F44, 3E00008C
0x803F0F4C, 62100053
0x803F0F34, 3E2000F8
0x803F0F3C, 62310044
0x803F0F44, 3E400046
0x803F0F4C, 625200FD
0x803F0F34, 3E600080
0x803F0F3C, 6273007E
0x803F0F44, 3E800046
0x803F0F4C, 62940092
0x803F0F34, 3EA00046
0x803F0F3C, 62B500B6
0x803F0F44, 3EC0002C
0x803F0F4C, 62D600A1
0x803F0F34, 3EE0002B
0x803F0F3C, 62F7008B
0x803F0F44, 3F000021
0x803F0F4C, 6318009F
0x803F0F34, 3F200020
0x803F0F3C, 63390085
0x803F0F44, 3F40006B
0x803F0F4C, 635A0089
0x803F0F34, 3F600060
0x803F0F3C, 637B008E
0x803F0F44, 3F800046
0x803F0F4C, 639C00D3
0x803F0F34, 3FA00028
0x803F0F3C, 63BD00B3
0x803F0F44, 3FC0001C
0x803F0F4C, 63DE00B0
0x803F0F34, 3FE00060
0x803F0F3C, 63FF008E
0x803F0F44, 0x60000000
0x803F0F4C, BE080000
0x803F0F34, 3D008033
0x803F0F3C, 61084440
0x803F0F44, 3E0000A1
0x803F0F4C, 621000C6
0x803F0F34, 3E2000E5
0x803F0F3C, 623100C6
0x803F0F44, 3E4000A1
0x803F0F4C, 625200E0
0x803F0F34, 3E6000A1
0x803F0F3C, 627300F6
0x803F0F44, 3E8000A1
0x803F0F4C, 629400E9
0x803F0F34, 3EA000A1
0x803F0F3C, 62B500F9
0x803F0F44, 3EC000A1
0x803F0F4C, 62D600D6
0x803F0F34, 3EE00099
0x803F0F3C, 62F701BC
0x803F0F44, 3F000099
0x803F0F4C, 631800C9
0x803F0F34, 3F200085
0x803F0F3C, 633900C9
0x803F0F44, 3F4000E2
0x803F0F4C, 635A00C6
0x803F0F34, 3F6000E3
0x803F0F3C, 637B00C6
0x803F0F44, 3F8000E3
0x803F0F4C, 639C00E3
0x803F0F34, 3FA000E2
0x803F0F3C, 63BD00E3
0x803F0F44, 3FC000C9
0x803F0F4C, 63DE00C6
0x803F0F34, 3FE000C9
0x803F0F3C, 63FF00E3
0x803F0F44, 0x60000000
0x803F0F4C, BE080000
0x803F0F34, 3D008033
0x803F0F3C, 61084480
0x803F0F44, 3E0000B7
0x803F0F4C, 621000E3
0x803F0F34, 3E2000B7
0x803F0F3C, 623100C6
0x803F0F44, 3E4000A6
0x803F0F4C, 625200C6
0x803F0F34, 3E6000A6
0x803F0F3C, 627300E3
0x803F0F44, 3E8000E0
0x803F0F4C, 629400DD
0x803F0F34, 3EA000E8
0x803F0F3C, 62B500EC
0x803F0F44, 3EC000E8
0x803F0F4C, 62D600C6
0x803F0F34, 3EE000DF
0x803F0F3C, 62F700C6
0x803F0F44, 3F0000A3
0x803F0F4C, 631800E9
0x803F0F34, 3F2000A3
0x803F0F3C, 633900F6
0x803F0F44, 3F4000B9
0x803F0F4C, 635A00CC
0x803F0F34, 3F6000C0
0x803F0F3C, 637B00C6
0x803F0F44, 3F8000A3
0x803F0F4C, 639C00D6
0x803F0F34, 3FA000A3
0x803F0F3C, 63BD00E0
0x803F0F44, 3FC000A3
0x803F0F4C, 63DE00F9
0x803F0F34, 3FE000A3
0x803F0F3C, 63FF00CC
0x803F0F44, 0x60000000
0x803F0F4C, BE080000
0x803F0F34, 3D008033
0x803F0F3C, 610844C0
0x803F0F44, 3E0000A3
0x803F0F4C, 621000C6
0x803F0F34, 3E205468
0x803F0F3C, 62316973
0x803F0F44, 3E402069
0x803F0F4C, 62527320
0x803F0F34, 3E607061
0x803F0F3C, 62736464
0x803F0F44, 3E80696E
0x803F0F4C, 62946720
0x803F0F34, 3EA06461
0x803F0F3C, 62B57461
0x803F0F44, 3EC02074
0x803F0F4C, 62D66F20
0x803F0F34, 3EE0616C
0x803F0F3C, 62F76967
0x803F0F44, 3F004556
0x803F0F4C, 63185031
0x803F0F34, 3F200000
0x803F0F3C, 63390020
0x803F0F44, 3F400000
0x803F0F4C, 635AFFFF
0x803F0F34, 3F600000
0x803F0F3C, 637B0000
0x803F0F44, 3F800000
0x803F0F4C, 639C0000
0x803F0F34, 3FA00000
0x803F0F3C, 63BD0000
0x803F0F44, 3FC00000
0x803F0F4C, 63DE0000
0x803F0F34, 3FE05468
0x803F0F3C, 63FF6973
0x803F0F44, 0x60000000
0x803F0F4C, BE080000
0x803F0F34, 3D008033
0x803F0F3C, 61084500
0x803F0F44, 3E004452
0x803F0F4C, 62105731
0x803F0F34, 3E200000
0x803F0F3C, 62310020
0x803F0F44, 3E400001
0x803F0F4C, 6252FFFF
0x803F0F34, 3E600000
0x803F0F3C, 62730014
0x803F0F44, 3E800000
0x803F0F4C, 62940016
0x803F0F34, 3EA00054
0x803F0F3C, 62B50001
0x803F0F44, 3EC05468
0x803F0F4C, 62D66973
0x803F0F34, 3EE02069
0x803F0F3C, 62F77320
0x803F0F44, 3F004A4E
0x803F0F4C, 63185431
0x803F0F34, 3F200000
0x803F0F3C, 633900C0
0x803F0F44, 3F400002
0x803F0F4C, 635AFFFF
0x803F0F34, 3F600000
0x803F0F3C, 637B0018
0x803F0F44, 3F800000
0x803F0F4C, 639C0098
0x803F0F34, 3FA00000
0x803F0F3C, 63BD009C
0x803F0F44, 3FC00002
0x803F0F4C, 63DE00FF
0x803F0F34, 3FE03F80
0x803F0F3C, 63FF0000
0x803F0F44, 0x60000000
0x803F0F4C, BE080000
0x803F0F34, 3D008033
0x803F0F3C, 61084540
0x803F0F44, 3E003F80
0x803F0F4C, 62100000
0x803F0F34, 3E203F80
0x803F0F3C, 62310000
0x803F0F44, 3E400000
0x803F0F4C, 62520000
0x803F0F34, 3E600000
0x803F0F3C, 6273FFFF
0x803F0F44, 3E800000
0x803F0F4C, 62940000
0x803F0F34, 3EA00000
0x803F0F3C, 62B50000
0x803F0F44, 3EC00000
0x803F0F4C, 62D60000
0x803F0F34, 3EE00000
0x803F0F3C, 62F70000
0x803F0F44, 3F000000
0x803F0F4C, 63180000
0x803F0F34, 3F200000
0x803F0F3C, 63390000
0x803F0F44, 3F400000
0x803F0F4C, 635A0000
0x803F0F34, 3F600000
0x803F0F3C, 637B0000
0x803F0F44, 3F800000
0x803F0F4C, 639C0000
0x803F0F34, 3FA00000
0x803F0F3C, 63BD0000
0x803F0F44, 3FC00000
0x803F0F4C, 63DE00FF
0x803F0F34, 3FE03F80
0x803F0F3C, 63FF0000
0x803F0F44, 0x60000000
0x803F0F4C, BE080000
0x803F0F34, 3D008033
0x803F0F3C, 61084580
0x803F0F44, 3E003F80
0x803F0F4C, 62100000
0x803F0F34, 3E203F80
0x803F0F3C, 62310000
0x803F0F44, 3E400AAA
0x803F0F4C, 62520000
0x803F0F34, 3E60016C
0x803F0F3C, 6273FFFF
0x803F0F44, 3E80BDF6
0x803F0F4C, 6294F651
0x803F0F34, 3EA03F72
0x803F0F3C, 62B50A52
0x803F0F44, 3EC03FF3
0x803F0F4C, 62D6A861
0x803F0F34, 3EE041FD
0x803F0F3C, 62F79196
0x803F0F44, 3F00C1DA
0x803F0F4C, 6318D524
0x803F0F34, 3F20C136
0x803F0F3C, 6339FC91
0x803F0F44, 3F40C19E
0x803F0F4C, 635AF024
0x803F0F34, 3F6041DA
0x803F0F3C, 637BD524
0x803F0F44, 3F804136
0x803F0F4C, 639CFC92
0x803F0F34, 3FA0419E
0x803F0F3C, 63BDF024
0x803F0F44, 3FC00000
0x803F0F4C, 63DE0001
0x803F0F34, 3FE00002
0x803F0F3C, 63FFFFFF
0x803F0F44, 0x60000000
0x803F0F4C, BE080000
0x803F0F34, 3D008033
0x803F0F3C, 610845C0
0x803F0F44, 3E00DDDF
0x803F0F4C, 6210000C
0x803F0F34, 3E209492
0x803F0F3C, 62310017
0x803F0F44, 3E40726F
0x803F0F4C, 62526F74
0x803F0F34, 3E605F56
0x803F0F3C, 6273626F
0x803F0F44, 3E806F74
0x803F0F4C, 62940056
0x803F0F34, 3EA0626F
0x803F0F3C, 62B56F74
0x803F0F44, 3EC05F6D
0x803F0F4C, 62D66F64
0x803F0F34, 3EE0656C
0x803F0F3C, 62F70054
0x803F0F44, 3F005348
0x803F0F4C, 63185031
0x803F0F34, 3F200000
0x803F0F3C, 63392920
0x803F0F44, 3F400002
0x803F0F4C, 635AFFFF
0x803F0F34, 3F600000
0x803F0F3C, 637B002C
0x803F0F44, 3F800000
0x803F0F4C, 639C007C
0x803F0F34, 3FA00000
0x803F0F3C, 63BD0000
0x803F0F44, 3FC00000
0x803F0F4C, 63DE0080
0x803F0F34, 3FE00000
0x803F0F3C, 63FF00A0
0x803F0F44, 0x60000000
0x803F0F4C, BE080000
0x803F0F34, 3D008033
0x803F0F3C, 61084600
0x803F0F44, 3E000000
0x803F0F4C, 621000C0
0x803F0F34, 3E200000
0x803F0F3C, 62312900
0x803F0F44, 3E400000
0x803F0F4C, 62522910
0x803F0F34, 3E6000FF
0x803F0F3C, 62730001
0x803F0F44, 3E800000
0x803F0F4C, 62940000
0x803F0F34, 3EA00000
0x803F0F3C, 62B5FFFF
0x803F0F44, 3EC041FD
0x803F0F4C, 62D69196
0x803F0F34, 3EE0C1DA
0x803F0F3C, 62F7D524
0x803F0F44, 3F00C136
0x803F0F4C, 6318FC91
0x803F0F34, 3F20C19E
0x803F0F3C, 6339F024
0x803F0F44, 3F4041DA
0x803F0F4C, 635AD524
0x803F0F34, 3F604136
0x803F0F3C, 637BFC92
0x803F0F44, 3F80419E
0x803F0F4C, 639CF024
0x803F0F34, 3FA000FF
0x803F0F3C, 63BD0001
0x803F0F44, 3FC00000
0x803F0F4C, 63DE0001
0x803F0F34, 3FE00001
0x803F0F3C, 63FFFFFF
0x803F0F44, 0x60000000
0x803F0F4C, BE080000
0x803F0F34, 3D008033
0x803F0F3C, 61084640
0x803F0F44, 3E0041DE
0x803F0F4C, 621020DE
0x803F0F34, 3E20C1C2
0x803F0F3C, 623146FF
0x803F0F44, 3E40C132
0x803F0F4C, 6252B27B
0x803F0F34, 3E60C154
0x803F0F3C, 62735EE4
0x803F0F44, 3E8041C2
0x803F0F4C, 629431A9
0x803F0F34, 3EA04136
0x803F0F3C, 62B5FC92
0x803F0F44, 3EC0416D
0x803F0F4C, 62D64916
0x803F0F34, 3EE00000
0x803F0F3C, 62F70001
0x803F0F44, 3F000000
0x803F0F4C, 63180009
0x803F0F34, 3F200000
0x803F0F3C, 63390003
0x803F0F44, 3F400000
0x803F0F4C, 635A000A
0x803F0F34, 3F600000
0x803F0F3C, 637B0003
0x803F0F44, 3F800000
0x803F0F4C, 639C000D
0x803F0F34, 3FA00000
0x803F0F3C, 63BD0003
0x803F0F44, 3FC00000
0x803F0F4C, 63DE00FF
0x803F0F34, 3FE00000
0x803F0F3C, 63FF0000
0x803F0F44, 0x60000000
0x803F0F4C, BE080000
0x803F0F34, 3D008033
0x803F0F3C, 61084680
0x803F0F44, 3E000000
0x803F0F4C, 62105468
0x803F0F34, 3E206973
0x803F0F3C, 62312069
0x803F0F44, 3E407320
0x803F0F4C, 62527061
0x803F0F34, 3E606464
0x803F0F3C, 6273696E
0x803F0F44, 3E806720
0x803F0F4C, 62946461
0x803F0F34, 3EA07461
0x803F0F3C, 62B52074
0x803F0F44, 3EC06F20
0x803F0F4C, 62D6616C
0x803F0F34, 3EE06967
0x803F0F3C, 62F76E6D
0x803F0F44, 3F009800
0x803F0F4C, 63181500
0x803F0F34, 3F202900
0x803F0F3C, 63391700
0x803F0F44, 3F400800
0x803F0F4C, 635A2B00
0x803F0F34, 3F600B00
0x803F0F3C, 637B0700
0x803F0F44, 3F800700
0x803F0F4C, 639C0400
0x803F0F34, 3FA00200
0x803F0F3C, 63BD0500
0x803F0F44, 3FC00500
0x803F0F4C, 63DE0200
0x803F0F34, 3FE00E00
0x803F0F3C, 63FF0000
0x803F0F44, 0x60000000
0x803F0F4C, BE080000
0x803F0F34, 3D008033
0x803F0F3C, 610846C0
0x803F0F44, 3E000000
0x803F0F4C, 62103400
0x803F0F34, 3E201600
0x803F0F3C, 62311000
0x803F0F44, 3E402D00
0x803F0F4C, 62520100
0x803F0F34, 3E600100
0x803F0F3C, 62733200
0x803F0F44, 3E801500
0x803F0F4C, 62941100
0x803F0F34, 3EA00600
0x803F0F3C, 62B50600
0x803F0F44, 3EC00300
0x803F0F4C, 62D62F00
0x803F0F34, 3EE02100
0x803F0F3C, 62F71700
0x803F0F44, 3F002E00
0x803F0F4C, 63180200
0x803F0F34, 3F200100
0x803F0F3C, 63393300
0x803F0F44, 3F401F00
0x803F0F4C, 635A1100
0x803F0F34, 3F600F00
0x803F0F3C, 637B0300
0x803F0F44, 3F800000
0x803F0F4C, 639C3500
0x803F0F34, 3FA01400
0x803F0F3C, 63BD1000
0x803F0F44, 3FC00700
0x803F0F4C, 63DE0400
0x803F0F34, 3FE00200
0x803F0F3C, 63FF1200
0x803F0F44, 0x60000000
0x803F0F4C, BE080000
0x803F0F34, 3D008033
0x803F0F3C, 61084700
0x803F0F44, 3E001800
0x803F0F4C, 62100900
0x803F0F34, 3E202900
0x803F0F3C, 62311700
0x803F0F44, 3E400800
0x803F0F4C, 62523000
0x803F0F34, 3E601900
0x803F0F3C, 62731200
0x803F0F44, 3E801000
0x803F0F4C, 62942000
0x803F0F34, 3EA01600
0x803F0F3C, 62B53300
0x803F0F44, 3EC01F00
0x803F0F4C, 62D61100
0x803F0F34, 3EE02F00
0x803F0F3C, 62F72100
0x803F0F44, 3F001798
0x803F0F4C, 63180015
0x803F0F34, 3F20010E
0x803F0F3C, 633900FF
0x803F0F44, 3F400082
0x803F0F4C, 635A011B
0x803F0F34, 3F600100
0x803F0F3C, 637B0013
0x803F0F44, 3F800139
0x803F0F4C, 639C0102
0x803F0F34, 3FA00007
0x803F0F3C, 63BD0137
0x803F0F44, 3FC00101
0x803F0F4C, 63DE0008
0x803F0F34, 3FE00115
0x803F0F3C, 63FF00FA
0x803F0F44, 0x60000000
0x803F0F4C, BE080000
0x803F0F34, 3D008033
0x803F0F3C, 61084740
0x803F0F44, 3E000002
0x803F0F4C, 62100120
0x803F0F34, 3E20010F
0x803F0F3C, 62310009
0x803F0F44, 3E400143
0x803F0F4C, 6252010C
0x803F0F34, 3E600010
0x803F0F3C, 6273013E
0x803F0F44, 3E800110
0x803F0F4C, 62940012
0x803F0F34, 3EA00141
0x803F0F3C, 62B50115
0x803F0F44, 3EC00011
0x803F0F4C, 62D6011E
0x803F0F34, 3EE00116
0x803F0F3C, 62F70016
0x803F0F44, 3F00013D
0x803F0F4C, 63180117
0x803F0F34, 3F200017
0x803F0F3C, 6339013F
0x803F0F44, 3F400114
0x803F0F4C, 635A0012
0x803F0F34, 3F600140
0x803F0F3C, 637B010D
0x803F0F44, 3F800011
0x803F0F4C, 639C011F
0x803F0F34, 3FA00104
0x803F0F3C, 63BD0009
0x803F0F44, 3FC00142
0x803F0F4C, 63DE010E
0x803F0F34, 3FE00010
0x803F0F3C, 63FF0113
0x803F0F44, 0x60000000
0x803F0F4C, BE080000
0x803F0F34, 3D008033
0x803F0F3C, 61084780
0x803F0F44, 3E0000F9
0x803F0F4C, 62100002
0x803F0F34, 3E20011C
0x803F0F3C, 623100F7
0x803F0F44, 3E400000
0x803F0F4C, 62520115
0x803F0F34, 3E6000FA
0x803F0F3C, 62730002
0x803F0F44, 3E80011D
0x803F0F4C, 629400F8
0x803F0F34, 3EA00000
0x803F0F3C, 62B50143
0x803F0F44, 3EC0010C
0x803F0F4C, 62D60010
0x803F0F34, 3EE00141
0x803F0F3C, 62F70115
0x803F0F44, 3F000011
0x803F0F4C, 63189800
0x803F0F34, 3F201100
0x803F0F3C, 6339D200
0x803F0F44, 3F40CC00
0x803F0F4C, 635A2100
0x803F0F34, 3F60E500
0x803F0F3C, 637BD100
0x803F0F44, 3F801B00
0x803F0F4C, 639CD600
0x803F0F34, 3FA0CD00
0x803F0F3C, 63BD6900
0x803F0F44, 3FC0E600
0x803F0F4C, 63DEC600
0x803F0F34, 3FE02000
0x803F0F3C, 63FFDA00
0x803F0F44, 0x60000000
0x803F0F4C, BE080000
0x803F0F34, 3D008033
0x803F0F3C, 610847C0
0x803F0F44, 3E00D900
0x803F0F4C, 62106800
0x803F0F34, 3E20E700
0x803F0F3C, 6231D500
0x803F0F44, 3E406D00
0x803F0F4C, 6252DE00
0x803F0F34, 3E60DA00
0x803F0F3C, 62736C01
0x803F0F44, 3E800400
0x803F0F4C, 6294E900
0x803F0F34, 3EA04801
0x803F0F3C, 62B50100
0x803F0F44, 3EC0EC00
0x803F0F4C, 62D67301
0x803F0F34, 3EE00500
0x803F0F3C, 62F7EB00
0x803F0F44, 3F004800
0x803F0F4C, 6318DB00
0x803F0F34, 3F20D700
0x803F0F3C, 63396C00
0x803F0F44, 3F40EA00
0x803F0F4C, 635AD800
0x803F0F34, 3F606D00
0x803F0F3C, 637BD700
0x803F0F44, 3F80D200
0x803F0F4C, 639C6800
0x803F0F34, 3FA0E900
0x803F0F3C, 63BDD300
0x803F0F44, 3FC02000
0x803F0F4C, 63DED300
0x803F0F34, 3FE0CA00
0x803F0F3C, 63FF6900
0x803F0F44, 0x60000000
0x803F0F4C, BE080000
0x803F0F34, 3D008033
0x803F0F3C, 61084800
0x803F0F44, 3E00E800
0x803F0F4C, 6210D400
0x803F0F34, 3E201B00
0x803F0F3C, 6231CF00
0x803F0F44, 3E40CB00
0x803F0F4C, 62522198
0x803F0F34, 3E60000F
0x803F0F3C, 627301DD
0x803F0F44, 3E8001C1
0x803F0F4C, 62940021
0x803F0F34, 3EA001F6
0x803F0F3C, 62B501C8
0x803F0F44, 3EC0001B
0x803F0F4C, 62D601E1
0x803F0F34, 3EE001C2
0x803F0F3C, 62F70069
0x803F0F44, 3F0001F7
0x803F0F4C, 631801C9
0x803F0F34, 3F200020
0x803F0F3C, 633901E5
0x803F0F44, 3F4001CA
0x803F0F4C, 635A0068
0x803F0F34, 3F6001F8
0x803F0F3C, 637B01CD
0x803F0F44, 3F80006D
0x803F0F4C, 639C01E9
0x803F0F34, 3FA001CE
0x803F0F3C, 63BD006C
0x803F0F44, 3FC00213
0x803F0F4C, 63DE01E1
0x803F0F34, 3FE00048
0x803F0F3C, 63FF020F
0x803F0F44, 0x60000000
0x803F0F4C, BE080000
0x803F0F34, 3D008033
0x803F0F3C, 61084840
0x803F0F44, 3E0001E2
0x803F0F4C, 62100073
0x803F0F34, 3E200212
0x803F0F3C, 623101DF
0x803F0F44, 3E400048
0x803F0F4C, 625201EC
0x803F0F34, 3E6001D0
0x803F0F3C, 6273006C
0x803F0F44, 3E8001F5
0x803F0F4C, 629401CB
0x803F0F34, 3EA0006D
0x803F0F3C, 62B501E8
0x803F0F44, 3EC001CF
0x803F0F4C, 62D60068
0x803F0F34, 3EE001F4
0x803F0F3C, 62F701BC
0x803F0F44, 3F000020
0x803F0F4C, 631801E4
0x803F0F34, 3F2001C3
0x803F0F3C, 63390069
0x803F0F44, 3F409800
0x803F0F4C, 635A0A01
0x803F0F34, 3F606801
0x803F0F3C, 637B3B00
0x803F0F44, 3F801801
0x803F0F4C, 639C5C01
0x803F0F34, 3FA03500
0x803F0F3C, 63BD3701
0x803F0F44, 3FC06901
0x803F0F4C, 63DE3D00
0x803F0F34, 3FE03501
0x803F0F3C, 63FF6001
0x803F0F44, 0x60000000
0x803F0F4C, BE080000
0x803F0F34, 3D008033
0x803F0F3C, 61084880
0x803F0F44, 3E002C00
0x803F0F4C, 62103601
0x803F0F34, 3E206B01
0x803F0F3C, 62313F00
0x803F0F44, 3E403801
0x803F0F4C, 62525B01
0x803F0F34, 3E602B00
0x803F0F3C, 62733901
0x803F0F44, 3E806D01
0x803F0F4C, 62944100
0x803F0F34, 3EA03A01
0x803F0F3C, 62B55A01
0x803F0F44, 3EC02D00
0x803F0F4C, 62D63B01
0x803F0F34, 3EE06F01
0x803F0F3C, 62F74300
0x803F0F44, 3F003C01
0x803F0F4C, 63186601
0x803F0F34, 3F203900
0x803F0F3C, 63393D98
0x803F0F44, 3F40000A
0x803F0F4C, 635A020C
0x803F0F34, 3F6001D4
0x803F0F3C, 637B007B
0x803F0F44, 3F80021A
0x803F0F4C, 639C01E9
0x803F0F34, 3FA0007A
0x803F0F3C, 63BD01FA
0x803F0F44, 3FC001D6
0x803F0F4C, 63DE0079
0x803F0F34, 3FE00218
0x803F0F3C, 63FF01E7
0x803F0F44, 0x60000000
0x803F0F4C, BE080000
0x803F0F34, 3D008033
0x803F0F3C, 610848C0
0x803F0F44, 3E000078
0x803F0F4C, 621001FB
0x803F0F34, 3E2001D7
0x803F0F3C, 62310076
0x803F0F44, 3E400214
0x803F0F4C, 625201E3
0x803F0F34, 3E600075
0x803F0F3C, 627301FC
0x803F0F44, 3E8001D9
0x803F0F4C, 62940077
0x803F0F34, 3EA00215
0x803F0F3C, 62B501E4
0x803F0F44, 3EC00074
0x803F0F4C, 62D60211
0x803F0F34, 3EE001E0
0x803F0F3C, 62F70059
0x803F0F44, 3F000213
0x803F0F4C, 631801E1
0x803F0F34, 3F20005C
0x803F0F3C, 63399800
0x803F0F44, 3F400A02
0x803F0F4C, 635A1A01
0x803F0F34, 3F60E900
0x803F0F3C, 637B8002
0x803F0F44, 3F801B01
0x803F0F4C, 639CEA00
0x803F0F34, 3FA08002
0x803F0F3C, 63BD1801
0x803F0F44, 3FC0E700
0x803F0F4C, 63DE7F02
0x803F0F34, 3FE01901
0x803F0F3C, 63FFE800
0x803F0F44, 0x60000000
0x803F0F4C, BE080000
0x803F0F34, 3D008033
0x803F0F3C, 61084900
0x803F0F44, 3E007F02
0x803F0F4C, 62101401
0x803F0F34, 3E20E300
0x803F0F3C, 62317E02
0x803F0F44, 3E401601
0x803F0F4C, 6252E600
0x803F0F34, 3E607E02
0x803F0F3C, 62731501
0x803F0F44, 3E80E400
0x803F0F4C, 62947D02
0x803F0F34, 3EA01701
0x803F0F3C, 62B5E500
0x803F0F44, 3EC07D02
0x803F0F4C, 62D61301
0x803F0F34, 3EE0E100
0x803F0F3C, 62F78102
0x803F0F44, 3F001201
0x803F0F4C, 6318DF00
0x803F0F34, 3F208198
0x803F0F3C, 63390009
0x803F0F44, 3F4000CF
0x803F0F4C, 635A00CB
0x803F0F34, 3F60005C
0x803F0F3C, 637B00E8
0x803F0F44, 3F8000D4
0x803F0F4C, 639C0067
0x803F0F34, 3FA000DF
0x803F0F3C, 63BD00CF
0x803F0F44, 3FC00061
0x803F0F4C, 63DE00E9
0x803F0F34, 3FE000D3
0x803F0F3C, 63FF0060
0x803F0F44, 0x60000000
0x803F0F4C, BE080000
0x803F0F34, 3D008033
0x803F0F3C, 61084940
0x803F0F44, 3E0000E1
0x803F0F4C, 621000DB
0x803F0F34, 3E200062
0x803F0F3C, 623100EA
0x803F0F44, 3E4000D8
0x803F0F4C, 6252006A
0x803F0F34, 3E6000E4
0x803F0F3C, 627300DC
0x803F0F44, 3E80006B
0x803F0F4C, 62940105
0x803F0F34, 3EA000EB
0x803F0F3C, 62B5001A
0x803F0F44, 3EC00103
0x803F0F4C, 62D600EA
0x803F0F34, 3EE0001B
0x803F0F3C, 62F79800
0x803F0F44, 3F000900
0x803F0F4C, 63184C00
0x803F0F34, 3F203700
0x803F0F3C, 63393300
0x803F0F44, 3F405800
0x803F0F4C, 635A4300
0x803F0F34, 3F603200
0x803F0F3C, 637B5100
0x803F0F44, 3F803C00
0x803F0F4C, 639C2900
0x803F0F34, 3FA04B00
0x803F0F3C, 63BD4100
0x803F0F44, 3FC02500
0x803F0F4C, 63DE5500
0x803F0F34, 3FE03800
0x803F0F3C, 63FF2000
0x803F0F44, 0x60000000
0x803F0F4C, BE080000
0x803F0F34, 3D008033
0x803F0F3C, 61084980
0x803F0F44, 3E004900
0x803F0F4C, 62103900
0x803F0F34, 3E201F00
0x803F0F3C, 62314A00
0x803F0F44, 3E403B00
0x803F0F4C, 62521800
0x803F0F34, 3E604800
0x803F0F3C, 62733A00
0x803F0F44, 3E801E00
0x803F0F4C, 62944700
0x803F0F34, 3EA03D00
0x803F0F3C, 62B51998
0x803F0F44, 3EC00009
0x803F0F4C, 62D6021B
0x803F0F34, 3EE001EA
0x803F0F3C, 62F7007A
0x803F0F44, 3F000209
0x803F0F4C, 631801B6
0x803F0F34, 3F20007B
0x803F0F3C, 63390219
0x803F0F44, 3F4001E8
0x803F0F4C, 635A0078
0x803F0F34, 3F6001FF
0x803F0F3C, 637B01B5
0x803F0F44, 3F800079
0x803F0F4C, 639C0216
0x803F0F34, 3FA001E6
0x803F0F3C, 63BD0075
0x803F0F44, 3FC001FE
0x803F0F4C, 63DE01BB
0x803F0F34, 3FE00076
0x803F0F3C, 63FF0217
0x803F0F44, 0x60000000
0x803F0F4C, BE080000
0x803F0F34, 3D008033
0x803F0F3C, 610849C0
0x803F0F44, 3E0001E5
0x803F0F4C, 62100074
0x803F0F34, 3E2001FD
0x803F0F3C, 623101BF
0x803F0F44, 3E400077
0x803F0F4C, 62520210
0x803F0F34, 3E6001DE
0x803F0F3C, 62730059
0x803F0F44, 3E809800
0x803F0F4C, 62940900
0x803F0F34, 3EA02900
0x803F0F3C, 62B51700
0x803F0F44, 3EC00800
0x803F0F4C, 62D61000
0x803F0F34, 3EE02000
0x803F0F3C, 62F71600
0x803F0F44, 3F002800
0x803F0F4C, 63181C00
0x803F0F34, 3F201500
0x803F0F3C, 63393100
0x803F0F44, 3F401D00
0x803F0F4C, 635A1200
0x803F0F34, 3F602A00
0x803F0F3C, 637B0C00
0x803F0F44, 3F800800
0x803F0F4C, 639C1100
0x803F0F34, 3FA00D00
0x803F0F3C, 63BD0900
0x803F0F44, 3FC02C00
0x803F0F4C, 63DE0A00
0x803F0F34, 3FE00600
0x803F0F3C, 63FF0500
0x803F0F44, 0x60000000
0x803F0F4C, BE080000
0x803F0F34, 3D008033
0x803F0F3C, 61084A00
0x803F0F44, 3E000500
0x803F0F4C, 62100200
0x803F0F34, 3E202B00
0x803F0F3C, 62310B00
0x803F0F44, 3E400798
0x803F0F4C, 62520009
0x803F0F34, 3E600149
0x803F0F3C, 6273011C
0x803F0F44, 3E800083
0x803F0F4C, 62940165
0x803F0F34, 3EA00128
0x803F0F3C, 62B5001A
0x803F0F44, 3EC0014E
0x803F0F4C, 62D6013A
0x803F0F34, 3EE00029
0x803F0F3C, 62F70148
0x803F0F44, 3F000125
0x803F0F4C, 63180025
0x803F0F34, 3F200152
0x803F0F3C, 6339011D
0x803F0F44, 3F400020
0x803F0F4C, 635A0146
0x803F0F34, 3F60011E
0x803F0F3C, 637B001F
0x803F0F44, 3F800147
0x803F0F4C, 639C0120
0x803F0F34, 3FA00018
0x803F0F3C, 63BD0145
0x803F0F44, 3FC0011F
0x803F0F4C, 63DE001E
0x803F0F34, 3FE00144
0x803F0F3C, 63FF0121
0x803F0F44, 0x60000000
0x803F0F4C, BE080000
0x803F0F34, 3D008033
0x803F0F3C, 61084A40
0x803F0F44, 3E000019
0x803F0F4C, 62109800
0x803F0F34, 3E200801
0x803F0F3C, 62319001
0x803F0F44, 3E406000
0x803F0F4C, 62524801
0x803F0F34, 3E609C01
0x803F0F3C, 62736100
0x803F0F44, 3E804801
0x803F0F4C, 62949501
0x803F0F34, 3EA06800
0x803F0F3C, 62B54901
0x803F0F44, 3EC09101
0x803F0F4C, 62D66200
0x803F0F34, 3EE05101
0x803F0F3C, 62F79401
0x803F0F44, 3F006900
0x803F0F4C, 63184F01
0x803F0F34, 3F209201
0x803F0F3C, 63396300
0x803F0F44, 3F404E01
0x803F0F4C, 635A9301
0x803F0F34, 3F607700
0x803F0F3C, 637B5001
0x803F0F44, 3F809701
0x803F0F4C, 639C6E00
0x803F0F34, 3FA04F98
0x803F0F3C, 63BD0008
0x803F0F44, 3FC0007D
0x803F0F4C, 63DE0077
0x803F0F34, 3FE00048
0x803F0F3C, 63FF008D
0x803F0F44, 0x60000000
0x803F0F4C, BE080000
0x803F0F34, 3D008033
0x803F0F3C, 61084A80
0x803F0F44, 3E000076
0x803F0F4C, 62100048
0x803F0F34, 3E20008A
0x803F0F3C, 62310075
0x803F0F44, 3E400049
0x803F0F4C, 6252007C
0x803F0F34, 3E60006E
0x803F0F3C, 62730051
0x803F0F44, 3E800089
0x803F0F4C, 62940078
0x803F0F34, 3EA0004F
0x803F0F3C, 62B50084
0x803F0F44, 3EC0006D
0x803F0F4C, 62D6004E
0x803F0F34, 3EE00085
0x803F0F3C, 62F70081
0x803F0F44, 3F000050
0x803F0F4C, 63180086
0x803F0F34, 3F200073
0x803F0F3C, 6339004F
0x803F0F44, 3F409800
0x803F0F4C, 635A0801
0x803F0F34, 3F604201
0x803F0F3C, 637B0E00
0x803F0F44, 3F801001
0x803F0F4C, 639C3B00
0x803F0F34, 3FA0F600
0x803F0F3C, 63BD0101
0x803F0F44, 3FC04001
0x803F0F4C, 63DE0D00
0x803F0F34, 3FE01101
0x803F0F3C, 63FF1400
0x803F0F44, 0x60000000
0x803F0F4C, BE080000
0x803F0F34, 3D008033
0x803F0F3C, 61084AC0
0x803F0F44, 3E00FB00
0x803F0F4C, 62100301
0x803F0F34, 3E203D01
0x803F0F3C, 62311700
0x803F0F44, 3E401701
0x803F0F4C, 62523C00
0x803F0F34, 3E60F500
0x803F0F3C, 62730101
0x803F0F44, 3E804101
0x803F0F4C, 62941500
0x803F0F34, 3EA01101
0x803F0F3C, 62B51D00
0x803F0F44, 3EC0F800
0x803F0F4C, 62D60098
0x803F0F34, 3EE00008
0x803F0F3C, 62F70122
0x803F0F44, 3F000106
0x803F0F4C, 6318000C
0x803F0F34, 3F200129
0x803F0F3C, 63390107
0x803F0F44, 3F40000B
0x803F0F4C, 635A0121
0x803F0F34, 3F600109
0x803F0F3C, 637B000D
0x803F0F44, 3F80012C
0x803F0F4C, 639C0108
0x803F0F34, 3FA0000A
0x803F0F3C, 63BD0111
0x803F0F44, 3FC000FE
0x803F0F4C, 63DE0004
0x803F0F34, 3FE00110
0x803F0F3C, 63FF00FC
0x803F0F44, 0x60000000
0x803F0F4C, BE080000
0x803F0F34, 3D008033
0x803F0F3C, 61084B00
0x803F0F44, 3E000005
0x803F0F4C, 6210010F
0x803F0F34, 3E2000FD
0x803F0F3C, 62310004
0x803F0F44, 3E40012D
0x803F0F4C, 6252010B
0x803F0F34, 3E60000E
0x803F0F3C, 62739800
0x803F0F44, 3E800801
0x803F0F4C, 62946A01
0x803F0F34, 3EA03E00
0x803F0F3C, 62B54301
0x803F0F44, 3EC06901
0x803F0F4C, 62D63D00
0x803F0F34, 3EE04301
0x803F0F3C, 62F76C01
0x803F0F44, 3F004000
0x803F0F4C, 63184201
0x803F0F34, 3F206B01
0x803F0F3C, 63393F00
0x803F0F44, 3F404201
0x803F0F4C, 635A6E01
0x803F0F34, 3F604200
0x803F0F3C, 637B4401
0x803F0F44, 3F806D01
0x803F0F4C, 639C4100
0x803F0F34, 3FA04401
0x803F0F3C, 63BD7001
0x803F0F44, 3FC04400
0x803F0F4C, 63DE4501
0x803F0F34, 3FE06F01
0x803F0F3C, 63FF4300
0x803F0F44, 0x60000000
0x803F0F4C, BE080000
0x803F0F34, 3D008033
0x803F0F3C, 61084B40
0x803F0F44, 3E004598
0x803F0F4C, 62100007
0x803F0F34, 3E200210
0x803F0F3C, 623101DE
0x803F0F44, 3E400073
0x803F0F4C, 625201FD
0x803F0F34, 3E6001BF
0x803F0F3C, 62730056
0x803F0F44, 3E800208
0x803F0F4C, 629401BE
0x803F0F34, 3EA00048
0x803F0F3C, 62B501FE
0x803F0F44, 3EC001BB
0x803F0F4C, 62D6005E
0x803F0F34, 3EE00207
0x803F0F3C, 62F701BA
0x803F0F44, 3F00005F
0x803F0F4C, 631801FF
0x803F0F34, 3F2001B5
0x803F0F3C, 6339001A
0x803F0F44, 3F400206
0x803F0F4C, 635A01B4
0x803F0F34, 3F60001B
0x803F0F3C, 637B9800
0x803F0F44, 3F800701
0x803F0F4C, 639C0300
0x803F0F34, 3FA0EA00
0x803F0F3C, 63BD7300
0x803F0F44, 3FC0EE00
0x803F0F4C, 63DEE300
0x803F0F34, 3FE05600
0x803F0F3C, 63FFF600
0x803F0F44, 0x60000000
0x803F0F4C, BE080000
0x803F0F34, 3D008033
0x803F0F3C, 61084B80
0x803F0F44, 3E00E400
0x803F0F4C, 62104800
0x803F0F34, 3E20ED00
0x803F0F3C, 6231DF00
0x803F0F44, 3E405E00
0x803F0F4C, 6252F500
0x803F0F34, 3E60E200
0x803F0F3C, 62735F00
0x803F0F44, 3E80EC00
0x803F0F4C, 6294E000
0x803F0F34, 3EA01A00
0x803F0F3C, 62B5F400
0x803F0F44, 3EC0E100
0x803F0F4C, 62D61B98
0x803F0F34, 3EE00007
0x803F0F3C, 62F70190
0x803F0F44, 3F000160
0x803F0F4C, 63180048
0x803F0F34, 3F200195
0x803F0F3C, 63390168
0x803F0F44, 3F400049
0x803F0F4C, 635A018F
0x803F0F34, 3F60015F
0x803F0F3C, 637B0051
0x803F0F44, 3F800196
0x803F0F4C, 639C0167
0x803F0F34, 3FA0004F
0x803F0F3C, 63BD018D
0x803F0F44, 3FC0015D
0x803F0F4C, 63DE004E
0x803F0F34, 3FE00199
0x803F0F3C, 63FF0166
0x803F0F44, 0x60000000
0x803F0F4C, BE080000
0x803F0F34, 3D008033
0x803F0F3C, 61084BC0
0x803F0F44, 3E000050
0x803F0F4C, 6210019A
0x803F0F34, 3E200165
0x803F0F3C, 6231004F
0x803F0F44, 3E409800
0x803F0F4C, 62520701
0x803F0F34, 3E604601
0x803F0F3C, 62731E00
0x803F0F44, 3E802701
0x803F0F4C, 62944801
0x803F0F34, 3EA02500
0x803F0F3C, 62B52601
0x803F0F44, 3EC05301
0x803F0F4C, 62D62600
0x803F0F34, 3EE02801
0x803F0F3C, 62F76501
0x803F0F44, 3F002800
0x803F0F4C, 63181801
0x803F0F34, 3F205401
0x803F0F3C, 63392700
0x803F0F44, 3F401901
0x803F0F4C, 635A6601
0x803F0F34, 3F603900
0x803F0F3C, 637B1801
0x803F0F44, 3F805901
0x803F0F4C, 639C3700
0x803F0F34, 3FA02698
0x803F0F3C, 63BD0007
0x803F0F44, 3FC0007D
0x803F0F4C, 63DE0077
0x803F0F34, 3FE00048
0x803F0F3C, 63FF008A
0x803F0F44, 0x60000000
0x803F0F4C, BE080000
0x803F0F34, 3D008033
0x803F0F3C, 61084C00
0x803F0F44, 3E000075
0x803F0F4C, 62100049
0x803F0F34, 3E20007E
0x803F0F3C, 62310074
0x803F0F44, 3E400051
0x803F0F4C, 6252008C
0x803F0F34, 3E60006F
0x803F0F3C, 6273004F
0x803F0F44, 3E80007F
0x803F0F4C, 62940068
0x803F0F34, 3EA0004E
0x803F0F3C, 62B5008B
0x803F0F44, 3EC00070
0x803F0F4C, 62D60050
0x803F0F34, 3EE00088
0x803F0F3C, 62F70071
0x803F0F44, 3F00004F
0x803F0F4C, 63189800
0x803F0F34, 3F200701
0x803F0F3C, 63394B01
0x803F0F44, 3F402300
0x803F0F4C, 635A3701
0x803F0F34, 3F606701
0x803F0F3C, 637B3C00
0x803F0F44, 3F801801
0x803F0F4C, 639C4F01
0x803F0F34, 3FA01B00
0x803F0F3C, 63BD3601
0x803F0F44, 3FC06A01
0x803F0F4C, 63DE3E00
0x803F0F34, 3FE03501
0x803F0F3C, 63FF4A01
0x803F0F44, 0x60000000
0x803F0F4C, BE080000
0x803F0F34, 3D008033
0x803F0F3C, 61084C40
0x803F0F44, 3E001800
0x803F0F4C, 62103901
0x803F0F34, 3E206C01
0x803F0F3C, 62314000
0x803F0F44, 3E403801
0x803F0F4C, 62526E01
0x803F0F34, 3E604200
0x803F0F3C, 62733A98
0x803F0F44, 3E800007
0x803F0F4C, 62940158
0x803F0F34, 3EA00131
0x803F0F3C, 62B50018
0x803F0F44, 3EC00157
0x803F0F4C, 62D6012F
0x803F0F34, 3EE0001F
0x803F0F3C, 62F70163
0x803F0F44, 3F000130
0x803F0F4C, 63180020
0x803F0F34, 3F200159
0x803F0F3C, 63390137
0x803F0F44, 3F400025
0x803F0F4C, 635A015F
0x803F0F34, 3F600132
0x803F0F3C, 637B0029
0x803F0F44, 3F800166
0x803F0F4C, 639C0139
0x803F0F34, 3FA00032
0x803F0F3C, 63BD015A
0x803F0F44, 3FC0012D
0x803F0F4C, 63DE0033
0x803F0F34, 3FE09800
0x803F0F3C, 63FF0601
0x803F0F44, 0x60000000
0x803F0F4C, BE080000
0x803F0F34, 3D008033
0x803F0F3C, 61084C80
0x803F0F44, 3E008201
0x803F0F4C, 62105B00
0x803F0F34, 3E201A01
0x803F0F3C, 62318301
0x803F0F44, 3E405C00
0x803F0F4C, 62524901
0x803F0F34, 3E607701
0x803F0F3C, 62735100
0x803F0F44, 3E801B01
0x803F0F4C, 62947801
0x803F0F34, 3EA05400
0x803F0F3C, 62B54801
0x803F0F44, 3EC07F01
0x803F0F4C, 62D65200
0x803F0F34, 3EE04601
0x803F0F3C, 62F78001
0x803F0F44, 3F005300
0x803F0F4C, 63184798
0x803F0F34, 3F200006
0x803F0F3C, 633900F7
0x803F0F44, 3F4000E6
0x803F0F4C, 635A0059
0x803F0F34, 3F6000F2
0x803F0F3C, 637B00E5
0x803F0F44, 3F800021
0x803F0F4C, 639C00FC
0x803F0F34, 3FA000BF
0x803F0F3C, 63BD005C
0x803F0F44, 3FC000FB
0x803F0F4C, 63DE00C0
0x803F0F34, 3FE0001B
0x803F0F3C, 63FF00F8
0x803F0F44, 0x60000000
0x803F0F4C, BE080000
0x803F0F34, 3D008033
0x803F0F3C, 61084CC0
0x803F0F44, 3E0000BE
0x803F0F4C, 6210005B
0x803F0F34, 3E2000F1
0x803F0F3C, 623100BD
0x803F0F44, 3E40005A
0x803F0F4C, 62529800
0x803F0F34, 3E600600
0x803F0F3C, 6273F400
0x803F0F44, 3E80E100
0x803F0F4C, 62945B00
0x803F0F34, 3EA0EC00
0x803F0F3C, 62B5E000
0x803F0F44, 3EC05A00
0x803F0F4C, 62D6FF00
0x803F0F34, 3EE0BA00
0x803F0F3C, 62F75C00
0x803F0F44, 3F00FE00
0x803F0F4C, 6318DD00
0x803F0F34, 3F201B00
0x803F0F3C, 6339F300
0x803F0F44, 3F40BB00
0x803F0F4C, 635A5900
0x803F0F34, 3F60EB00
0x803F0F3C, 637BDE00
0x803F0F44, 3F802198
0x803F0F4C, 639C0006
0x803F0F34, 3FA0006E
0x803F0F3C, 63BD0055
0x803F0F44, 3FC00046
0x803F0F4C, 63DE006F
0x803F0F34, 3FE00057
0x803F0F3C, 63FF0047
0x803F0F44, 0x60000000
0x803F0F4C, BE080000
0x803F0F34, 3D008033
0x803F0F3C, 61084D00
0x803F0F44, 3E000066
0x803F0F4C, 62100056
0x803F0F34, 3E20001B
0x803F0F3C, 62310067
0x803F0F44, 3E400058
0x803F0F4C, 62520048
0x803F0F34, 3E600079
0x803F0F3C, 62730062
0x803F0F44, 3E80001A
0x803F0F4C, 6294007A
0x803F0F34, 3EA00063
0x803F0F3C, 62B50049
0x803F0F44, 3EC09800
0x803F0F4C, 62D60600
0x803F0F34, 3EE0F300
0x803F0F3C, 62F7BB00
0x803F0F44, 3F002100
0x803F0F4C, 6318D000
0x803F0F34, 3F20BC00
0x803F0F3C, 63395900
0x803F0F44, 3F40FF00
0x803F0F4C, 635ABA00
0x803F0F34, 3F601B01
0x803F0F3C, 637B0000
0x803F0F44, 3F80D000
0x803F0F4C, 639C5C00
0x803F0F34, 3FA0F400
0x803F0F3C, 63BDE100
0x803F0F44, 3FC05A00
0x803F0F4C, 63DED400
0x803F0F34, 3FE0E700
0x803F0F3C, 63FF5B98
0x803F0F44, 0x60000000
0x803F0F4C, BE080000
0x803F0F34, 3D008033
0x803F0F3C, 61084D40
0x803F0F44, 3E000006
0x803F0F4C, 62100014
0x803F0F34, 3E200010
0x803F0F3C, 6231000C
0x803F0F44, 3E400013
0x803F0F4C, 62520011
0x803F0F34, 3E60000D
0x803F0F3C, 6273001B
0x803F0F44, 3E80000F
0x803F0F4C, 6294000B
0x803F0F34, 3EA0001E
0x803F0F3C, 62B5000E
0x803F0F44, 3EC0000A
0x803F0F4C, 62D6001A
0x803F0F34, 3EE00013
0x803F0F3C, 62F7000F
0x803F0F44, 3F00001F
0x803F0F4C, 63180012
0x803F0F34, 3F20000E
0x803F0F3C, 63399800
0x803F0F44, 3F400600
0x803F0F4C, 635A1300
0x803F0F34, 3F601100
0x803F0F3C, 637B0D00
0x803F0F44, 3F800300
0x803F0F4C, 639C0900
0x803F0F34, 3FA00400
0x803F0F3C, 63BD1E00
0x803F0F44, 3FC00E00
0x803F0F4C, 63DE0A00
0x803F0F34, 3FE00200
0x803F0F3C, 63FF0800
0x803F0F44, 0x60000000
0x803F0F4C, BE080000
0x803F0F34, 3D008033
0x803F0F3C, 61084D80
0x803F0F44, 3E000500
0x803F0F4C, 62101F00
0x803F0F34, 3E201200
0x803F0F3C, 62310E00
0x803F0F44, 3E400100
0x803F0F4C, 62520700
0x803F0F34, 3E600498
0x803F0F3C, 62730006
0x803F0F44, 3E8000E0
0x803F0F4C, 629400C2
0x803F0F34, 3EA00061
0x803F0F3C, 62B500E2
0x803F0F44, 3EC000C7
0x803F0F4C, 62D60062
0x803F0F34, 3EE000E6
0x803F0F3C, 62F700C6
0x803F0F44, 3F000060
0x803F0F4C, 631800E3
0x803F0F34, 3F2000D6
0x803F0F3C, 6339006B
0x803F0F44, 3F4000E7
0x803F0F4C, 635A00D5
0x803F0F34, 3F60006A
0x803F0F3C, 637B0104
0x803F0F44, 3F8000E9
0x803F0F4C, 639C001A
0x803F0F34, 3FA09800
0x803F0F3C, 63BD0600
0x803F0F44, 3FC06D00
0x803F0F4C, 63DE5300
0x803F0F34, 3FE04600
0x803F0F3C, 63FF6E00
0x803F0F44, 0x60000000
0x803F0F4C, BE080000
0x803F0F34, 3D008033
0x803F0F3C, 61084DC0
0x803F0F44, 3E005500
0x803F0F4C, 62104700
0x803F0F34, 3E206500
0x803F0F3C, 62315400
0x803F0F44, 3E401B00
0x803F0F4C, 62526600
0x803F0F34, 3E605600
0x803F0F3C, 62734800
0x803F0F44, 3E807800
0x803F0F4C, 62946100
0x803F0F34, 3EA01A00
0x803F0F3C, 62B57900
0x803F0F44, 3EC06200
0x803F0F4C, 62D64998
0x803F0F34, 3EE00006
0x803F0F3C, 62F70076
0x803F0F44, 3F000060
0x803F0F4C, 63180049
0x803F0F34, 3F200075
0x803F0F3C, 63390066
0x803F0F44, 3F40001A
0x803F0F4C, 635A0063
0x803F0F34, 3F600052
0x803F0F3C, 637B0048
0x803F0F44, 3F80006A
0x803F0F4C, 639C005E
0x803F0F34, 3FA0001B
0x803F0F3C, 63BD006B
0x803F0F44, 3FC0004F
0x803F0F4C, 63DE0047
0x803F0F34, 3FE00072
0x803F0F3C, 63FF005D
0x803F0F44, 0x60000000
0x803F0F4C, BE080000
0x803F0F34, 3D008033
0x803F0F3C, 61084E00
0x803F0F44, 3E000046
0x803F0F4C, 62109800
0x803F0F34, 3E200600
0x803F0F3C, 62316C00
0x803F0F44, 3E405000
0x803F0F4C, 62524600
0x803F0F34, 3E606D00
0x803F0F3C, 62735300
0x803F0F44, 3E804700
0x803F0F4C, 62946400
0x803F0F34, 3EA05100
0x803F0F3C, 62B51B00
0x803F0F44, 3EC06500
0x803F0F4C, 62D65400
0x803F0F34, 3EE04800
0x803F0F3C, 62F77700
0x803F0F44, 3F005F00
0x803F0F4C, 63181A00
0x803F0F34, 3F207800
0x803F0F3C, 63396100
0x803F0F44, 3F404998
0x803F0F4C, 635A0006
0x803F0F34, 3F600006
0x803F0F3C, 637B0006
0x803F0F44, 3F800003
0x803F0F4C, 639C002E
0x803F0F34, 3FA00002
0x803F0F3C, 63BD0001
0x803F0F44, 3FC0002D
0x803F0F4C, 63DE0001
0x803F0F34, 3FE00001
0x803F0F3C, 63FF000F
0x803F0F44, 0x60000000
0x803F0F4C, BE080000
0x803F0F34, 3D008033
0x803F0F3C, 61084E40
0x803F0F44, 3E000003
0x803F0F4C, 62100000
0x803F0F34, 3E20000E
0x803F0F3C, 62310000
0x803F0F44, 3E400000
0x803F0F4C, 62520007
0x803F0F34, 3E600004
0x803F0F3C, 62730002
0x803F0F44, 3E809800
0x803F0F4C, 62940601
0x803F0F34, 3EA01F01
0x803F0F3C, 62B50400
0x803F0F44, 3EC00901
0x803F0F4C, 62D63F01
0x803F0F34, 3EE01400
0x803F0F3C, 62F71201
0x803F0F44, 3F003801
0x803F0F4C, 63180500
0x803F0F34, 3F200801
0x803F0F3C, 63393601
0x803F0F44, 3F401300
0x803F0F4C, 635A1501
0x803F0F34, 3F601901
0x803F0F3C, 637B1200
0x803F0F44, 3F801301
0x803F0F4C, 639C1A01
0x803F0F34, 3FA01100
0x803F0F3C, 63BD1498
0x803F0F44, 3FC00006
0x803F0F4C, 63DE01E0
0x803F0F34, 3FE001C0
0x803F0F3C, 63FF005C
0x803F0F44, 0x60000000
0x803F0F4C, BE080000
0x803F0F34, 3D008033
0x803F0F3C, 61084E80
0x803F0F44, 3E0001F3
0x803F0F4C, 621001C7
0x803F0F34, 3E200067
0x803F0F3C, 623101EE
0x803F0F44, 3E4001B7
0x803F0F4C, 62520061
0x803F0F34, 3E6001F4
0x803F0F3C, 627301BC
0x803F0F44, 3E800060
0x803F0F4C, 629401F0
0x803F0F34, 3EA001BD
0x803F0F3C, 62B50062
0x803F0F44, 3EC001F1
0x803F0F4C, 62D601CC
0x803F0F34, 3EE0006B
0x803F0F3C, 62F79800
0x803F0F44, 3F000601
0x803F0F4C, 63181B01
0x803F0F34, 3F200000
0x803F0F3C, 63391301
0x803F0F44, 3F401A01
0x803F0F4C, 635A1100
0x803F0F34, 3F601401
0x803F0F3C, 637B3701
0x803F0F44, 3F800100
0x803F0F4C, 639C0801
0x803F0F34, 3FA03601
0x803F0F3C, 63BD1300
0x803F0F44, 3FC01501
0x803F0F4C, 63DE1E01
0x803F0F34, 3FE01600
0x803F0F3C, 63FF1601
0x803F0F44, 0x60000000
0x803F0F4C, BE080000
0x803F0F34, 3D008033
0x803F0F3C, 61084EC0
0x803F0F44, 3E003F01
0x803F0F4C, 62101400
0x803F0F34, 3E201298
0x803F0F3C, 62310006
0x803F0F44, 3E40007F
0x803F0F4C, 62520068
0x803F0F34, 3E60004E
0x803F0F3C, 62730088
0x803F0F44, 3E800071
0x803F0F4C, 6294004F
0x803F0F34, 3EA00081
0x803F0F3C, 62B50069
0x803F0F44, 3EC00051
0x803F0F4C, 62D60087
0x803F0F34, 3EE00072
0x803F0F3C, 62F70049
0x803F0F44, 3F000082
0x803F0F4C, 6318006A
0x803F0F34, 3F200048
0x803F0F3C, 6339008E
0x803F0F44, 3F40006B
0x803F0F4C, 635A0048
0x803F0F34, 3F609800
0x803F0F3C, 637B0601
0x803F0F44, 3F804A01
0x803F0F4C, 639C1800
0x803F0F34, 3FA01A01
0x803F0F3C, 63BD4D01
0x803F0F44, 3FC01900
0x803F0F4C, 63DE1901
0x803F0F34, 3FE04F01
0x803F0F3C, 63FF1B00
0x803F0F44, 0x60000000
0x803F0F4C, BE080000
0x803F0F34, 3D008033
0x803F0F3C, 61084F00
0x803F0F44, 3E001B01
0x803F0F4C, 62105001
0x803F0F34, 3E201A00
0x803F0F3C, 62311801
0x803F0F44, 3E404B01
0x803F0F4C, 62522300
0x803F0F34, 3E601A01
0x803F0F3C, 62734C01
0x803F0F44, 3E802200
0x803F0F4C, 62941998
0x803F0F34, 3EA00006
0x803F0F3C, 62B5004F
0x803F0F44, 3EC0003E
0x803F0F4C, 62D60031
0x803F0F34, 3EE0003E
0x803F0F3C, 62F7002C
0x803F0F44, 3F000031
0x803F0F4C, 6318004E
0x803F0F34, 3F20003F
0x803F0F3C, 63390030
0x803F0F44, 3F40003D
0x803F0F4C, 635A002D
0x803F0F34, 3F600030
0x803F0F3C, 637B005A
0x803F0F44, 3F800046
0x803F0F4C, 639C0034
0x803F0F34, 3FA00059
0x803F0F3C, 63BD0045
0x803F0F44, 3FC00034
0x803F0F4C, 63DE9800
0x803F0F34, 3FE00600
0x803F0F3C, 63FF0D00
0x803F0F44, 0x60000000
0x803F0F4C, BE080000
0x803F0F34, 3D008033
0x803F0F3C, 61084F40
0x803F0F44, 3E001E00
0x803F0F4C, 62101300
0x803F0F34, 3E202900
0x803F0F3C, 62311700
0x803F0F44, 3E400800
0x803F0F4C, 62520C00
0x803F0F34, 3E601B00
0x803F0F3C, 62731400
0x803F0F44, 3E802800
0x803F0F4C, 62941C00
0x803F0F34, 3EA01500
0x803F0F3C, 62B50B00
0x803F0F44, 3EC01A00
0x803F0F4C, 62D61300
0x803F0F34, 3EE02A00
0x803F0F3C, 62F70C00
0x803F0F44, 3F000898
0x803F0F4C, 63180006
0x803F0F34, 3F20018D
0x803F0F3C, 6339015D
0x803F0F44, 3F40004E
0x803F0F4C, 635A019A
0x803F0F34, 3F600165
0x803F0F3C, 637B004F
0x803F0F44, 3F80018C
0x803F0F4C, 639C016A
0x803F0F34, 3FA00051
0x803F0F3C, 63BD0198
0x803F0F44, 3FC0016B
0x803F0F4C, 63DE0049
0x803F0F34, 3FE0018B
0x803F0F3C, 63FF016D
0x803F0F44, 0x60000000
0x803F0F4C, BE080000
0x803F0F34, 3D008033
0x803F0F3C, 61084F80
0x803F0F44, 3E000048
0x803F0F4C, 6210019B
0x803F0F34, 3E20016C
0x803F0F3C, 62310048
0x803F0F44, 3E409800
0x803F0F4C, 62520600
0x803F0F34, 3E607400
0x803F0F3C, 62736500
0x803F0F44, 3E804900
0x803F0F4C, 62947B00
0x803F0F34, 3EA06400
0x803F0F3C, 62B51A00
0x803F0F44, 3EC06900
0x803F0F4C, 62D65C00
0x803F0F34, 3EE04800
0x803F0F3C, 62F76800
0x803F0F44, 3F005A00
0x803F0F4C, 63181B00
0x803F0F34, 3F207100
0x803F0F3C, 63395B00
0x803F0F44, 3F404700
0x803F0F4C, 635A7000
0x803F0F34, 3F605900
0x803F0F3C, 637B4698
0x803F0F44, 3F800006
0x803F0F4C, 639C007B
0x803F0F34, 3FA00064
0x803F0F3C, 63BD0049
0x803F0F44, 3FC0007A
0x803F0F4C, 63DE0063
0x803F0F34, 3FE0001A
0x803F0F3C, 63FF0068
0x803F0F44, 0x60000000
0x803F0F4C, BE080000
0x803F0F34, 3D008033
0x803F0F3C, 61084FC0
0x803F0F44, 3E00005A
0x803F0F4C, 62100048
0x803F0F34, 3E200067
0x803F0F3C, 62310058
0x803F0F44, 3E40001B
0x803F0F4C, 62520070
0x803F0F34, 3E600059
0x803F0F3C, 62730047
0x803F0F44, 3E80006F
0x803F0F4C, 62940057
0x803F0F34, 3EA00046
0x803F0F3C, 62B59800
0x803F0F44, 3EC00600
0x803F0F4C, 62D64D00
0x803F0F34, 3EE03300
0x803F0F3C, 62F71A00
0x803F0F44, 3F005000
0x803F0F4C, 63183400
0x803F0F34, 3F201900
0x803F0F3C, 63395200
0x803F0F44, 3F403600
0x803F0F4C, 635A1B00
0x803F0F34, 3F605300
0x803F0F3C, 637B3500
0x803F0F44, 3F801800
0x803F0F4C, 639C4E00
0x803F0F34, 3FA03F00
0x803F0F3C, 63BD1A00
0x803F0F44, 3FC04F00
0x803F0F4C, 63DE3E00
0x803F0F34, 3FE01998
0x803F0F3C, 63FF0006
0x803F0F44, 0x60000000
0x803F0F4C, BE080000
0x803F0F34, 3D008033
0x803F0F3C, 61085000
0x803F0F44, 3E00006B
0x803F0F4C, 6210004F
0x803F0F34, 3E200046
0x803F0F3C, 6231006C
0x803F0F44, 3E400050
0x803F0F4C, 62520047
0x803F0F34, 3E600063
0x803F0F3C, 62730052
0x803F0F44, 3E80001B
0x803F0F4C, 62940064
0x803F0F34, 3EA00051
0x803F0F3C, 62B50048
0x803F0F44, 3EC00076
0x803F0F4C, 62D60060
0x803F0F34, 3EE0001A
0x803F0F3C, 62F70077
0x803F0F44, 3F00005F
0x803F0F4C, 63180049
0x803F0F34, 3F209800
0x803F0F3C, 63390500
0x803F0F44, 3F404300
0x803F0F4C, 635A2E00
0x803F0F34, 3F602400
0x803F0F3C, 637B3600
0x803F0F44, 3F802B00
0x803F0F4C, 639C1900
0x803F0F34, 3FA03900
0x803F0F3C, 63BD2A00
0x803F0F44, 3FC01800
0x803F0F4C, 63DE3700
0x803F0F34, 3FE02700
0x803F0F3C, 63FF1E00
0x803F0F44, 0x60000000
0x803F0F4C, BE080000
0x803F0F34, 3D008033
0x803F0F3C, 61085040
0x803F0F44, 3E003800
0x803F0F4C, 62102800
0x803F0F34, 3E201F98
0x803F0F3C, 62310005
0x803F0F44, 3E4000F8
0x803F0F4C, 625200BE
0x803F0F34, 3E60001B
0x803F0F3C, 627300F1
0x803F0F44, 3E8000BD
0x803F0F4C, 6294001A
0x803F0F34, 3EA000F9
0x803F0F3C, 62B500C5
0x803F0F44, 3EC0005F
0x803F0F4C, 62D600F0
0x803F0F34, 3EE000C4
0x803F0F3C, 62F7005E
0x803F0F44, 3F0000FA
0x803F0F4C, 631800C9
0x803F0F34, 3F200048
0x803F0F3C, 63399800
0x803F0F44, 3F400501
0x803F0F4C, 635A2901
0x803F0F34, 3F600700
0x803F0F3C, 637B0B01
0x803F0F44, 3F802801
0x803F0F4C, 639C0A00
0x803F0F34, 3FA00F01
0x803F0F3C, 63BD2C01
0x803F0F44, 3FC00800
0x803F0F4C, 63DE0A01
0x803F0F34, 3FE02D01
0x803F0F3C, 63FF0B00
0x803F0F44, 0x60000000
0x803F0F4C, BE080000
0x803F0F34, 3D008033
0x803F0F3C, 61085080
0x803F0F44, 3E000E01
0x803F0F4C, 62101000
0x803F0F34, 3E20FC00
0x803F0F3C, 62310598
0x803F0F44, 3E400005
0x803F0F4C, 62520162
0x803F0F34, 3E600136
0x803F0F3C, 62730024
0x803F0F44, 3E800155
0x803F0F4C, 62940133
0x803F0F34, 3EA00019
0x803F0F3C, 62B50158
0x803F0F44, 3EC00131
0x803F0F4C, 62D60018
0x803F0F34, 3EE00156
0x803F0F3C, 62F7012E
0x803F0F44, 3F00001E
0x803F0F4C, 63180157
0x803F0F34, 3F20012F
0x803F0F3C, 6339001F
0x803F0F44, 3F409800
0x803F0F4C, 635A0500
0x803F0F34, 3F601000
0x803F0F3C, 637B2000
0x803F0F44, 3F801600
0x803F0F4C, 639C2F00
0x803F0F34, 3FA02100
0x803F0F3C, 63BD1700
0x803F0F44, 3FC03100
0x803F0F4C, 63DE1D00
0x803F0F34, 3FE01200
0x803F0F3C, 63FF3200
0x803F0F44, 0x60000000
0x803F0F4C, BE080000
0x803F0F34, 3D008033
0x803F0F3C, 610850C0
0x803F0F44, 3E001500
0x803F0F4C, 62101100
0x803F0F34, 3E201100
0x803F0F3C, 62310D00
0x803F0F44, 3E400998
0x803F0F4C, 62520005
0x803F0F34, 3E6000AF
0x803F0F3C, 6273009B
0x803F0F44, 3E800056
0x803F0F4C, 629400AE
0x803F0F34, 3EA0009A
0x803F0F3C, 62B50055
0x803F0F44, 3EC000B2
0x803F0F4C, 62D60097
0x803F0F34, 3EE00052
0x803F0F3C, 62F700AD
0x803F0F44, 3F000098
0x803F0F4C, 63180053
0x803F0F34, 3F2000AC
0x803F0F3C, 63390099
0x803F0F44, 3F400054
0x803F0F4C, 635A9800
0x803F0F34, 3F600500
0x803F0F3C, 637BAC00
0x803F0F44, 3F809900
0x803F0F4C, 639C5400
0x803F0F34, 3FA0B100
0x803F0F3C, 63BD9D00
0x803F0F44, 3FC05800
0x803F0F4C, 63DEB200
0x803F0F34, 3FE09700
0x803F0F3C, 63FF5200
0x803F0F44, 0x60000000
0x803F0F4C, BE080000
0x803F0F34, 3D008033
0x803F0F3C, 61085100
0x803F0F44, 3E00B000
0x803F0F4C, 62109C00
0x803F0F34, 3E205700
0x803F0F3C, 6231AF00
0x803F0F44, 3E409B00
0x803F0F4C, 62525698
0x803F0F34, 3E600005
0x803F0F3C, 627300C8
0x803F0F44, 3E8000B5
0x803F0F4C, 62940054
0x803F0F34, 3EA000C9
0x803F0F3C, 62B500B3
0x803F0F44, 3EC00053
0x803F0F4C, 62D600CE
0x803F0F34, 3EE000B4
0x803F0F3C, 62F70052
0x803F0F44, 3F0000CA
0x803F0F4C, 631800B6
0x803F0F34, 3F200055
0x803F0F3C, 633900CB
0x803F0F44, 3F4000B7
0x803F0F4C, 635A0056
0x803F0F34, 3F609800
0x803F0F3C, 637B0500
0x803F0F44, 3F80C400
0x803F0F4C, 639CB000
0x803F0F34, 3FA05600
0x803F0F3C, 63BDC500
0x803F0F44, 3FC0B100
0x803F0F4C, 63DE5700
0x803F0F34, 3FE0C700
0x803F0F3C, 63FFAD00
0x803F0F44, 0x60000000
0x803F0F4C, BE080000
0x803F0F34, 3D008033
0x803F0F3C, 61085140
0x803F0F44, 3E005200
0x803F0F4C, 6210C600
0x803F0F34, 3E20B200
0x803F0F3C, 62315800
0x803F0F44, 3E40C100
0x803F0F4C, 6252AE00
0x803F0F34, 3E605498
0x803F0F3C, 62730005
0x803F0F44, 3E8000C1
0x803F0F4C, 629400AE
0x803F0F34, 3EA00054
0x803F0F3C, 62B500C2
0x803F0F44, 3EC000AC
0x803F0F4C, 62D60053
0x803F0F34, 3EE000C7
0x803F0F3C, 62F700AD
0x803F0F44, 3F000052
0x803F0F4C, 631800C3
0x803F0F34, 3F2000AF
0x803F0F3C, 63390055
0x803F0F44, 3F4000C4
0x803F0F4C, 635A00B0
0x803F0F34, 3F600056
0x803F0F3C, 637B9800
0x803F0F44, 3F800500
0x803F0F4C, 639CA500
0x803F0F34, 3FA09200
0x803F0F3C, 63BD5400
0x803F0F44, 3FC0AA00
0x803F0F4C, 63DE9600
0x803F0F34, 3FE05800
0x803F0F3C, 63FFAB00
0x803F0F44, 0x60000000
0x803F0F4C, BE080000
0x803F0F34, 3D008033
0x803F0F3C, 61085180
0x803F0F44, 3E009000
0x803F0F4C, 62105200
0x803F0F34, 3E20A900
0x803F0F3C, 62319500
0x803F0F44, 3E405700
0x803F0F4C, 6252A800
0x803F0F34, 3E609400
0x803F0F3C, 62735698
0x803F0F44, 3E800005
0x803F0F4C, 629400A8
0x803F0F34, 3EA00094
0x803F0F3C, 62B50056
0x803F0F44, 3EC000A7
0x803F0F4C, 62D60093
0x803F0F34, 3EE00055
0x803F0F3C, 62F700AB
0x803F0F44, 3F000090
0x803F0F4C, 63180052
0x803F0F34, 3F2000A6
0x803F0F3C, 63390091
0x803F0F44, 3F400053
0x803F0F4C, 635A00A5
0x803F0F34, 3F600092
0x803F0F3C, 637B0054
0x803F0F44, 3F809800
0x803F0F4C, 639C0500
0x803F0F34, 3FA0BD00
0x803F0F3C, 63BDA900
0x803F0F44, 3FC05600
0x803F0F4C, 63DEBE00
0x803F0F34, 3FE0AA00
0x803F0F3C, 63FF5700
0x803F0F44, 0x60000000
0x803F0F4C, BE080000
0x803F0F34, 3D008033
0x803F0F3C, 610851C0
0x803F0F44, 3E00C000
0x803F0F4C, 6210A600
0x803F0F34, 3E205200
0x803F0F3C, 6231BF00
0x803F0F44, 3E40AB00
0x803F0F4C, 62525800
0x803F0F34, 3E60BA00
0x803F0F3C, 6273A700
0x803F0F44, 3E805498
0x803F0F4C, 62940005
0x803F0F34, 3EA000BA
0x803F0F3C, 62B500A7
0x803F0F44, 3EC00054
0x803F0F4C, 62D600BB
0x803F0F34, 3EE000A5
0x803F0F3C, 62F70053
0x803F0F44, 3F0000C0
0x803F0F4C, 631800A6
0x803F0F34, 3F200052
0x803F0F3C, 633900BC
0x803F0F44, 3F4000A8
0x803F0F4C, 635A0055
0x803F0F34, 3F6000BD
0x803F0F3C, 637B00A9
0x803F0F44, 3F800056
0x803F0F4C, 639C9800
0x803F0F34, 3FA00500
0x803F0F3C, 63BDB600
0x803F0F44, 3FC0A200
0x803F0F4C, 63DE5600
0x803F0F34, 3FE0B700
0x803F0F3C, 63FFA300
0x803F0F44, 0x60000000
0x803F0F4C, BE080000
0x803F0F34, 3D008033
0x803F0F3C, 61085200
0x803F0F44, 3E005700
0x803F0F4C, 6210B900
0x803F0F34, 3E209F00
0x803F0F3C, 62315200
0x803F0F44, 3E40B800
0x803F0F4C, 6252A400
0x803F0F34, 3E605800
0x803F0F3C, 6273B300
0x803F0F44, 3E80A000
0x803F0F4C, 62945498
0x803F0F34, 3EA00005
0x803F0F3C, 62B500B3
0x803F0F44, 3EC000A0
0x803F0F4C, 62D60054
0x803F0F34, 3EE000B4
0x803F0F3C, 62F7009E
0x803F0F44, 3F000053
0x803F0F4C, 631800B9
0x803F0F34, 3F20009F
0x803F0F3C, 63390052
0x803F0F44, 3F4000B5
0x803F0F4C, 635A00A1
0x803F0F34, 3F600055
0x803F0F3C, 637B00B6
0x803F0F44, 3F8000A2
0x803F0F4C, 639C0056
0x803F0F34, 3FA09800
0x803F0F3C, 63BD0501
0x803F0F44, 3FC0A801
0x803F0F4C, 63DE7C00
0x803F0F34, 3FE05601
0x803F0F3C, 63FFA901
0x803F0F44, 0x60000000
0x803F0F4C, BE080000
0x803F0F34, 3D008033
0x803F0F3C, 61085240
0x803F0F44, 3E007D00
0x803F0F4C, 62105701
0x803F0F34, 3E20AB01
0x803F0F3C, 62317900
0x803F0F44, 3E405201
0x803F0F4C, 6252AA01
0x803F0F34, 3E607E00
0x803F0F3C, 62735801
0x803F0F44, 3E80A501
0x803F0F4C, 62947A00
0x803F0F34, 3EA05498
0x803F0F3C, 62B50005
0x803F0F44, 3EC001A5
0x803F0F4C, 62D6017A
0x803F0F34, 3EE00054
0x803F0F3C, 62F701A6
0x803F0F44, 3F000178
0x803F0F4C, 63180053
0x803F0F34, 3F2001AB
0x803F0F3C, 63390179
0x803F0F44, 3F400052
0x803F0F4C, 635A01A7
0x803F0F34, 3F60017B
0x803F0F3C, 637B0055
0x803F0F44, 3F8001A8
0x803F0F4C, 639C017C
0x803F0F34, 3FA00056
0x803F0F3C, 63BD9800
0x803F0F44, 3FC00501
0x803F0F4C, 63DE8B01
0x803F0F34, 3FE06D00
0x803F0F3C, 63FF4C01
0x803F0F44, 0x60000000
0x803F0F4C, BE080000
0x803F0F34, 3D008033
0x803F0F3C, 61085280
0x803F0F44, 3E009B01
0x803F0F4C, 62106C00
0x803F0F34, 3E204D01
0x803F0F3C, 62318E01
0x803F0F44, 3E405E00
0x803F0F4C, 62524A01
0x803F0F34, 3E608A01
0x803F0F3C, 62736400
0x803F0F44, 3E804D01
0x803F0F4C, 62949201
0x803F0F34, 3EA06300
0x803F0F3C, 62B54D98
0x803F0F44, 3EC00005
0x803F0F4C, 62D601D0
0x803F0F34, 3EE001A3
0x803F0F3C, 62F70053
0x803F0F44, 3F0001CF
0x803F0F4C, 631801A4
0x803F0F34, 3F200054
0x803F0F3C, 633901D5
0x803F0F44, 3F4001A2
0x803F0F4C, 635A0052
0x803F0F34, 3F6001D4
0x803F0F3C, 637B01A8
0x803F0F44, 3F800058
0x803F0F4C, 639C01D3
0x803F0F34, 3FA001A7
0x803F0F3C, 63BD0057
0x803F0F44, 3FC09800
0x803F0F4C, 63DE0501
0x803F0F34, 3FE0C901
0x803F0F3C, 63FF9C00
0x803F0F44, 0x60000000
0x803F0F4C, BE080000
0x803F0F34, 3D008033
0x803F0F3C, 610852C0
0x803F0F44, 3E005301
0x803F0F4C, 6210C801
0x803F0F34, 3E209D00
0x803F0F3C, 62315401
0x803F0F44, 3E40CE01
0x803F0F4C, 62529B00
0x803F0F34, 3E605201
0x803F0F3C, 6273CD01
0x803F0F44, 3E80A100
0x803F0F4C, 62945801
0x803F0F34, 3EA0CC01
0x803F0F3C, 62B5A000
0x803F0F44, 3EC05798
0x803F0F4C, 62D60005
0x803F0F34, 3EE0009A
0x803F0F3C, 62F70086
0x803F0F44, 3F000056
0x803F0F4C, 63180099
0x803F0F34, 3F200085
0x803F0F3C, 63390055
0x803F0F44, 3F40009D
0x803F0F4C, 635A0082
0x803F0F34, 3F600052
0x803F0F3C, 637B0098
0x803F0F44, 3F800083
0x803F0F4C, 639C0053
0x803F0F34, 3FA00097
0x803F0F3C, 63BD0084
0x803F0F44, 3FC00054
0x803F0F4C, 63DE9800
0x803F0F34, 3FE00500
0x803F0F3C, 63FF9700
0x803F0F44, 0x60000000
0x803F0F4C, BE080000
0x803F0F34, 3D008033
0x803F0F3C, 61085300
0x803F0F44, 3E008400
0x803F0F4C, 62105400
0x803F0F34, 3E209C00
0x803F0F3C, 62318800
0x803F0F44, 3E405800
0x803F0F4C, 62529D00
0x803F0F34, 3E608200
0x803F0F3C, 62735200
0x803F0F44, 3E809B00
0x803F0F4C, 62948700
0x803F0F34, 3EA05700
0x803F0F3C, 62B59A00
0x803F0F44, 3EC08600
0x803F0F4C, 62D65698
0x803F0F34, 3EE00005
0x803F0F3C, 62F700A1
0x803F0F44, 3F00008D
0x803F0F4C, 63180056
0x803F0F34, 3F2000A0
0x803F0F3C, 6339008C
0x803F0F44, 3F400055
0x803F0F4C, 635A00A4
0x803F0F34, 3F600089
0x803F0F3C, 637B0052
0x803F0F44, 3F80009F
0x803F0F4C, 639C008A
0x803F0F34, 3FA00053
0x803F0F3C, 63BD009E
0x803F0F44, 3FC0008B
0x803F0F4C, 63DE0054
0x803F0F34, 3FE09800
0x803F0F3C, 63FF0500
0x803F0F44, 0x60000000
0x803F0F4C, BE080000
0x803F0F34, 3D008033
0x803F0F3C, 61085340
0x803F0F44, 3E009E00
0x803F0F4C, 62108B00
0x803F0F34, 3E205400
0x803F0F3C, 6231A300
0x803F0F44, 3E408F00
0x803F0F4C, 62525800
0x803F0F34, 3E60A400
0x803F0F3C, 62738900
0x803F0F44, 3E805200
0x803F0F4C, 6294A200
0x803F0F34, 3EA08E00
0x803F0F3C, 62B55700
0x803F0F44, 3EC0A100
0x803F0F4C, 62D68D00
0x803F0F34, 3EE05698
0x803F0F3C, 62F70005
0x803F0F44, 3F0001C2
0x803F0F4C, 63180195
0x803F0F34, 3F200053
0x803F0F3C, 633901C1
0x803F0F44, 3F400196
0x803F0F4C, 635A0054
0x803F0F34, 3F6001C7
0x803F0F3C, 637B0194
0x803F0F44, 3F800052
0x803F0F4C, 639C01C6
0x803F0F34, 3FA0019A
0x803F0F3C, 63BD0058
0x803F0F44, 3FC001C5
0x803F0F4C, 63DE0199
0x803F0F34, 3FE00057
0x803F0F3C, 63FF9800
0x803F0F44, 0x60000000
0x803F0F4C, BE080000
0x803F0F34, 3D008033
0x803F0F3C, 61085380
0x803F0F44, 3E000501
0x803F0F4C, 6210D801
0x803F0F34, 3E20AC00
0x803F0F3C, 62315501
0x803F0F44, 3E40D701
0x803F0F4C, 6252AA00
0x803F0F34, 3E605301
0x803F0F3C, 6273DC01
0x803F0F44, 3E80A900
0x803F0F4C, 62945201
0x803F0F34, 3EA0D601
0x803F0F3C, 62B5AB00
0x803F0F44, 3EC05401
0x803F0F4C, 62D6DB01
0x803F0F34, 3EE0AF00
0x803F0F3C, 62F75898
0x803F0F44, 3F000005
0x803F0F4C, 631801DB
0x803F0F34, 3F2001AF
0x803F0F3C, 63390058
0x803F0F44, 3F4001DA
0x803F0F4C, 635A01AE
0x803F0F34, 3F600057
0x803F0F3C, 637B01DC
0x803F0F44, 3F8001A9
0x803F0F4C, 639C0052
0x803F0F34, 3FA001D9
0x803F0F3C, 63BD01AD
0x803F0F44, 3FC00056
0x803F0F4C, 63DE01D8
0x803F0F34, 3FE001AC
0x803F0F3C, 63FF0055
0x803F0F44, 0x60000000
0x803F0F4C, BE080000
0x803F0F34, 3D008033
0x803F0F3C, 610853C0
0x803F0F44, 3E009800
0x803F0F4C, 62100501
0x803F0F34, 3E20B101
0x803F0F3C, 62318500
0x803F0F44, 3E405801
0x803F0F4C, 6252AC01
0x803F0F34, 3E608100
0x803F0F3C, 62735401
0x803F0F44, 3E80B201
0x803F0F4C, 62948000
0x803F0F34, 3EA05201
0x803F0F3C, 62B5AD01
0x803F0F44, 3EC07F00
0x803F0F4C, 62D65301
0x803F0F34, 3EE0AE01
0x803F0F3C, 62F78200
0x803F0F44, 3F005598
0x803F0F4C, 63180005
0x803F0F34, 3F2001B8
0x803F0F3C, 6339018C
0x803F0F44, 3F400058
0x803F0F4C, 635A01B3
0x803F0F34, 3F600188
0x803F0F3C, 637B0054
0x803F0F44, 3F8001B9
0x803F0F4C, 639C0187
0x803F0F34, 3FA00052
0x803F0F3C, 63BD01B4
0x803F0F44, 3FC00186
0x803F0F4C, 63DE0053
0x803F0F34, 3FE001B5
0x803F0F3C, 63FF0189
0x803F0F44, 0x60000000
0x803F0F4C, BE080000
0x803F0F34, 3D008033
0x803F0F3C, 61085400
0x803F0F44, 3E000055
0x803F0F4C, 62109800
0x803F0F34, 3E200501
0x803F0F3C, 6231BD01
0x803F0F44, 3E409100
0x803F0F4C, 62525601
0x803F0F34, 3E60BE01
0x803F0F3C, 62739200
0x803F0F44, 3E805701
0x803F0F4C, 6294C001
0x803F0F34, 3EA08E00
0x803F0F3C, 62B55201
0x803F0F44, 3EC0BF01
0x803F0F4C, 62D69300
0x803F0F34, 3EE05801
0x803F0F3C, 62F7BA01
0x803F0F44, 3F008F00
0x803F0F4C, 63185498
0x803F0F34, 3F200005
0x803F0F3C, 6339005E
0x803F0F44, 3F40004A
0x803F0F4C, 635A0038
0x803F0F34, 3F60003C
0x803F0F3C, 637B0024
0x803F0F44, 3F800039
0x803F0F4C, 639C0060
0x803F0F34, 3FA0004C
0x803F0F3C, 63BD003A
0x803F0F44, 3FC0003B
0x803F0F4C, 63DE0026
0x803F0F34, 3FE0003B
0x803F0F3C, 63FF0057
0x803F0F44, 0x60000000
0x803F0F4C, BE080000
0x803F0F34, 3D008033
0x803F0F3C, 61085440
0x803F0F44, 3E000032
0x803F0F4C, 6210003D
0x803F0F34, 3E209800
0x803F0F3C, 62310500
0x803F0F44, 3E407E00
0x803F0F4C, 62527400
0x803F0F34, 3E604B00
0x803F0F3C, 62737F00
0x803F0F44, 3E806800
0x803F0F4C, 62944B00
0x803F0F34, 3EA08000
0x803F0F3C, 62B56700
0x803F0F44, 3EC04A00
0x803F0F4C, 62D68100
0x803F0F34, 3EE06900
0x803F0F3C, 62F74B00
0x803F0F44, 3F008200
0x803F0F4C, 63186A00
0x803F0F34, 3F204C98
0x803F0F3C, 63390005
0x803F0F44, 3F40010C
0x803F0F4C, 635A00F3
0x803F0F34, 3F60007C
0x803F0F3C, 637B010D
0x803F0F44, 3F8000F4
0x803F0F4C, 639C007C
0x803F0F34, 3FA000FE
0x803F0F3C, 63BD00DD
0x803F0F44, 3FC0006E
0x803F0F4C, 63DE00FB
0x803F0F34, 3FE000C0
0x803F0F3C, 63FF006E
0x803F0F44, 0x60000000
0x803F0F4C, BE080000
0x803F0F34, 3D008033
0x803F0F3C, 61085480
0x803F0F44, 3E0000F2
0x803F0F4C, 621000E5
0x803F0F34, 3E20006F
0x803F0F3C, 62319800
0x803F0F44, 3E400501
0x803F0F4C, 6252F901
0x803F0F34, 3E60D300
0x803F0F3C, 62736F02
0x803F0F44, 3E800001
0x803F0F4C, 6294DB00
0x803F0F34, 3EA06F02
0x803F0F3C, 62B50C01
0x803F0F44, 3EC0D400
0x803F0F4C, 62D66E02
0x803F0F34, 3EE00901
0x803F0F3C, 62F7B600
0x803F0F44, 3F006E02
0x803F0F4C, 63181B01
0x803F0F34, 3F20EA00
0x803F0F3C, 63397C98
0x803F0F44, 3F400005
0x803F0F4C, 635A0205
0x803F0F34, 3F6001DC
0x803F0F3C, 637B0021
0x803F0F44, 3F8001DF
0x803F0F4C, 639C01C4
0x803F0F34, 3FA00059
0x803F0F3C, 63BD020A
0x803F0F44, 3FC001B3
0x803F0F4C, 63DE001B
0x803F0F34, 3FE0020B
0x803F0F3C, 63FF01B9
0x803F0F44, 0x60000000
0x803F0F4C, BE080000
0x803F0F34, 3D008033
0x803F0F3C, 610854C0
0x803F0F44, 3E00005C
0x803F0F4C, 621001E3
0x803F0F34, 3E2001B8
0x803F0F3C, 6231005B
0x803F0F44, 3E409800
0x803F0F4C, 62520400
0x803F0F34, 3E605900
0x803F0F3C, 62734500
0x803F0F44, 3E804100
0x803F0F4C, 62945C00
0x803F0F34, 3EA04800
0x803F0F3C, 62B54000
0x803F0F44, 3EC05A00
0x803F0F4C, 62D64600
0x803F0F34, 3EE04100
0x803F0F3C, 62F75B00
0x803F0F44, 3F004700
0x803F0F4C, 63184098
0x803F0F34, 3F200004
0x803F0F3C, 6339005C
0x803F0F44, 3F400048
0x803F0F4C, 635A0043
0x803F0F34, 3F60005E
0x803F0F3C, 637B004A
0x803F0F44, 3F800042
0x803F0F4C, 639C005B
0x803F0F34, 3FA00047
0x803F0F3C, 63BD0043
0x803F0F44, 3FC0005D
0x803F0F4C, 63DE0049
0x803F0F34, 3FE00042
0x803F0F3C, 63FF9800
0x803F0F44, 0x60000000
0x803F0F4C, BE080000
0x803F0F34, 3D008033
0x803F0F3C, 61085500
0x803F0F44, 3E000400
0x803F0F4C, 62105E00
0x803F0F34, 3E204A00
0x803F0F3C, 62314200
0x803F0F44, 3E406000
0x803F0F4C, 62524C00
0x803F0F34, 3E604400
0x803F0F3C, 62735D00
0x803F0F44, 3E804900
0x803F0F4C, 62944200
0x803F0F34, 3EA05F00
0x803F0F3C, 62B54B00
0x803F0F44, 3EC04498
0x803F0F4C, 62D60004
0x803F0F34, 3EE001B1
0x803F0F3C, 62F70185
0x803F0F44, 3F000058
0x803F0F4C, 631801B2
0x803F0F34, 3F200180
0x803F0F3C, 63390052
0x803F0F44, 3F4001B0
0x803F0F4C, 635A0184
0x803F0F34, 3F600057
0x803F0F3C, 637B01AF
0x803F0F44, 3F800183
0x803F0F4C, 639C0056
0x803F0F34, 3FA09800
0x803F0F3C, 63BD0401
0x803F0F44, 3FC07E01
0x803F0F4C, 63DE5000
0x803F0F34, 3FE04601
0x803F0F3C, 63FF7601
0x803F0F44, 0x60000000
0x803F0F4C, BE080000
0x803F0F34, 3D008033
0x803F0F3C, 61085540
0x803F0F44, 3E004F00
0x803F0F4C, 62101B01
0x803F0F34, 3E207F01
0x803F0F3C, 62315200
0x803F0F44, 3E404701
0x803F0F4C, 62527701
0x803F0F34, 3E605100
0x803F0F3C, 62734898
0x803F0F44, 3E800004
0x803F0F4C, 62940180
0x803F0F34, 3EA00153
0x803F0F3C, 62B50046
0x803F0F44, 3EC00178
0x803F0F4C, 62D60154
0x803F0F34, 3EE0001B
0x803F0F3C, 62F70179
0x803F0F44, 3F000147
0x803F0F4C, 63180047
0x803F0F34, 3F200171
0x803F0F3C, 63390148
0x803F0F44, 3F400048
0x803F0F4C, 635A9800
0x803F0F34, 3F600401
0x803F0F3C, 637B8501
0x803F0F44, 3F805600
0x803F0F4C, 639C4901
0x803F0F34, 3FA07201
0x803F0F3C, 63BD4500
0x803F0F44, 3FC04801
0x803F0F4C, 63DE8401
0x803F0F34, 3FE05500
0x803F0F3C, 63FF1A01
0x803F0F44, 0x60000000
0x803F0F4C, BE080000
0x803F0F34, 3D008033
0x803F0F3C, 61085580
0x803F0F44, 3E007101
0x803F0F4C, 62104800
0x803F0F34, 3E201B98
0x803F0F3C, 62310004
0x803F0F44, 3E400186
0x803F0F4C, 62520157
0x803F0F34, 3E600049
0x803F0F3C, 62730173
0x803F0F44, 3E800149
0x803F0F4C, 62940048
0x803F0F34, 3EA00185
0x803F0F3C, 62B50156
0x803F0F44, 3EC0001A
0x803F0F4C, 62D60172
0x803F0F34, 3EE00145
0x803F0F3C, 62F7001B
0x803F0F44, 3F009800
0x803F0F4C, 63180401
0x803F0F34, 3F208701
0x803F0F3C, 63395800
0x803F0F44, 3F404901
0x803F0F4C, 635A7401
0x803F0F34, 3F604B00
0x803F0F3C, 637B4801
0x803F0F44, 3F808601
0x803F0F4C, 639C5700
0x803F0F34, 3FA01A01
0x803F0F3C, 63BD7301
0x803F0F44, 3FC04900
0x803F0F4C, 63DE1B98
0x803F0F34, 3FE00004
0x803F0F3C, 63FF0188
0x803F0F44, 0x60000000
0x803F0F4C, BE080000
0x803F0F34, 3D008033
0x803F0F3C, 610855C0
0x803F0F44, 3E000159
0x803F0F4C, 62100049
0x803F0F34, 3E200175
0x803F0F3C, 6231014D
0x803F0F44, 3E400048
0x803F0F4C, 62520187
0x803F0F34, 3E600158
0x803F0F3C, 6273001A
0x803F0F44, 3E800174
0x803F0F4C, 6294014B
0x803F0F34, 3EA0001B
0x803F0F3C, 62B59800
0x803F0F44, 3EC00401
0x803F0F4C, 62D68901
0x803F0F34, 3EE05A00
0x803F0F3C, 62F74901
0x803F0F44, 3F007601
0x803F0F4C, 63184F00
0x803F0F34, 3F204801
0x803F0F3C, 63398801
0x803F0F44, 3F405900
0x803F0F4C, 635A1A01
0x803F0F34, 3F607501
0x803F0F3C, 637B4D00
0x803F0F44, 3F801B98
0x803F0F4C, 639C0004
0x803F0F34, 3FA00182
0x803F0F3C, 63BD015B
0x803F0F44, 3FC00049
0x803F0F4C, 63DE0177
0x803F0F34, 3FE00151
0x803F0F3C, 63FF0048
0x803F0F44, 0x60000000
0x803F0F4C, BE080000
0x803F0F34, 3D008033
0x803F0F3C, 61085600
0x803F0F44, 3E000189
0x803F0F4C, 6210015A
0x803F0F34, 3E20001A
0x803F0F3C, 62310176
0x803F0F44, 3E40014F
0x803F0F4C, 6252001B
0x803F0F34, 3E609800
0x803F0F3C, 62730401
0x803F0F44, 3E808401
0x803F0F4C, 62945500
0x803F0F34, 3EA04901
0x803F0F3C, 62B57101
0x803F0F44, 3EC04800
0x803F0F4C, 62D64801
0x803F0F34, 3EE08301
0x803F0F3C, 62F75C00
0x803F0F44, 3F001A01
0x803F0F4C, 63187801
0x803F0F34, 3F205400
0x803F0F3C, 63391B98
0x803F0F44, 3F400004
0x803F0F4C, 635A01BD
0x803F0F34, 3F600191
0x803F0F3C, 637B0056
0x803F0F44, 3F8001C0
0x803F0F4C, 639C018E
0x803F0F34, 3FA00052
0x803F0F3C, 63BD01BC
0x803F0F44, 3FC00190
0x803F0F4C, 63DE0055
0x803F0F34, 3FE001BB
0x803F0F3C, 63FF018D
0x803F0F44, 0x60000000
0x803F0F4C, BE080000
0x803F0F34, 3D008033
0x803F0F3C, 61085640
0x803F0F44, 3E000053
0x803F0F4C, 62109800
0x803F0F34, 3E200402
0x803F0F3C, 62310501
0x803F0F44, 3E40DC00
0x803F0F4C, 62526602
0x803F0F34, 3E600101
0x803F0F3C, 6273B000
0x803F0F44, 3E806601
0x803F0F4C, 6294DF01
0x803F0F34, 3EA0C400
0x803F0F3C, 62B57001
0x803F0F44, 3EC0DE01
0x803F0F4C, 62D6B200
0x803F0F34, 3EE07098
0x803F0F3C, 62F70004
0x803F0F44, 3F0001B8
0x803F0F4C, 6318018C
0x803F0F34, 3F200058
0x803F0F3C, 633901B9
0x803F0F44, 3F400187
0x803F0F4C, 635A0052
0x803F0F34, 3F6001B7
0x803F0F3C, 637B018B
0x803F0F44, 3F800057
0x803F0F4C, 639C01B6
0x803F0F34, 3FA0018A
0x803F0F3C, 63BD0056
0x803F0F44, 3FC09800
0x803F0F4C, 63DE0401
0x803F0F34, 3FE0EF01
0x803F0F3C, 63FFD100
0x803F0F44, 0x60000000
0x803F0F4C, BE080000
0x803F0F34, 3D008033
0x803F0F3C, 61085680
0x803F0F44, 3E006201
0x803F0F4C, 6210F201
0x803F0F34, 3E20D200
0x803F0F3C, 62316B01
0x803F0F44, 3E40F801
0x803F0F4C, 6252CD00
0x803F0F34, 3E606A02
0x803F0F3C, 62731301
0x803F0F44, 3E80E100
0x803F0F4C, 62941A98
0x803F0F34, 3EA00004
0x803F0F3C, 62B501F9
0x803F0F44, 3EC001D3
0x803F0F4C, 62D60021
0x803F0F34, 3EE0020C
0x803F0F3C, 62F701D4
0x803F0F44, 3F00001B
0x803F0F4C, 63180201
0x803F0F34, 3F2001B0
0x803F0F3C, 63390059
0x803F0F44, 3F40020D
0x803F0F4C, 635A01B1
0x803F0F34, 3F60005C
0x803F0F3C, 637B9800
0x803F0F44, 3F800401
0x803F0F4C, 639C4A01
0x803F0F34, 3FA01800
0x803F0F3C, 63BD3901
0x803F0F44, 3FC06E01
0x803F0F4C, 63DE4200
0x803F0F34, 3FE03A01
0x803F0F3C, 63FF4901
0x803F0F44, 0x60000000
0x803F0F4C, BE080000
0x803F0F34, 3D008033
0x803F0F3C, 610856C0
0x803F0F44, 3E001C00
0x803F0F4C, 62103B01
0x803F0F34, 3E206501
0x803F0F3C, 62312800
0x803F0F44, 3E403D98
0x803F0F4C, 62520004
0x803F0F34, 3E60016F
0x803F0F3C, 62730143
0x803F0F44, 3E80003E
0x803F0F4C, 62940166
0x803F0F34, 3EA00139
0x803F0F3C, 62B5003F
0x803F0F44, 3EC00170
0x803F0F4C, 62D60144
0x803F0F34, 3EE0003E
0x803F0F3C, 62F70165
0x803F0F44, 3F000128
0x803F0F4C, 6318003F
0x803F0F34, 3F209800
0x803F0F3C, 63390401
0x803F0F44, 3F406901
0x803F0F4C, 635A3D00
0x803F0F34, 3F604001
0x803F0F3C, 637B6A01
0x803F0F44, 3F803E00
0x803F0F4C, 639C4001
0x803F0F34, 3FA06801
0x803F0F3C, 63BD3B00
0x803F0F44, 3FC04101
0x803F0F4C, 63DE6701
0x803F0F34, 3FE03C00
0x803F0F3C, 63FF4198
0x803F0F44, 0x60000000
0x803F0F4C, BE080000
0x803F0F34, 3D008033
0x803F0F3C, 61085700
0x803F0F44, 3E000004
0x803F0F4C, 62100179
0x803F0F34, 3E200147
0x803F0F3C, 62310046
0x803F0F44, 3E400171
0x803F0F4C, 62520148
0x803F0F34, 3E60001B
0x803F0F3C, 6273017A
0x803F0F44, 3E800146
0x803F0F4C, 62940047
0x803F0F34, 3EA00172
0x803F0F3C, 62B50145
0x803F0F44, 3EC00048
0x803F0F4C, 62D69800
0x803F0F34, 3EE00401
0x803F0F3C, 62F77A01
0x803F0F44, 3F004600
0x803F0F4C, 63184601
0x803F0F34, 3F207201
0x803F0F3C, 63394500
0x803F0F44, 3F401B01
0x803F0F4C, 635A7B01
0x803F0F34, 3F604A00
0x803F0F3C, 637B4701
0x803F0F44, 3F807301
0x803F0F4C, 639C4900
0x803F0F34, 3FA04898
0x803F0F3C, 63BD0004
0x803F0F44, 3FC0017B
0x803F0F4C, 63DE014A
0x803F0F34, 3FE00046
0x803F0F3C, 63FF0173
0x803F0F44, 0x60000000
0x803F0F4C, BE080000
0x803F0F34, 3D008033
0x803F0F3C, 61085740
0x803F0F44, 3E000149
0x803F0F4C, 6210001B
0x803F0F34, 3E20017C
0x803F0F3C, 6231014C
0x803F0F44, 3E400047
0x803F0F4C, 62520174
0x803F0F34, 3E60014B
0x803F0F3C, 62730048
0x803F0F44, 3E809800
0x803F0F4C, 62940401
0x803F0F34, 3EA07C01
0x803F0F3C, 62B54C00
0x803F0F44, 3EC04601
0x803F0F4C, 62D67401
0x803F0F34, 3EE04B00
0x803F0F3C, 62F71B01
0x803F0F44, 3F007D01
0x803F0F4C, 63184E00
0x803F0F34, 3F204701
0x803F0F3C, 63397501
0x803F0F44, 3F404D00
0x803F0F4C, 635A4898
0x803F0F34, 3F600004
0x803F0F3C, 637B003D
0x803F0F44, 3F80002D
0x803F0F4C, 639C0037
0x803F0F34, 3FA00041
0x803F0F3C, 63BD0025
0x803F0F44, 3FC00036
0x803F0F4C, 63DE0059
0x803F0F34, 3FE00045
0x803F0F3C, 63FF0018
0x803F0F44, 0x60000000
0x803F0F4C, BE080000
0x803F0F34, 3D008033
0x803F0F3C, 61085780
0x803F0F44, 3E00005C
0x803F0F4C, 62100048
0x803F0F34, 3E200035
0x803F0F3C, 62319800
0x803F0F44, 3E400400
0x803F0F4C, 62525B00
0x803F0F34, 3E604700
0x803F0F3C, 62733500
0x803F0F44, 3E805D00
0x803F0F4C, 62944900
0x803F0F34, 3EA03800
0x803F0F3C, 62B55200
0x803F0F44, 3EC03600
0x803F0F4C, 62D63600
0x803F0F34, 3EE04D00
0x803F0F3C, 62F73300
0x803F0F44, 3F003998
0x803F0F4C, 63180004
0x803F0F34, 3F20005D
0x803F0F3C, 63390049
0x803F0F44, 3F400038
0x803F0F4C, 635A005F
0x803F0F34, 3F60004B
0x803F0F3C, 637B003A
0x803F0F44, 3F80004D
0x803F0F4C, 639C0033
0x803F0F34, 3FA00039
0x803F0F3C, 63BD004C
0x803F0F44, 3FC00037
0x803F0F4C, 63DE003B
0x803F0F34, 3FE09800
0x803F0F3C, 63FF0400
0x803F0F44, 0x60000000
0x803F0F4C, BE080000
0x803F0F34, 3D008033
0x803F0F3C, 610857C0
0x803F0F44, 3E004100
0x803F0F4C, 62102500
0x803F0F34, 3E203600
0x803F0F3C, 62313C00
0x803F0F44, 3E402400
0x803F0F4C, 62523900
0x803F0F34, 3E605C00
0x803F0F3C, 62734800
0x803F0F44, 3E803500
0x803F0F4C, 62945E00
0x803F0F34, 3EA04A00
0x803F0F3C, 62B53898
0x803F0F44, 3EC00004
0x803F0F4C, 62D60204
0x803F0F34, 3EE001DA
0x803F0F3C, 62F70048
0x803F0F44, 3F000203
0x803F0F4C, 631801D8
0x803F0F34, 3F20005F
0x803F0F3C, 633901FB
0x803F0F44, 3F4001D7
0x803F0F4C, 635A005E
0x803F0F34, 3F6001FA
0x803F0F3C, 637B01D6
0x803F0F44, 3F80001A
0x803F0F4C, 639C9800
0x803F0F34, 3FA00400
0x803F0F3C, 63BD3C00
0x803F0F44, 3FC02400
0x803F0F4C, 63DE1A00
0x803F0F34, 3FE04100
0x803F0F3C, 63FF2500
0x803F0F44, 0x60000000
0x803F0F4C, BE080000
0x803F0F34, 3D008033
0x803F0F3C, 61085800
0x803F0F44, 3E001B00
0x803F0F4C, 62103F00
0x803F0F34, 3E202300
0x803F0F3C, 62311900
0x803F0F44, 3E404200
0x803F0F4C, 62522200
0x803F0F34, 3E601898
0x803F0F3C, 62730004
0x803F0F44, 3E800058
0x803F0F4C, 62940043
0x803F0F34, 3EA0003D
0x803F0F3C, 62B5004C
0x803F0F44, 3EC00037
0x803F0F4C, 62D6003B
0x803F0F34, 3EE00061
0x803F0F3C, 62F7004D
0x803F0F44, 3F00003C
0x803F0F4C, 6318005F
0x803F0F34, 3F20004B
0x803F0F3C, 6339003A
0x803F0F44, 3F409800
0x803F0F4C, 635A0400
0x803F0F34, 3F605700
0x803F0F3C, 637B3200
0x803F0F44, 3F803F00
0x803F0F4C, 639C5800
0x803F0F34, 3FA04300
0x803F0F3C, 63BD3F00
0x803F0F44, 3FC06200
0x803F0F4C, 63DE4E00
0x803F0F34, 3FE03E00
0x803F0F3C, 63FF6100
0x803F0F44, 0x60000000
0x803F0F4C, BE080000
0x803F0F34, 3D008033
0x803F0F3C, 61085840
0x803F0F44, 3E004D00
0x803F0F4C, 62103E98
0x803F0F34, 3E200004
0x803F0F3C, 62310041
0x803F0F44, 3E400025
0x803F0F4C, 6252001B
0x803F0F34, 3E60003D
0x803F0F3C, 6273002D
0x803F0F44, 3E80001A
0x803F0F4C, 62940042
0x803F0F34, 3EA00022
0x803F0F3C, 62B50018
0x803F0F44, 3EC0003E
0x803F0F4C, 62D6002C
0x803F0F34, 3EE00019
0x803F0F3C, 62F79800
0x803F0F44, 3F000400
0x803F0F4C, 63184900
0x803F0F34, 3F203900
0x803F0F3C, 63392700
0x803F0F44, 3F404B00
0x803F0F4C, 635A4100
0x803F0F34, 3F602600
0x803F0F3C, 637B5600
0x803F0F44, 3F804200
0x803F0F4C, 639C2800
0x803F0F34, 3FA04600
0x803F0F3C, 63BD3100
0x803F0F44, 3FC01998
0x803F0F4C, 63DE0004
0x803F0F34, 3FE00038
0x803F0F3C, 63FF0028
0x803F0F44, 0x60000000
0x803F0F4C, BE080000
0x803F0F34, 3D008033
0x803F0F3C, 61085880
0x803F0F44, 3E000027
0x803F0F4C, 62100045
0x803F0F34, 3E200030
0x803F0F3C, 62310028
0x803F0F44, 3E40003A
0x803F0F4C, 6252002F
0x803F0F34, 3E600026
0x803F0F3C, 62730057
0x803F0F44, 3E800032
0x803F0F4C, 62940018
0x803F0F34, 3EA09800
0x803F0F3C, 62B50401
0x803F0F44, 3EC0ED01
0x803F0F4C, 62D6C500
0x803F0F34, 3EE06101
0x803F0F3C, 62F7EF01
0x803F0F44, 3F00D100
0x803F0F4C, 63186201
0x803F0F34, 3F20F701
0x803F0F3C, 6339C900
0x803F0F44, 3F406001
0x803F0F4C, 635AF801
0x803F0F34, 3F60CD00
0x803F0F3C, 637B6A98
0x803F0F44, 3F800004
0x803F0F4C, 639C01DD
0x803F0F34, 3FA001C1
0x803F0F3C, 63BD005C
0x803F0F44, 3FC001ED
0x803F0F4C, 63DE01C5
0x803F0F34, 3FE00061
0x803F0F3C, 63FF01F6
0x803F0F44, 0x60000000
0x803F0F4C, BE080000
0x803F0F34, 3D008033
0x803F0F3C, 610858C0
0x803F0F44, 3E0001C8
0x803F0F4C, 62100067
0x803F0F34, 3E2001F7
0x803F0F3C, 623101C9
0x803F0F44, 3E400060
0x803F0F4C, 62529800
0x803F0F34, 3E600401
0x803F0F3C, 6273E001
0x803F0F44, 3E80C000
0x803F0F4C, 62942101
0x803F0F34, 3EA0E401
0x803F0F3C, 62B5C300
0x803F0F44, 3EC06901
0x803F0F4C, 62D6F301
0x803F0F34, 3EE0C700
0x803F0F3C, 62F71B01
0x803F0F44, 3F00F401
0x803F0F4C, 6318BC00
0x803F0F34, 3F202098
0x803F0F3C, 63390004
0x803F0F44, 3F40003C
0x803F0F4C, 635A0024
0x803F0F34, 3F600019
0x803F0F3C, 637B003F
0x803F0F44, 3F800023
0x803F0F4C, 639C001C
0x803F0F34, 3FA0003B
0x803F0F3C, 63BD0026
0x803F0F44, 3FC0001D
0x803F0F4C, 63DE0040
0x803F0F34, 3FE00044
0x803F0F3C, 63FF001B
0x803F0F44, 0x60000000
0x803F0F4C, BE080000
0x803F0F34, 3D008033
0x803F0F3C, 61085900
0x803F0F44, 3E009800
0x803F0F4C, 62100402
0x803F0F34, 3E200101
0x803F0F3C, 6231B000
0x803F0F44, 3E402102
0x803F0F4C, 62520D01
0x803F0F34, 3E60B100
0x803F0F3C, 62731B01
0x803F0F44, 3E80DE01
0x803F0F4C, 6294B200
0x803F0F34, 3EA05902
0x803F0F3C, 62B50E01
0x803F0F44, 3EC0C600
0x803F0F4C, 62D65C98
0x803F0F34, 3EE00004
0x803F0F3C, 62F70051
0x803F0F44, 3F00003C
0x803F0F4C, 6318001B
0x803F0F34, 3F200050
0x803F0F3C, 63390034
0x803F0F44, 3F40001C
0x803F0F4C, 635A004C
0x803F0F34, 3F600037
0x803F0F3C, 637B001D
0x803F0F44, 3F80004D
0x803F0F4C, 639C0033
0x803F0F34, 3FA00019
0x803F0F3C, 63BD9800
0x803F0F44, 3FC00400
0x803F0F4C, 63DEC800
0x803F0F34, 3FE0B500
0x803F0F3C, 63FF5400
0x803F0F44, 0x60000000
0x803F0F4C, BE080000
0x803F0F34, 3D008033
0x803F0F3C, 61085940
0x803F0F44, 3E00CE00
0x803F0F4C, 6210B400
0x803F0F34, 3E205200
0x803F0F3C, 6231CD00
0x803F0F44, 3E40B900
0x803F0F4C, 62525800
0x803F0F34, 3E60CC00
0x803F0F3C, 6273B800
0x803F0F44, 3E805798
0x803F0F4C, 62940004
0x803F0F34, 3EA000D2
0x803F0F3C, 62B500CC
0x803F0F44, 3EC0005C
0x803F0F4C, 62D600E0
0x803F0F34, 3EE000C2
0x803F0F3C, 62F70061
0x803F0F44, 3F0000E5
0x803F0F4C, 631800D1
0x803F0F34, 3F200067
0x803F0F3C, 633900E6
0x803F0F44, 3F4000C6
0x803F0F4C, 635A0060
0x803F0F34, 3F609800
0x803F0F3C, 637B0401
0x803F0F44, 3F800000
0x803F0F4C, 639CD000
0x803F0F34, 3FA01B00
0x803F0F3C, 63BDD000
0x803F0F44, 3FC0BC00
0x803F0F4C, 63DE2100
0x803F0F34, 3FE0DF00
0x803F0F3C, 63FFCF00
0x803F0F44, 0x60000000
0x803F0F4C, BE080000
0x803F0F34, 3D008033
0x803F0F3C, 61085980
0x803F0F44, 3E005C00
0x803F0F4C, 6210CF00
0x803F0F34, 3E20CB00
0x803F0F3C, 62315998
0x803F0F44, 3E400004
0x803F0F4C, 62520114
0x803F0F34, 3E6000FB
0x803F0F3C, 62730003
0x803F0F44, 3E80013B
0x803F0F4C, 629400F6
0x803F0F34, 3EA00001
0x803F0F3C, 62B5013C
0x803F0F44, 3EC000F5
0x803F0F4C, 62D60001
0x803F0F34, 3EE0011D
0x803F0F3C, 62F700F8
0x803F0F44, 3F000000
0x803F0F4C, 63189800
0x803F0F34, 3F200401
0x803F0F3C, 63394201
0x803F0F44, 3F400E00
0x803F0F4C, 635A1001
0x803F0F34, 3F601C00
0x803F0F3C, 637BF700
0x803F0F44, 3F800001
0x803F0F4C, 639C3B00
0x803F0F34, 3FA0F600
0x803F0F3C, 63BD0101
0x803F0F44, 3FC01D00
0x803F0F4C, 63DEF800
0x803F0F34, 3FE00098
0x803F0F3C, 63FF0004
0x803F0F44, 0x60000000
0x803F0F4C, BE080000
0x803F0F34, 3D008033
0x803F0F3C, 610859C0
0x803F0F44, 3E000211
0x803F0F4C, 621001E0
0x803F0F34, 3E200073
0x803F0F3C, 62310204
0x803F0F44, 3E4001DA
0x803F0F4C, 62520048
0x803F0F34, 3E6001FC
0x803F0F3C, 627301D9
0x803F0F44, 3E800056
0x803F0F4C, 629401FB
0x803F0F34, 3EA001D7
0x803F0F3C, 62B5005E
0x803F0F44, 3EC09800
0x803F0F4C, 62D60401
0x803F0F34, 3EE0DD01
0x803F0F3C, 62F7C100
0x803F0F44, 3F005901
0x803F0F4C, 6318DE01
0x803F0F34, 3F20B200
0x803F0F3C, 63392101
0x803F0F44, 3F40ED01
0x803F0F4C, 635AC500
0x803F0F34, 3F605C02
0x803F0F3C, 637B0E01
0x803F0F44, 3F80C600
0x803F0F4C, 639C1B98
0x803F0F34, 3FA00004
0x803F0F3C, 63BD0012
0x803F0F44, 3FC00018
0x803F0F4C, 63DE0009
0x803F0F34, 3FE00035
0x803F0F3C, 63FF0014
0x803F0F44, 0x60000000
0x803F0F4C, BE080000
0x803F0F34, 3D008033
0x803F0F3C, 61085A00
0x803F0F44, 3E000010
0x803F0F4C, 62100030
0x803F0F34, 3E200019
0x803F0F3C, 62310012
0x803F0F44, 3E400033
0x803F0F4C, 6252001F
0x803F0F34, 3E600011
0x803F0F3C, 62739800
0x803F0F44, 3E800402
0x803F0F4C, 62940B01
0x803F0F34, 3EA0B900
0x803F0F3C, 62B51B01
0x803F0F44, 3EC0DF01
0x803F0F4C, 62D6C400
0x803F0F34, 3EE02101
0x803F0F3C, 62F7EE01
0x803F0F44, 3F00B700
0x803F0F4C, 63185C01
0x803F0F34, 3F20E001
0x803F0F3C, 6339C000
0x803F0F44, 3F405998
0x803F0F4C, 635A0004
0x803F0F34, 3F600005
0x803F0F3C, 637B0005
0x803F0F44, 3F800002
0x803F0F4C, 639C0011
0x803F0F34, 3FA0000D
0x803F0F3C, 63BD0009
0x803F0F44, 3FC00034
0x803F0F4C, 63DE0016
0x803F0F34, 3FE00010
0x803F0F3C, 63FF0032
0x803F0F44, 0x60000000
0x803F0F4C, BE080000
0x803F0F34, 3D008033
0x803F0F3C, 61085A40
0x803F0F44, 3E000015
0x803F0F4C, 62100011
0x803F0F34, 3E209800
0x803F0F3C, 62310402
0x803F0F44, 3E400101
0x803F0F4C, 6252B000
0x803F0F34, 3E607102
0x803F0F3C, 62730501
0x803F0F44, 3E80DC00
0x803F0F4C, 62947101
0x803F0F34, 3EA0F901
0x803F0F3C, 62B5D300
0x803F0F44, 3EC07202
0x803F0F4C, 62D60001
0x803F0F34, 3EE0DB00
0x803F0F3C, 62F77298
0x803F0F44, 3F000004
0x803F0F4C, 631801C2
0x803F0F34, 3F200195
0x803F0F3C, 63390053
0x803F0F44, 3F4001C7
0x803F0F4C, 635A0194
0x803F0F34, 3F600052
0x803F0F3C, 637B01C3
0x803F0F44, 3F800197
0x803F0F4C, 639C0055
0x803F0F34, 3FA001C4
0x803F0F3C, 63BD0198
0x803F0F44, 3FC00056
0x803F0F4C, 63DE9800
0x803F0F34, 3FE00401
0x803F0F3C, 63FF5701
0x803F0F44, 0x60000000
0x803F0F4C, BE080000
0x803F0F34, 3D008033
0x803F0F3C, 61085A80
0x803F0F44, 3E002F00
0x803F0F4C, 62102701
0x803F0F34, 3E206401
0x803F0F3C, 62313800
0x803F0F44, 3E402801
0x803F0F4C, 62525901
0x803F0F34, 3E603700
0x803F0F3C, 62732601
0x803F0F44, 3E805401
0x803F0F4C, 62942700
0x803F0F34, 3EA01998
0x803F0F3C, 62B50004
0x803F0F44, 3EC000F7
0x803F0F4C, 62D600E6
0x803F0F34, 3EE00021
0x803F0F3C, 62F700FC
0x803F0F44, 3F0000BF
0x803F0F4C, 6318001B
0x803F0F34, 3F2000D1
0x803F0F3C, 633900CE
0x803F0F44, 3F400059
0x803F0F4C, 635A00FD
0x803F0F34, 3F6000C3
0x803F0F3C, 637B005C
0x803F0F44, 3F809800
0x803F0F4C, 639C0400
0x803F0F34, 3FA0D200
0x803F0F3C, 63BDCC00
0x803F0F44, 3FC05900
0x803F0F4C, 63DED100
0x803F0F34, 3FE0CE00
0x803F0F3C, 63FF2100
0x803F0F44, 0x60000000
0x803F0F4C, BE080000
0x803F0F34, 3D008033
0x803F0F3C, 61085AC0
0x803F0F44, 3E00E000
0x803F0F4C, 6210C200
0x803F0F34, 3E205C00
0x803F0F3C, 6231FD00
0x803F0F44, 3E40C300
0x803F0F4C, 62521B98
0x803F0F34, 3E600004
0x803F0F3C, 62730102
0x803F0F44, 3E8000E8
0x803F0F4C, 62940073
0x803F0F34, 3EA000FA
0x803F0F3C, 62B500C9
0x803F0F44, 3EC00048
0x803F0F4C, 62D600EF
0x803F0F34, 3EE000C8
0x803F0F3C, 62F70056
0x803F0F44, 3F0000F0
0x803F0F4C, 631800C4
0x803F0F34, 3F20005E
0x803F0F3C, 63399800
0x803F0F44, 3F400401
0x803F0F4C, 635AC901
0x803F0F34, 3F609C00
0x803F0F3C, 637B5301
0x803F0F44, 3F80CE01
0x803F0F4C, 639C9B00
0x803F0F34, 3FA05201
0x803F0F3C, 63BDCA01
0x803F0F44, 3FC09E00
0x803F0F4C, 63DE5501
0x803F0F34, 3FE0CB01
0x803F0F3C, 63FF9F00
0x803F0F44, 0x60000000
0x803F0F4C, BE080000
0x803F0F34, 3D008033
0x803F0F3C, 61085B00
0x803F0F44, 3E005698
0x803F0F4C, 62100004
0x803F0F34, 3E200083
0x803F0F3C, 6231006C
0x803F0F44, 3E40004D
0x803F0F4C, 62520080
0x803F0F34, 3E600067
0x803F0F3C, 6273004A
0x803F0F44, 3E80008E
0x803F0F4C, 6294006B
0x803F0F34, 3EA0004D
0x803F0F3C, 62B50082
0x803F0F44, 3EC0006A
0x803F0F4C, 62D6004C
0x803F0F34, 3EE09800
0x803F0F3C, 62F70401
0x803F0F44, 3F00D001
0x803F0F4C, 6318A300
0x803F0F34, 3F205301
0x803F0F3C, 6339D501
0x803F0F44, 3F40A200
0x803F0F4C, 635A5201
0x803F0F34, 3F60D101
0x803F0F3C, 637BA500
0x803F0F44, 3F805501
0x803F0F4C, 639CD201
0x803F0F34, 3FA0A600
0x803F0F3C, 63BD5698
0x803F0F44, 3FC00004
0x803F0F4C, 63DE007C
0x803F0F34, 3FE0006E
0x803F0F3C, 63FF004D
0x803F0F44, 0x60000000
0x803F0F4C, BE080000
0x803F0F34, 3D008033
0x803F0F3C, 61085B40
0x803F0F44, 3E000080
0x803F0F4C, 62100067
0x803F0F34, 3E20004A
0x803F0F3C, 62310084
0x803F0F44, 3E40006D
0x803F0F4C, 6252004D
0x803F0F34, 3E600083
0x803F0F3C, 6273006C
0x803F0F44, 3E80004D
0x803F0F4C, 62949800
0x803F0F34, 3EA00400
0x803F0F3C, 62B57D00
0x803F0F44, 3EC07700
0x803F0F4C, 62D64C00
0x803F0F34, 3EE08000
0x803F0F3C, 62F76700
0x803F0F44, 3F004A00
0x803F0F4C, 63188D00
0x803F0F34, 3F207600
0x803F0F3C, 63394D00
0x803F0F44, 3F407C00
0x803F0F4C, 635A6E00
0x803F0F34, 3F604D98
0x803F0F3C, 637B0004
0x803F0F44, 3F800192
0x803F0F4C, 639C0163
0x803F0F34, 3FA0004E
0x803F0F3C, 63BD018A
0x803F0F44, 3FC00164
0x803F0F4C, 63DE0051
0x803F0F34, 3FE00197
0x803F0F3C, 63FF016E
0x803F0F44, 0x60000000
0x803F0F4C, BE080000
0x803F0F34, 3D008033
0x803F0F3C, 61085B80
0x803F0F44, 3E00004F
0x803F0F4C, 62100198
0x803F0F34, 3E20016B
0x803F0F3C, 62310049
0x803F0F44, 3E409800
0x803F0F4C, 62520401
0x803F0F34, 3E605B01
0x803F0F3C, 62732B00
0x803F0F44, 3E801901
0x803F0F4C, 62945E01
0x803F0F34, 3EA02A00
0x803F0F3C, 62B51C01
0x803F0F44, 3EC05A01
0x803F0F4C, 62D62D00
0x803F0F34, 3EE01D01
0x803F0F3C, 62F75F01
0x803F0F44, 3F003200
0x803F0F4C, 63181B98
0x803F0F34, 3F200004
0x803F0F3C, 6339018B
0x803F0F44, 3F40016D
0x803F0F4C, 635A004C
0x803F0F34, 3F60018E
0x803F0F3C, 637B015E
0x803F0F44, 3F80004A
0x803F0F4C, 639C018C
0x803F0F34, 3FA0016A
0x803F0F3C, 63BD004B
0x803F0F44, 3FC0018D
0x803F0F4C, 63DE015D
0x803F0F34, 3FE0004B
0x803F0F3C, 63FF9800
0x803F0F44, 0x60000000
0x803F0F4C, BE080000
0x803F0F34, 3D008033
0x803F0F3C, 61085BC0
0x803F0F44, 3E000401
0x803F0F4C, 62108D01
0x803F0F34, 3E205D00
0x803F0F3C, 62314B01
0x803F0F44, 3E408E01
0x803F0F4C, 62525E00
0x803F0F34, 3E604A01
0x803F0F3C, 62738F01
0x803F0F44, 3E805F00
0x803F0F4C, 62944B01
0x803F0F34, 3EA09001
0x803F0F3C, 62B56000
0x803F0F44, 3EC04C98
0x803F0F4C, 62D60004
0x803F0F34, 3EE00190
0x803F0F3C, 62F70160
0x803F0F44, 3F00004C
0x803F0F4C, 6318018E
0x803F0F34, 3F20015E
0x803F0F3C, 6339004A
0x803F0F44, 3F40019C
0x803F0F4C, 635A0161
0x803F0F34, 3F60004D
0x803F0F3C, 637B0191
0x803F0F44, 3F800162
0x803F0F4C, 639C004D
0x803F0F34, 3FA09800
0x803F0F3C, 63BD0401
0x803F0F44, 3FC04A01
0x803F0F4C, 63DE1800
0x803F0F34, 3FE01901
0x803F0F3C, 63FF4901
0x803F0F44, 0x60000000
0x803F0F4C, BE080000
0x803F0F34, 3D008033
0x803F0F3C, 61085C00
0x803F0F44, 3E001C00
0x803F0F4C, 62101D01
0x803F0F34, 3E204D01
0x803F0F3C, 62311900
0x803F0F44, 3E401C01
0x803F0F4C, 62524E01
0x803F0F34, 3E603A00
0x803F0F3C, 62731B98
0x803F0F44, 3E800004
0x803F0F4C, 62940084
0x803F0F34, 3EA0006D
0x803F0F3C, 62B5004E
0x803F0F44, 3EC00083
0x803F0F4C, 62D6006C
0x803F0F34, 3EE00051
0x803F0F3C, 62F70086
0x803F0F44, 3F000073
0x803F0F4C, 6318004F
0x803F0F34, 3F200087
0x803F0F3C, 63390072
0x803F0F44, 3F400049
0x803F0F4C, 635A9800
0x803F0F34, 3F600400
0x803F0F3C, 637BFD00
0x803F0F44, 3F80C300
0x803F0F4C, 639C5C00
0x803F0F34, 3FA0FC00
0x803F0F3C, 63BDBF00
0x803F0F44, 3FC01B00
0x803F0F4C, 63DED500
0x803F0F34, 3FE0C100
0x803F0F3C, 63FF5B00
0x803F0F44, 0x60000000
0x803F0F4C, BE080000
0x803F0F34, 3D008033
0x803F0F3C, 61085C40
0x803F0F44, 3E00F800
0x803F0F4C, 6210BE00
0x803F0F34, 3E205A98
0x803F0F3C, 62310004
0x803F0F44, 3E4000D0
0x803F0F4C, 625200BC
0x803F0F34, 3E600070
0x803F0F3C, 627300F3
0x803F0F44, 3E8000BB
0x803F0F4C, 62940066
0x803F0F34, 3EA000D1
0x803F0F3C, 62B500CE
0x803F0F44, 3EC00070
0x803F0F4C, 62D600F7
0x803F0F34, 3EE000E6
0x803F0F3C, 62F70066
0x803F0F44, 3F009800
0x803F0F4C, 63180400
0x803F0F34, 3F20F200
0x803F0F3C, 6339E500
0x803F0F44, 3F407200
0x803F0F4C, 635AF700
0x803F0F34, 3F60E600
0x803F0F3C, 637B7100
0x803F0F44, 3F80EB00
0x803F0F4C, 639CDE00
0x803F0F34, 3FA07200
0x803F0F3C, 63BDF300
0x803F0F44, 3FC0BB00
0x803F0F4C, 63DE7198
0x803F0F34, 3FE00004
0x803F0F3C, 63FF0202
0x803F0F44, 0x60000000
0x803F0F4C, BE080000
0x803F0F34, 3D008033
0x803F0F3C, 61085C80
0x803F0F44, 3E0001D5
0x803F0F4C, 6210005B
0x803F0F34, 3E20020D
0x803F0F3C, 623101B1
0x803F0F44, 3E40005C
0x803F0F4C, 625201FA
0x803F0F34, 3E6001D6
0x803F0F3C, 6273005A
0x803F0F44, 3E80020C
0x803F0F4C, 629401D4
0x803F0F34, 3EA0001B
0x803F0F3C, 62B59800
0x803F0F44, 3EC00400
0x803F0F4C, 62D64700
0x803F0F34, 3EE03D00
0x803F0F3C, 62F72D00
0x803F0F44, 3F003600
0x803F0F4C, 63182B00
0x803F0F34, 3F202D00
0x803F0F3C, 63395400
0x803F0F44, 3F404000
0x803F0F4C, 635A2C00
0x803F0F34, 3F604300
0x803F0F3C, 637B2E00
0x803F0F44, 3F802C98
0x803F0F4C, 639C0004
0x803F0F34, 3FA00054
0x803F0F3C, 63BD0040
0x803F0F44, 3FC0002F
0x803F0F4C, 63DE0043
0x803F0F34, 3FE0002E
0x803F0F3C, 63FF002F
0x803F0F44, 0x60000000
0x803F0F4C, BE080000
0x803F0F34, 3D008033
0x803F0F3C, 61085CC0
0x803F0F44, 3E00004F
0x803F0F4C, 6210003E
0x803F0F34, 3E20002E
0x803F0F3C, 6231003E
0x803F0F44, 3E40002C
0x803F0F4C, 6252002E
0x803F0F34, 3E609800
0x803F0F3C, 62730402
0x803F0F44, 3E800501
0x803F0F4C, 6294DC00
0x803F0F34, 3EA05902
0x803F0F3C, 62B50A01
0x803F0F44, 3EC0B300
0x803F0F4C, 62D65C02
0x803F0F34, 3EE00001
0x803F0F3C, 62F7DB00
0x803F0F44, 3F002102
0x803F0F4C, 63180901
0x803F0F34, 3F20B600
0x803F0F3C, 63391B98
0x803F0F44, 3F400004
0x803F0F4C, 635A017D
0x803F0F34, 3F60014E
0x803F0F3C, 637B0046
0x803F0F44, 3F800175
0x803F0F4C, 639C014D
0x803F0F34, 3FA0001B
0x803F0F3C, 63BD017E
0x803F0F44, 3FC00150
0x803F0F4C, 63DE0047
0x803F0F34, 3FE00176
0x803F0F3C, 63FF014F
0x803F0F44, 0x60000000
0x803F0F4C, BE080000
0x803F0F34, 3D008033
0x803F0F3C, 61085D00
0x803F0F44, 3E000048
0x803F0F4C, 62109800
0x803F0F34, 3E200401
0x803F0F3C, 62310400
0x803F0F44, 3E40E900
0x803F0F4C, 62528101
0x803F0F34, 3E600900
0x803F0F3C, 6273F000
0x803F0F44, 3E807D01
0x803F0F4C, 62940500
0x803F0F34, 3EA0EB00
0x803F0F3C, 62B58101
0x803F0F44, 3EC00700
0x803F0F4C, 62D6ED00
0x803F0F34, 3EE07D98
0x803F0F3C, 62F70004
0x803F0F44, 3F000105
0x803F0F4C, 631800EB
0x803F0F34, 3F20005C
0x803F0F3C, 63390107
0x803F0F44, 3F4000ED
0x803F0F4C, 635A0074
0x803F0F34, 3F600103
0x803F0F3C, 637B00EA
0x803F0F44, 3F800059
0x803F0F4C, 639C00EE
0x803F0F34, 3FA000E3
0x803F0F3C, 63BD0077
0x803F0F44, 3FC09800
0x803F0F4C, 63DE0400
0x803F0F34, 3FE06100
0x803F0F3C, 63FF4D00
0x803F0F44, 0x60000000
0x803F0F4C, BE080000
0x803F0F34, 3D008033
0x803F0F3C, 61085D40
0x803F0F44, 3E004500
0x803F0F4C, 62105F00
0x803F0F34, 3E204B00
0x803F0F3C, 62314400
0x803F0F44, 3E406200
0x803F0F4C, 62524E00
0x803F0F34, 3E604500
0x803F0F3C, 62736000
0x803F0F44, 3E804C00
0x803F0F4C, 62944498
0x803F0F34, 3EA00004
0x803F0F3C, 62B50106
0x803F0F44, 3EC000EE
0x803F0F4C, 62D6007E
0x803F0F34, 3EE00107
0x803F0F3C, 62F700ED
0x803F0F44, 3F00007D
0x803F0F4C, 63180108
0x803F0F34, 3F2000EF
0x803F0F3C, 6339007E
0x803F0F44, 3F400109
0x803F0F4C, 635A00F0
0x803F0F34, 3F60007D
0x803F0F3C, 637B9800
0x803F0F44, 3F800401
0x803F0F4C, 639C0A00
0x803F0F34, 3FA0F100
0x803F0F3C, 63BD7F01
0x803F0F44, 3FC00600
0x803F0F4C, 63DEEE00
0x803F0F34, 3FE07E01
0x803F0F3C, 63FF0B00
0x803F0F44, 0x60000000
0x803F0F4C, BE080000
0x803F0F34, 3D008033
0x803F0F3C, 61085D80
0x803F0F44, 3E00F200
0x803F0F4C, 62107F01
0x803F0F34, 3E200800
0x803F0F3C, 6231EF00
0x803F0F44, 3E407E98
0x803F0F4C, 62520004
0x803F0F34, 3E600045
0x803F0F3C, 62730030
0x803F0F44, 3E800028
0x803F0F4C, 62940046
0x803F0F34, 3EA00031
0x803F0F3C, 62B50019
0x803F0F44, 3EC00057
0x803F0F4C, 62D60032
0x803F0F34, 3EE00018
0x803F0F3C, 62F70058
0x803F0F44, 3F000043
0x803F0F4C, 63180018
0x803F0F34, 3F209800
0x803F0F3C, 63390401
0x803F0F44, 3F400C00
0x803F0F4C, 635AF300
0x803F0F34, 3F608001
0x803F0F3C, 637B0A00
0x803F0F44, 3F80F100
0x803F0F4C, 639C7F01
0x803F0F34, 3FA00D00
0x803F0F3C, 63BDF400
0x803F0F44, 3FC08001
0x803F0F4C, 63DE0B00
0x803F0F34, 3FE0F200
0x803F0F3C, 63FF7F98
0x803F0F44, 0x60000000
0x803F0F4C, BE080000
0x803F0F34, 3D008033
0x803F0F3C, 61085DC0
0x803F0F44, 3E000004
0x803F0F4C, 62100074
0x803F0F34, 3E200065
0x803F0F3C, 6231001A
0x803F0F44, 3E400069
0x803F0F4C, 6252005C
0x803F0F34, 3E60001B
0x803F0F3C, 62730075
0x803F0F44, 3E800066
0x803F0F4C, 62940049
0x803F0F34, 3EA0006A
0x803F0F3C, 62B5005E
0x803F0F44, 3EC00048
0x803F0F4C, 62D69800
0x803F0F34, 3EE00400
0x803F0F3C, 62F7EF00
0x803F0F44, 3F00C800
0x803F0F4C, 63187701
0x803F0F34, 3F200900
0x803F0F3C, 6339F000
0x803F0F44, 3F407401
0x803F0F4C, 635A0200
0x803F0F34, 3F60E800
0x803F0F3C, 637B5901
0x803F0F44, 3F800400
0x803F0F4C, 639CE900
0x803F0F34, 3FA05C98
0x803F0F3C, 63BD0004
0x803F0F44, 3FC0003E
0x803F0F4C, 63DE002C
0x803F0F34, 3FE0001A
0x803F0F3C, 63FF0043
0x803F0F44, 0x60000000
0x803F0F4C, BE080000
0x803F0F34, 3D008033
0x803F0F3C, 61085E00
0x803F0F44, 3E00002E
0x803F0F4C, 62100024
0x803F0F34, 3E200042
0x803F0F3C, 62310022
0x803F0F44, 3E40001B
0x803F0F4C, 62520039
0x803F0F34, 3E60002A
0x803F0F3C, 62730018
0x803F0F44, 3E809800
0x803F0F4C, 62940401
0x803F0F34, 3EA05B01
0x803F0F3C, 62B52B00
0x803F0F44, 3EC01A01
0x803F0F4C, 62D66001
0x803F0F34, 3EE02C00
0x803F0F3C, 62F71B01
0x803F0F44, 3F005E01
0x803F0F4C, 63182A00
0x803F0F34, 3F201901
0x803F0F3C, 63396101
0x803F0F44, 3F402900
0x803F0F4C, 635A1898
0x803F0F34, 3F600004
0x803F0F3C, 637B0160
0x803F0F44, 3F80012C
0x803F0F4C, 639C001B
0x803F0F34, 3FA0015C
0x803F0F3C, 63BD0135
0x803F0F44, 3FC0001A
0x803F0F4C, 63DE0161
0x803F0F34, 3FE00129
0x803F0F3C, 63FF0018
0x803F0F44, 0x60000000
0x803F0F4C, BE080000
0x803F0F34, 3D008033
0x803F0F3C, 61085E40
0x803F0F44, 3E00015D
0x803F0F4C, 62100134
0x803F0F34, 3E200019
0x803F0F3C, 62319800
0x803F0F44, 3E400401
0x803F0F4C, 62525D01
0x803F0F34, 3E603400
0x803F0F3C, 62731A01
0x803F0F44, 3E806201
0x803F0F4C, 62943600
0x803F0F34, 3EA02401
0x803F0F3C, 62B56101
0x803F0F44, 3EC02900
0x803F0F4C, 62D61B01
0x803F0F34, 3EE05801
0x803F0F3C, 62F73100
0x803F0F44, 3F001898
0x803F0F4C, 63180004
0x803F0F34, 3F2001E0
0x803F0F3C, 633901C0
0x803F0F44, 3F400065
0x803F0F4C, 635A01DF
0x803F0F34, 3F6001C4
0x803F0F3C, 637B0066
0x803F0F44, 3F8001DD
0x803F0F4C, 639C01C1
0x803F0F34, 3FA00065
0x803F0F3C, 63BD01DE
0x803F0F44, 3FC001B2
0x803F0F4C, 63DE0066
0x803F0F34, 3FE09800
0x803F0F3C, 63FF0401
0x803F0F44, 0x60000000
0x803F0F4C, BE080000
0x803F0F34, 3D008033
0x803F0F3C, 61085E80
0x803F0F44, 3E005601
0x803F0F4C, 62102E00
0x803F0F34, 3E202A01
0x803F0F3C, 62315501
0x803F0F44, 3E403300
0x803F0F4C, 62522B01
0x803F0F34, 3E604501
0x803F0F3C, 62731F00
0x803F0F44, 3E802A01
0x803F0F4C, 62944401
0x803F0F34, 3EA02100
0x803F0F3C, 62B52B98
0x803F0F44, 3EC00004
0x803F0F4C, 62D60151
0x803F0F34, 3EE00124
0x803F0F3C, 62F7002C
0x803F0F44, 3F000144
0x803F0F4C, 63180121
0x803F0F34, 3F20002D
0x803F0F3C, 63390162
0x803F0F44, 3F400136
0x803F0F4C, 635A002C
0x803F0F34, 3F600155
0x803F0F3C, 637B0133
0x803F0F44, 3F80002D
0x803F0F4C, 639C9800
0x803F0F34, 3FA00401
0x803F0F3C, 63BD4C01
0x803F0F44, 3FC02200
0x803F0F4C, 63DE2E01
0x803F0F34, 3FE05101
0x803F0F3C, 63FF2400
0x803F0F44, 0x60000000
0x803F0F4C, BE080000
0x803F0F34, 3D008033
0x803F0F3C, 61085EC0
0x803F0F44, 3E002F01
0x803F0F4C, 62105D01
0x803F0F34, 3E203400
0x803F0F3C, 62312E01
0x803F0F44, 3E406201
0x803F0F4C, 62523600
0x803F0F34, 3E602F98
0x803F0F3C, 62730004
0x803F0F44, 3E80015D
0x803F0F4C, 62940134
0x803F0F34, 3EA00031
0x803F0F3C, 62B5015C
0x803F0F44, 3EC00135
0x803F0F4C, 62D60030
0x803F0F34, 3EE0014C
0x803F0F3C, 62F70122
0x803F0F44, 3F000031
0x803F0F4C, 6318014B
0x803F0F34, 3F200123
0x803F0F3C, 63390030
0x803F0F44, 3F409800
0x803F0F4C, 635A0401
0x803F0F34, 3F60E101
0x803F0F3C, 637BC200
0x803F0F44, 3F806301
0x803F0F4C, 639CE401
0x803F0F34, 3FA0C300
0x803F0F3C, 63BD6301
0x803F0F44, 3FC0DD01
0x803F0F4C, 63DEC100
0x803F0F34, 3FE06401
0x803F0F3C, 63FFE001
0x803F0F44, 0x60000000
0x803F0F4C, BE080000
0x803F0F34, 3D008033
0x803F0F3C, 61085F00
0x803F0F44, 3E00C000
0x803F0F4C, 62106498
0x803F0F34, 3E200004
0x803F0F3C, 62310144
0x803F0F44, 3E400121
0x803F0F4C, 62520019
0x803F0F34, 3E600151
0x803F0F3C, 62730124
0x803F0F44, 3E800024
0x803F0F4C, 62940147
0x803F0F34, 3EA00120
0x803F0F3C, 62B50018
0x803F0F44, 3EC00150
0x803F0F4C, 62D6011A
0x803F0F34, 3EE0001B
0x803F0F3C, 62F79800
0x803F0F44, 3F000401
0x803F0F4C, 6318FF01
0x803F0F34, 3F20B500
0x803F0F3C, 63395A02
0x803F0F44, 3F400901
0x803F0F4C, 635AB600
0x803F0F34, 3F601B02
0x803F0F3C, 637B0601
0x803F0F44, 3F80B400
0x803F0F4C, 639C5B02
0x803F0F34, 3FA00A01
0x803F0F3C, 63BDB300
0x803F0F44, 3FC05C98
0x803F0F4C, 63DE0004
0x803F0F34, 3FE00120
0x803F0F3C, 63FF010F
0x803F0F44, 0x60000000
0x803F0F4C, BE080000
0x803F0F34, 3D008033
0x803F0F3C, 61085F40
0x803F0F44, 3E000009
0x803F0F4C, 62100137
0x803F0F34, 3E200101
0x803F0F3C, 62310008
0x803F0F44, 3E40013E
0x803F0F4C, 62520110
0x803F0F34, 3E600012
0x803F0F3C, 6273011E
0x803F0F44, 3E800116
0x803F0F4C, 62940016
0x803F0F34, 3EA09800
0x803F0F3C, 62B50401
0x803F0F44, 3EC01500
0x803F0F4C, 62D6FA00
0x803F0F34, 3EE00201
0x803F0F3C, 62F71300
0x803F0F44, 3F00F900
0x803F0F4C, 63180201
0x803F0F34, 3F203901
0x803F0F3C, 63390200
0x803F0F44, 3F400701
0x803F0F4C, 635A3A01
0x803F0F34, 3F600300
0x803F0F3C, 637B0698
0x803F0F44, 3F800004
0x803F0F4C, 639C0113
0x803F0F34, 3FA000F9
0x803F0F3C, 63BD0002
0x803F0F44, 3FC0011F
0x803F0F4C, 63DE0104
0x803F0F34, 3FE00009
0x803F0F3C, 63FF013A
0x803F0F44, 0x60000000
0x803F0F4C, BE080000
0x803F0F34, 3D008033
0x803F0F3C, 61085F80
0x803F0F44, 3E000103
0x803F0F4C, 62100006
0x803F0F34, 3E200138
0x803F0F3C, 62310105
0x803F0F44, 3E400008
0x803F0F4C, 62529800
0x803F0F34, 3E600402
0x803F0F3C, 62731001
0x803F0F44, 3E80DE00
0x803F0F4C, 62941B01
0x803F0F34, 3EA0F101
0x803F0F3C, 62B5CC00
0x803F0F44, 3EC06B02
0x803F0F4C, 62D61201
0x803F0F34, 3EE0DF00
0x803F0F3C, 62F71A01
0x803F0F44, 3F00F501
0x803F0F4C, 6318CB00
0x803F0F34, 3F206A98
0x803F0F3C, 63390004
0x803F0F44, 3F4001E2
0x803F0F4C, 635A01DD
0x803F0F34, 3F60005B
0x803F0F3C, 637B020E
0x803F0F44, 3F8001C6
0x803F0F4C, 639C005C
0x803F0F34, 3FA00202
0x803F0F3C, 63BD01D5
0x803F0F44, 3FC0005A
0x803F0F4C, 63DE020D
0x803F0F34, 3FE001B1
0x803F0F3C, 63FF001B
0x803F0F44, 0x60000000
0x803F0F4C, BE080000
0x803F0F34, 3D008033
0x803F0F3C, 61085FC0
0x803F0F44, 3E009800
0x803F0F4C, 62100400
0x803F0F34, 3E20D200
0x803F0F3C, 6231CC00
0x803F0F44, 3E406400
0x803F0F4C, 6252D600
0x803F0F34, 3E60CD00
0x803F0F3C, 62736300
0x803F0F44, 3E80CF00
0x803F0F4C, 6294CB00
0x803F0F34, 3EA06400
0x803F0F3C, 62B5D300
0x803F0F44, 3EC0CA00
0x803F0F4C, 62D66398
0x803F0F34, 3EE00004
0x803F0F3C, 62F700D0
0x803F0F44, 3F0000BC
0x803F0F4C, 63180066
0x803F0F34, 3F2000D1
0x803F0F3C, 633900CE
0x803F0F44, 3F400066
0x803F0F4C, 635A00CF
0x803F0F34, 3F6000CB
0x803F0F3C, 637B0065
0x803F0F44, 3F8000D2
0x803F0F4C, 639C00CC
0x803F0F34, 3FA00065
0x803F0F3C, 63BD9800
0x803F0F44, 3FC00400
0x803F0F4C, 63DE3B00
0x803F0F34, 3FE02600
0x803F0F3C, 63FF3300
0x803F0F44, 0x60000000
0x803F0F4C, BE080000
0x803F0F34, 3D008033
0x803F0F3C, 61086000
0x803F0F44, 3E004000
0x803F0F4C, 62104400
0x803F0F34, 3E202900
0x803F0F3C, 62315700
0x803F0F44, 3E403200
0x803F0F4C, 62523200
0x803F0F34, 3E603A00
0x803F0F3C, 62732F00
0x803F0F44, 3E802598
0x803F0F4C, 62940004
0x803F0F34, 3EA00040
0x803F0F3C, 62B50044
0x803F0F44, 3EC00029
0x803F0F4C, 62D60044
0x803F0F34, 3EE00029
0x803F0F3C, 62F70020
0x803F0F44, 3F00003A
0x803F0F4C, 6318002F
0x803F0F34, 3F200025
0x803F0F3C, 63390038
0x803F0F44, 3F400028
0x803F0F4C, 635A001F
0x803F0F34, 3F609800
0x803F0F3C, 637B0401
0x803F0F44, 3F800D00
0x803F0F4C, 639CF400
0x803F0F34, 3FA07A01
0x803F0F3C, 63BD0B00
0x803F0F44, 3FC0F200
0x803F0F4C, 63DE7800
0x803F0F34, 3FE0FB00
0x803F0F3C, 63FFC000
0x803F0F44, 0x60000000
0x803F0F4C, BE080000
0x803F0F34, 3D008033
0x803F0F3C, 61086040
0x803F0F44, 3E007B00
0x803F0F4C, 6210F100
0x803F0F34, 3E20BD00
0x803F0F3C, 62317998
0x803F0F44, 3E400004
0x803F0F4C, 62520047
0x803F0F34, 3E60003D
0x803F0F3C, 62730019
0x803F0F44, 3E800054
0x803F0F4C, 62940040
0x803F0F34, 3EA00024
0x803F0F3C, 62B5004A
0x803F0F44, 3EC0003B
0x803F0F4C, 62D60018
0x803F0F34, 3EE00053
0x803F0F3C, 62F70035
0x803F0F44, 3F00001B
0x803F0F4C, 63189800
0x803F0F34, 3F200400
0x803F0F3C, 63395A00
0x803F0F44, 3F404600
0x803F0F4C, 635A1800
0x803F0F34, 3F605B00
0x803F0F3C, 637B4700
0x803F0F44, 3F803500
0x803F0F4C, 639C4E00
0x803F0F34, 3FA03F00
0x803F0F3C, 63BD3700
0x803F0F44, 3FC05200
0x803F0F4C, 63DE3600
0x803F0F34, 3FE03698
0x803F0F3C, 63FF0004
0x803F0F44, 0x60000000
0x803F0F4C, BE080000
0x803F0F34, 3D008033
0x803F0F3C, 61086080
0x803F0F44, 3E0000ED
0x803F0F4C, 621000DF
0x803F0F34, 3E200076
0x803F0F3C, 623100EE
0x803F0F44, 3E4000E3
0x803F0F4C, 62520077
0x803F0F34, 3E600106
0x803F0F3C, 627300EE
0x803F0F44, 3E800075
0x803F0F4C, 62940107
0x803F0F34, 3EA000ED
0x803F0F3C, 62B50074
0x803F0F44, 3EC09800
0x803F0F4C, 62D60400
0x803F0F34, 3EE0EC00
0x803F0F3C, 62F7E000
0x803F0F44, 3F007900
0x803F0F4C, 6318ED00
0x803F0F34, 3F20DF00
0x803F0F3C, 63397601
0x803F0F44, 3F400A00
0x803F0F4C, 635AF100
0x803F0F34, 3F607801
0x803F0F3C, 637B0600
0x803F0F44, 3F80EE00
0x803F0F4C, 639C7598
0x803F0F34, 3FA00004
0x803F0F3C, 63BD0036
0x803F0F44, 3FC0002B
0x803F0F4C, 63DE002B
0x803F0F34, 3FE00047
0x803F0F3C, 63FF003D
0x803F0F44, 0x60000000
0x803F0F4C, BE080000
0x803F0F34, 3D008033
0x803F0F3C, 610860C0
0x803F0F44, 3E00002B
0x803F0F4C, 62100037
0x803F0F34, 3E200027
0x803F0F3C, 6231002A
0x803F0F44, 3E400048
0x803F0F4C, 6252003A
0x803F0F34, 3E60002A
0x803F0F3C, 62739800
0x803F0F44, 3E800400
0x803F0F4C, 6294FE00
0x803F0F34, 3EA0DD00
0x803F0F3C, 62B57B00
0x803F0F44, 3EC0EC00
0x803F0F4C, 62D6E000
0x803F0F34, 3EE07901
0x803F0F3C, 62F70C00
0x803F0F44, 3F00F300
0x803F0F4C, 63187A01
0x803F0F34, 3F200A00
0x803F0F3C, 6339F100
0x803F0F44, 3F407898
0x803F0F4C, 635A0004
0x803F0F34, 3F60019D
0x803F0F3C, 637B0170
0x803F0F44, 3F80001A
0x803F0F4C, 639C017F
0x803F0F34, 3FA00152
0x803F0F3C, 63BD001B
0x803F0F44, 3FC0019E
0x803F0F4C, 63DE016F
0x803F0F34, 3FE00049
0x803F0F3C, 63FF0180
0x803F0F44, 0x60000000
0x803F0F4C, BE080000
0x803F0F34, 3D008033
0x803F0F3C, 61086100
0x803F0F44, 3E000153
0x803F0F4C, 62100048
0x803F0F34, 3E209800
0x803F0F3C, 62310401
0x803F0F44, 3E409E01
0x803F0F4C, 62526F00
0x803F0F34, 3E601A01
0x803F0F3C, 62738001
0x803F0F44, 3E805300
0x803F0F4C, 62941B01
0x803F0F34, 3EA09F01
0x803F0F3C, 62B57100
0x803F0F44, 3EC04901
0x803F0F4C, 62D67901
0x803F0F34, 3EE04700
0x803F0F3C, 62F74898
0x803F0F44, 3F000004
0x803F0F4C, 6318019F
0x803F0F34, 3F200171
0x803F0F3C, 6339001A
0x803F0F44, 3F400179
0x803F0F4C, 635A0147
0x803F0F34, 3F60001B
0x803F0F3C, 637B01A0
0x803F0F44, 3F800172
0x803F0F4C, 639C0049
0x803F0F34, 3FA0017A
0x803F0F3C, 63BD0146
0x803F0F44, 3FC00048
0x803F0F4C, 63DE9800
0x803F0F34, 3FE00401
0x803F0F3C, 63FFA001
0x803F0F44, 0x60000000
0x803F0F4C, BE080000
0x803F0F34, 3D008033
0x803F0F3C, 61086140
0x803F0F44, 3E007200
0x803F0F4C, 62101A01
0x803F0F34, 3E207A01
0x803F0F3C, 62314600
0x803F0F44, 3E401B01
0x803F0F4C, 6252A101
0x803F0F34, 3E607300
0x803F0F3C, 62734901
0x803F0F44, 3E807B01
0x803F0F4C, 62944A00
0x803F0F34, 3EA04898
0x803F0F3C, 62B50004
0x803F0F44, 3EC001A1
0x803F0F4C, 62D60173
0x803F0F34, 3EE0001A
0x803F0F3C, 62F7017B
0x803F0F44, 3F00014A
0x803F0F4C, 6318001B
0x803F0F34, 3F2001A2
0x803F0F3C, 63390174
0x803F0F44, 3F400049
0x803F0F4C, 635A017C
0x803F0F34, 3F60014C
0x803F0F3C, 637B0048
0x803F0F44, 3F809800
0x803F0F4C, 639C0401
0x803F0F34, 3FA0A201
0x803F0F3C, 63BD7400
0x803F0F44, 3FC01A01
0x803F0F4C, 63DE7C01
0x803F0F34, 3FE04C00
0x803F0F3C, 63FF1B01
0x803F0F44, 0x60000000
0x803F0F4C, BE080000
0x803F0F34, 3D008033
0x803F0F3C, 61086180
0x803F0F44, 3E00A301
0x803F0F4C, 62107500
0x803F0F34, 3E204901
0x803F0F3C, 62317D01
0x803F0F44, 3E404E00
0x803F0F4C, 62524898
0x803F0F34, 3E600004
0x803F0F3C, 627301A3
0x803F0F44, 3E800175
0x803F0F4C, 6294001A
0x803F0F34, 3EA0017D
0x803F0F3C, 62B5014E
0x803F0F44, 3EC0001B
0x803F0F4C, 62D601A4
0x803F0F34, 3EE00176
0x803F0F3C, 62F70049
0x803F0F44, 3F00017E
0x803F0F4C, 63180150
0x803F0F34, 3F200048
0x803F0F3C, 63399800
0x803F0F44, 3F400401
0x803F0F4C, 635AA401
0x803F0F34, 3F607600
0x803F0F3C, 637B1A01
0x803F0F44, 3F807E01
0x803F0F4C, 639C5000
0x803F0F34, 3FA01B01
0x803F0F3C, 63BD9D01
0x803F0F44, 3FC07000
0x803F0F4C, 63DE4901
0x803F0F34, 3FE07F01
0x803F0F3C, 63FF5200
0x803F0F44, 0x60000000
0x803F0F4C, BE080000
0x803F0F34, 3D008033
0x803F0F3C, 610861C0
0x803F0F44, 3E004898
0x803F0F4C, 62100004
0x803F0F34, 3E200167
0x803F0F3C, 6231013C
0x803F0F44, 3E400034
0x803F0F4C, 6252014B
0x803F0F34, 3E600123
0x803F0F3C, 62730030
0x803F0F44, 3E800168
0x803F0F4C, 6294013B
0x803F0F34, 3EA00034
0x803F0F3C, 62B5015C
0x803F0F44, 3EC00135
0x803F0F4C, 62D60030
0x803F0F34, 3EE09800
0x803F0F3C, 62F70401
0x803F0F44, 3F000800
0x803F0F4C, 6318EF00
0x803F0F34, 3F207501
0x803F0F3C, 63390900
0x803F0F44, 3F40F000
0x803F0F4C, 635A7400
0x803F0F34, 3F60F000
0x803F0F3C, 637BC400
0x803F0F44, 3F807600
0x803F0F4C, 639CEF00
0x803F0F34, 3FA0C800
0x803F0F3C, 63BD7798
0x803F0F44, 3FC00004
0x803F0F4C, 63DE0069
0x803F0F34, 3FE0005C
0x803F0F3C, 63FF001B
0x803F0F44, 0x60000000
0x803F0F4C, BE080000
0x803F0F34, 3D008033
0x803F0F3C, 61086200
0x803F0F44, 3E000071
0x803F0F4C, 6210005B
0x803F0F34, 3E200046
0x803F0F3C, 6231006A
0x803F0F44, 3E40005E
0x803F0F4C, 62520048
0x803F0F34, 3E600072
0x803F0F3C, 6273005D
0x803F0F44, 3E800047
0x803F0F4C, 62949800
0x803F0F34, 3EA00400
0x803F0F3C, 62B57200
0x803F0F44, 3EC05D00
0x803F0F4C, 62D64800
0x803F0F34, 3EE07100
0x803F0F3C, 62F75B00
0x803F0F44, 3F001B00
0x803F0F4C, 63189000
0x803F0F34, 3F207A00
0x803F0F3C, 63394900
0x803F0F44, 3F408F00
0x803F0F4C, 635A7900
0x803F0F34, 3F601A98
0x803F0F3C, 637B0004
0x803F0F44, 3F800071
0x803F0F4C, 639C005B
0x803F0F34, 3FA00048
0x803F0F3C, 63BD0070
0x803F0F44, 3FC00059
0x803F0F4C, 63DE001B
0x803F0F34, 3FE0008F
0x803F0F3C, 63FF0079
0x803F0F44, 0x60000000
0x803F0F4C, BE080000
0x803F0F34, 3D008033
0x803F0F3C, 61086240
0x803F0F44, 3E000049
0x803F0F4C, 62100096
0x803F0F34, 3E200080
0x803F0F3C, 6231001A
0x803F0F44, 3E409800
0x803F0F4C, 62520400
0x803F0F34, 3E607000
0x803F0F3C, 62735900
0x803F0F44, 3E804800
0x803F0F4C, 62946F00
0x803F0F34, 3EA05700
0x803F0F3C, 62B51B00
0x803F0F44, 3EC09600
0x803F0F4C, 62D68000
0x803F0F34, 3EE04900
0x803F0F3C, 62F79500
0x803F0F44, 3F007F00
0x803F0F4C, 63181A98
0x803F0F34, 3F200004
0x803F0F3C, 6339006F
0x803F0F44, 3F400057
0x803F0F4C, 635A0048
0x803F0F34, 3F60006E
0x803F0F3C, 637B0055
0x803F0F44, 3F80001B
0x803F0F4C, 639C0095
0x803F0F34, 3FA0007F
0x803F0F3C, 63BD0049
0x803F0F44, 3FC00094
0x803F0F4C, 63DE007E
0x803F0F34, 3FE0001A
0x803F0F3C, 63FF9800
0x803F0F44, 0x60000000
0x803F0F4C, BE080000
0x803F0F34, 3D008033
0x803F0F3C, 61086280
0x803F0F44, 3E000400
0x803F0F4C, 62106E00
0x803F0F34, 3E205500
0x803F0F3C, 62314800
0x803F0F44, 3E406D00
0x803F0F4C, 62525300
0x803F0F34, 3E601B00
0x803F0F3C, 62739400
0x803F0F44, 3E807E00
0x803F0F4C, 62944900
0x803F0F34, 3EA09300
0x803F0F3C, 62B57D00
0x803F0F44, 3EC01A98
0x803F0F4C, 62D60004
0x803F0F34, 3EE0006D
0x803F0F3C, 62F70053
0x803F0F44, 3F000048
0x803F0F4C, 6318006C
0x803F0F34, 3F200050
0x803F0F3C, 6339001B
0x803F0F44, 3F400093
0x803F0F4C, 635A007D
0x803F0F34, 3F600049
0x803F0F3C, 637B0092
0x803F0F44, 3F80007C
0x803F0F4C, 639C001A
0x803F0F34, 3FA09800
0x803F0F3C, 63BD0400
0x803F0F44, 3FC06B00
0x803F0F4C, 63DE4F00
0x803F0F34, 3FE04800
0x803F0F3C, 63FF7200
0x803F0F44, 0x60000000
0x803F0F4C, BE080000
0x803F0F34, 3D008033
0x803F0F3C, 610862C0
0x803F0F44, 3E005D00
0x803F0F4C, 62101B00
0x803F0F34, 3E209100
0x803F0F3C, 62317B00
0x803F0F44, 3E404900
0x803F0F4C, 62529000
0x803F0F34, 3E607A00
0x803F0F3C, 62731A98
0x803F0F44, 3E800004
0x803F0F4C, 6294010B
0x803F0F34, 3EA000F2
0x803F0F3C, 62B50078
0x803F0F44, 3EC00108
0x803F0F4C, 62D600EF
0x803F0F34, 3EE00075
0x803F0F3C, 62F700F1
0x803F0F44, 3F0000BD
0x803F0F4C, 63180079
0x803F0F34, 3F2000F0
0x803F0F3C, 633900C4
0x803F0F44, 3F400076
0x803F0F4C, 635A9800
0x803F0F34, 3F600400
0x803F0F3C, 637B6C00
0x803F0F44, 3F805000
0x803F0F4C, 639C4800
0x803F0F34, 3FA06B00
0x803F0F3C, 63BD4F00
0x803F0F44, 3FC01B00
0x803F0F4C, 63DE9200
0x803F0F34, 3FE07C00
0x803F0F3C, 63FF4900
0x803F0F44, 0x60000000
0x803F0F4C, BE080000
0x803F0F34, 3D008033
0x803F0F3C, 61086300
0x803F0F44, 3E009100
0x803F0F4C, 62107B00
0x803F0F34, 3E201A98
0x803F0F3C, 62310003
0x803F0F44, 3E40003F
0x803F0F4C, 62520023
0x803F0F34, 3E600021
0x803F0F3C, 62730042
0x803F0F44, 3E800022
0x803F0F4C, 62940022
0x803F0F34, 3EA00039
0x803F0F3C, 62B5002A
0x803F0F44, 3EC00023
0x803F0F4C, 62D69800
0x803F0F34, 3EE00301
0x803F0F3C, 62F7EE01
0x803F0F44, 3F00B700
0x803F0F4C, 63185D01
0x803F0F34, 3F20E301
0x803F0F3C, 6339B800
0x803F0F44, 3F405A02
0x803F0F4C, 635A0B01
0x803F0F34, 3F60B900
0x803F0F3C, 637B1B98
0x803F0F44, 3F800003
0x803F0F4C, 639C00E3
0x803F0F34, 3FA000D6
0x803F0F3C, 63BD006B
0x803F0F44, 3FC00102
0x803F0F4C, 63DE00E8
0x803F0F34, 3FE0001B
0x803F0F3C, 63FF0104
0x803F0F44, 0x60000000
0x803F0F4C, BE080000
0x803F0F34, 3D008033
0x803F0F3C, 61086340
0x803F0F44, 3E0000E9
0x803F0F4C, 6210001A
0x803F0F34, 3E209800
0x803F0F3C, 62310301
0x803F0F44, 3E40D501
0x803F0F4C, 6252A200
0x803F0F34, 3E605201
0x803F0F3C, 6273D301
0x803F0F44, 3E80A700
0x803F0F4C, 62945701
0x803F0F34, 3EA0D201
0x803F0F3C, 62B5A600
0x803F0F44, 3EC05698
0x803F0F4C, 62D60003
0x803F0F34, 3EE001AF
0x803F0F3C, 62F70183
0x803F0F44, 3F000056
0x803F0F4C, 631801B2
0x803F0F34, 3F200180
0x803F0F3C, 63390052
0x803F0F44, 3F4001AE
0x803F0F4C, 635A0182
0x803F0F34, 3F600055
0x803F0F3C, 637B9800
0x803F0F44, 3F800300
0x803F0F4C, 639CCC00
0x803F0F34, 3FA0B800
0x803F0F3C, 63BD5700
0x803F0F44, 3FC0CE00
0x803F0F4C, 63DEB400
0x803F0F34, 3FE05200
0x803F0F3C, 63FFCB00
0x803F0F44, 0x60000000
0x803F0F4C, BE080000
0x803F0F34, 3D008033
0x803F0F3C, 61086380
0x803F0F44, 3E00B700
0x803F0F4C, 62105698
0x803F0F34, 3E200003
0x803F0F3C, 62310053
0x803F0F44, 3E400035
0x803F0F4C, 62520022
0x803F0F34, 3E600050
0x803F0F3C, 62730034
0x803F0F44, 3E800021
0x803F0F4C, 6294004A
0x803F0F34, 3EA0003B
0x803F0F3C, 62B50023
0x803F0F44, 3EC09800
0x803F0F4C, 62D60300
0x803F0F34, 3EE0D400
0x803F0F3C, 62F7E700
0x803F0F44, 3F005A01
0x803F0F4C, 63180000
0x803F0F34, 3F20D000
0x803F0F3C, 63391B00
0x803F0F44, 3F40DF00
0x803F0F4C, 635ACF00
0x803F0F34, 3F605D98
0x803F0F3C, 637B0003
0x803F0F44, 3F800202
0x803F0F4C, 639C01D5
0x803F0F34, 3FA0001B
0x803F0F3C, 63BD01FA
0x803F0F44, 3FC001D6
0x803F0F4C, 63DE001A
0x803F0F34, 3FE00203
0x803F0F3C, 63FF01D8
0x803F0F44, 0x60000000
0x803F0F4C, BE080000
0x803F0F34, 3D008033
0x803F0F3C, 610863C0
0x803F0F44, 3E00005F
0x803F0F4C, 62109800
0x803F0F34, 3E200301
0x803F0F3C, 62316E01
0x803F0F44, 3E404200
0x803F0F4C, 62523A01
0x803F0F34, 3E607001
0x803F0F3C, 62734400
0x803F0F44, 3E803C01
0x803F0F4C, 62946501
0x803F0F34, 3EA02800
0x803F0F3C, 62B53D98
0x803F0F44, 3EC00003
0x803F0F4C, 62D601B6
0x803F0F34, 3EE0018A
0x803F0F3C, 62F70056
0x803F0F44, 3F0001B9
0x803F0F4C, 63180187
0x803F0F34, 3F200052
0x803F0F3C, 633901B5
0x803F0F44, 3F400189
0x803F0F4C, 635A0055
0x803F0F34, 3F609800
0x803F0F3C, 637B0301
0x803F0F44, 3F80CE01
0x803F0F4C, 639C9B00
0x803F0F34, 3FA05201
0x803F0F3C, 63BDCC01
0x803F0F44, 3FC0A000
0x803F0F4C, 63DE5701
0x803F0F34, 3FE0CB01
0x803F0F3C, 63FF9F00
0x803F0F44, 0x60000000
0x803F0F4C, BE080000
0x803F0F34, 3D008033
0x803F0F3C, 61086400
0x803F0F44, 3E005698
0x803F0F4C, 62100003
0x803F0F34, 3E2001F4
0x803F0F3C, 623101BC
0x803F0F44, 3E400060
0x803F0F4C, 625201F5
0x803F0F34, 3E6001CB
0x803F0F3C, 6273006A
0x803F0F44, 3E8001F1
0x803F0F4C, 629401CC
0x803F0F34, 3EA0006B
0x803F0F3C, 62B59800
0x803F0F44, 3EC00301
0x803F0F4C, 62D6E301
0x803F0F34, 3EE0B800
0x803F0F3C, 62F75B02
0x803F0F44, 3F000601
0x803F0F4C, 6318B400
0x803F0F34, 3F205A02
0x803F0F3C, 63390A01
0x803F0F44, 3F40B300
0x803F0F4C, 635A1B98
0x803F0F34, 3F600003
0x803F0F3C, 637B01BB
0x803F0F44, 3F80018D
0x803F0F4C, 639C0053
0x803F0F34, 3FA001C0
0x803F0F3C, 63BD018E
0x803F0F44, 3FC00052
0x803F0F4C, 63DE01BA
0x803F0F34, 3FE0018F
0x803F0F3C, 63FF0054
0x803F0F44, 0x60000000
0x803F0F4C, BE080000
0x803F0F34, 3D008033
0x803F0F3C, 61086440
0x803F0F44, 3E009800
0x803F0F4C, 62100301
0x803F0F34, 3E205E01
0x803F0F3C, 62312A00
0x803F0F44, 3E402101
0x803F0F4C, 62526101
0x803F0F34, 3E602900
0x803F0F3C, 62732201
0x803F0F44, 3E805801
0x803F0F4C, 62943100
0x803F0F34, 3EA02398
0x803F0F3C, 62B50003
0x803F0F44, 3EC0018A
0x803F0F4C, 62D60164
0x803F0F34, 3EE00051
0x803F0F3C, 62F7019B
0x803F0F44, 3F00016C
0x803F0F4C, 63180048
0x803F0F34, 3F200198
0x803F0F3C, 6339016B
0x803F0F44, 3F400049
0x803F0F4C, 635A9800
0x803F0F34, 3F600300
0x803F0F3C, 637B6200
0x803F0F44, 3F804E00
0x803F0F4C, 639C3C00
0x803F0F34, 3FA06000
0x803F0F3C, 63BD4C00
0x803F0F44, 3FC03A00
0x803F0F4C, 63DE5700
0x803F0F34, 3FE03200
0x803F0F3C, 63FF3D98
0x803F0F44, 0x60000000
0x803F0F4C, BE080000
0x803F0F34, 3D008033
0x803F0F3C, 61086480
0x803F0F44, 3E000003
0x803F0F4C, 62100038
0x803F0F34, 3E200028
0x803F0F3C, 6231001F
0x803F0F44, 3E400044
0x803F0F4C, 62520029
0x803F0F34, 3E600020
0x803F0F3C, 62730039
0x803F0F44, 3E80002A
0x803F0F4C, 62940018
0x803F0F34, 3EA09800
0x803F0F3C, 62B50300
0x803F0F44, 3EC0F200
0x803F0F4C, 62D6E500
0x803F0F34, 3EE06F00
0x803F0F3C, 62F7EB00
0x803F0F44, 3F00DE00
0x803F0F4C, 63186F00
0x803F0F34, 3F20FE00
0x803F0F3C, 6339DD00
0x803F0F44, 3F406E98
0x803F0F4C, 635A0003
0x803F0F34, 3F60014C
0x803F0F3C, 637B0122
0x803F0F44, 3F80001A
0x803F0F4C, 639C0150
0x803F0F34, 3FA0011A
0x803F0F3C, 63BD001B
0x803F0F44, 3FC00151
0x803F0F4C, 63DE0124
0x803F0F34, 3FE00024
0x803F0F3C, 63FF9800
0x803F0F44, 0x60000000
0x803F0F4C, BE080000
0x803F0F34, 3D008033
0x803F0F3C, 610864C0
0x803F0F44, 3E000301
0x803F0F4C, 62109101
0x803F0F34, 3E206200
0x803F0F3C, 62314D01
0x803F0F44, 3E408E01
0x803F0F4C, 62525E00
0x803F0F34, 3E604A01
0x803F0F3C, 62739201
0x803F0F44, 3E806300
0x803F0F4C, 62944D98
0x803F0F34, 3EA00003
0x803F0F3C, 62B50150
0x803F0F44, 3EC0011A
0x803F0F4C, 62D60022
0x803F0F34, 3EE0014D
0x803F0F3C, 62F70119
0x803F0F44, 3F000021
0x803F0F4C, 63180147
0x803F0F34, 3F200120
0x803F0F3C, 63390023
0x803F0F44, 3F409800
0x803F0F4C, 635A0300
0x803F0F34, 3F604F00
0x803F0F3C, 637B3E00
0x803F0F44, 3F801A00
0x803F0F4C, 639C5300
0x803F0F34, 3FA03500
0x803F0F3C, 63BD1B00
0x803F0F44, 3FC05400
0x803F0F4C, 63DE4000
0x803F0F34, 3FE02498
0x803F0F3C, 63FF0003
0x803F0F44, 0x60000000
0x803F0F4C, BE080000
0x803F0F34, 3D008033
0x803F0F3C, 61086500
0x803F0F44, 3E0001C7
0x803F0F4C, 62100194
0x803F0F34, 3E200052
0x803F0F3C, 623101C5
0x803F0F44, 3E400199
0x803F0F4C, 62520057
0x803F0F34, 3E6001C4
0x803F0F3C, 62730198
0x803F0F44, 3E800056
0x803F0F4C, 62949800
0x803F0F34, 3EA00300
0x803F0F3C, 62B50100
0x803F0F44, 3EC00700
0x803F0F4C, 62D60400
0x803F0F34, 3EE00200
0x803F0F3C, 62F70800
0x803F0F44, 3F000500
0x803F0F4C, 63180300
0x803F0F34, 3F200900
0x803F0F3C, 63390498
0x803F0F44, 3F400003
0x803F0F4C, 635A01F2
0x803F0F34, 3F6001D2
0x803F0F3C, 637B006B
0x803F0F44, 3F800211
0x803F0F4C, 639C01E0
0x803F0F34, 3FA0001B
0x803F0F3C, 63BD0213
0x803F0F44, 3FC001E1
0x803F0F4C, 63DE001A
0x803F0F34, 3FE09800
0x803F0F3C, 63FF0300
0x803F0F44, 0x60000000
0x803F0F4C, BE080000
0x803F0F34, 3D008033
0x803F0F3C, 61086540
0x803F0F44, 3E008E00
0x803F0F4C, 62106B00
0x803F0F34, 3E204800
0x803F0F3C, 62318700
0x803F0F44, 3E407200
0x803F0F4C, 62524900
0x803F0F34, 3E608300
0x803F0F3C, 62736C00
0x803F0F44, 3E805198
0x803F0F4C, 62940003
0x803F0F34, 3EA0021B
0x803F0F3C, 62B501EA
0x803F0F44, 3EC0007C
0x803F0F4C, 62D6021A
0x803F0F34, 3EE001E9
0x803F0F3C, 62F7007C
0x803F0F44, 3F00020C
0x803F0F4C, 631801D4
0x803F0F34, 3F20006E
0x803F0F3C, 63399800
0x803F0F44, 3F400302
0x803F0F4C, 635A1001
0x803F0F34, 3F60DE00
0x803F0F3C, 637B5902
0x803F0F44, 3F801201
0x803F0F4C, 639CDF00
0x803F0F34, 3FA05C02
0x803F0F3C, 63BD1701
0x803F0F44, 3FC0E500
0x803F0F4C, 63DE7498
0x803F0F34, 3FE00003
0x803F0F3C, 63FF020E
0x803F0F44, 0x60000000
0x803F0F4C, BE080000
0x803F0F34, 3D008033
0x803F0F3C, 61086580
0x803F0F44, 3E0001C6
0x803F0F4C, 6210001B
0x803F0F34, 3E2001E2
0x803F0F3C, 623101DD
0x803F0F44, 3E40005A
0x803F0F4C, 625201ED
0x803F0F34, 3E6001C5
0x803F0F3C, 6273005D
0x803F0F44, 3E809800
0x803F0F4C, 62940300
0x803F0F34, 3EA04B00
0x803F0F3C, 62B54100
0x803F0F44, 3EC02600
0x803F0F4C, 62D65800
0x803F0F34, 3EE04300
0x803F0F3C, 62F71800
0x803F0F44, 3F004600
0x803F0F4C, 63183100
0x803F0F34, 3F201998
0x803F0F3C, 63390003
0x803F0F44, 3F4000D5
0x803F0F4C, 635A00C1
0x803F0F34, 3F60005A
0x803F0F3C, 637B00E0
0x803F0F44, 3F8000C2
0x803F0F4C, 639C005D
0x803F0F34, 3FA000FD
0x803F0F3C, 63BD00C3
0x803F0F44, 3FC0001B
0x803F0F4C, 63DE0000
0x803F0F34, 3FE00000
0x803F0F3C, 63FF0000
0x803F0F44, 0x60000000
0x803F0F4C, BE080000
0x803F0F34, 3D008033
0x803F0F3C, 610865C0
0x803F0F44, 3E009800
0x803F0F4C, 62101100
0x803F0F34, 3E201B00
0x803F0F3C, 62310F00
0x803F0F44, 3E400B00
0x803F0F4C, 62522401
0x803F0F34, 3E60F700
0x803F0F3C, 62738A00
0x803F0F44, 3E801400
0x803F0F4C, 62941000
0x803F0F34, 3EA00C00
0x803F0F3C, 62B52701
0x803F0F44, 3EC0FE00
0x803F0F4C, 62D68F00
0x803F0F34, 3EE01D01
0x803F0F3C, 62F7F500
0x803F0F44, 3F008500
0x803F0F4C, 63182601
0x803F0F34, 3F20F600
0x803F0F3C, 63398400
0x803F0F44, 3F401801
0x803F0F4C, 635AF300
0x803F0F34, 3F608600
0x803F0F3C, 637B2501
0x803F0F44, 3F80F400
0x803F0F4C, 639C8700
0x803F0F34, 3FA01701
0x803F0F3C, 63BDF100
0x803F0F44, 3FC08800
0x803F0F4C, 63DE2001
0x803F0F34, 3FE0F200
0x803F0F3C, 63FF8900
0x803F0F44, 0x60000000
0x803F0F4C, BE080000
0x803F0F34, 3D008033
0x803F0F3C, 61086600
0x803F0F44, 3E001901
0x803F0F4C, 6210EF00
0x803F0F34, 3E208600
0x803F0F3C, 62312101
0x803F0F44, 3E40F000
0x803F0F4C, 62528700
0x803F0F34, 3E601C01
0x803F0F3C, 6273EE00
0x803F0F44, 3E808500
0x803F0F4C, 62942201
0x803F0F34, 3EA0ED00
0x803F0F3C, 62B58400
0x803F0F44, 3EC01A00
0x803F0F4C, 62D61300
0x803F0F34, 3EE00F00
0x803F0F3C, 62F72301
0x803F0F44, 3F00F800
0x803F0F4C, 63188B00
0x803F0F34, 3F202401
0x803F0F3C, 6339F700
0x803F0F44, 3F408A98
0x803F0F4C, 635A000E
0x803F0F34, 3F60001A
0x803F0F3C, 637B0013
0x803F0F44, 3F80000F
0x803F0F4C, 639C001F
0x803F0F34, 3FA00012
0x803F0F3C, 63BD000E
0x803F0F44, 3FC0001C
0x803F0F4C, 63DE01EE
0x803F0F34, 3FE00085
0x803F0F3C, 63FF0016
0x803F0F44, 0x60000000
0x803F0F4C, BE080000
0x803F0F34, 3D008033
0x803F0F3C, 61086640
0x803F0F44, 3E0001FA
0x803F0F4C, 6210008C
0x803F0F34, 3E200019
0x803F0F3C, 623101EF
0x803F0F44, 3E400086
0x803F0F4C, 6252000A
0x803F0F34, 3E6001FC
0x803F0F3C, 6273008D
0x803F0F44, 3E800017
0x803F0F4C, 629401F1
0x803F0F34, 3EA00088
0x803F0F3C, 62B50009
0x803F0F44, 3EC001FD
0x803F0F4C, 62D6008E
0x803F0F34, 3EE00018
0x803F0F3C, 62F701F3
0x803F0F44, 3F000086
0x803F0F4C, 63180008
0x803F0F34, 3F2001FB
0x803F0F3C, 6339008D
0x803F0F44, 3F40001D
0x803F0F4C, 635A01F5
0x803F0F34, 3F600085
0x803F0F3C, 637B0015
0x803F0F44, 3F8001F9
0x803F0F4C, 639C008C
0x803F0F34, 3FA00014
0x803F0F3C, 63BD0010
0x803F0F44, 3FC0000C
0x803F0F4C, 63DE0013
0x803F0F34, 3FE00011
0x803F0F3C, 63FF000D
0x803F0F44, 0x60000000
0x803F0F4C, BE080000
0x803F0F34, 3D008033
0x803F0F3C, 61086680
0x803F0F44, 3E009800
0x803F0F4C, 62100A01
0x803F0F34, 3E203A01
0x803F0F3C, 62310300
0x803F0F44, 3E400601
0x803F0F4C, 62523801
0x803F0F34, 3E600500
0x803F0F3C, 62730801
0x803F0F44, 3E801202
0x803F0F4C, 62940400
0x803F0F34, 3EA08201
0x803F0F3C, 62B51901
0x803F0F44, 3EC01200
0x803F0F4C, 62D61301
0x803F0F34, 3EE02302
0x803F0F3C, 62F71100
0x803F0F44, 3F008C01
0x803F0F4C, 63181602
0x803F0F34, 3F201300
0x803F0F3C, 63398D01
0x803F0F44, 3F402B02
0x803F0F4C, 635A0D00
0x803F0F34, 3F608501
0x803F0F3C, 637B2602
0x803F0F44, 3F800B00
0x803F0F4C, 639C8601
0x803F0F34, 3FA03402
0x803F0F3C, 63BD0E00
0x803F0F44, 3FC08401
0x803F0F4C, 63DE3302
0x803F0F34, 3FE00C00
0x803F0F3C, 63FF8798
0x803F0F44, 0x60000000
0x803F0F4C, BE080000
0x803F0F34, 3D008033
0x803F0F3C, 610866C0
0x803F0F44, 3E00000A
0x803F0F4C, 62100087
0x803F0F34, 3E200072
0x803F0F3C, 6231009E
0x803F0F44, 3E400088
0x803F0F4C, 62520071
0x803F0F34, 3E6000A1
0x803F0F3C, 62730078
0x803F0F44, 3E800061
0x803F0F4C, 629400A0
0x803F0F34, 3EA0008B
0x803F0F3C, 62B50070
0x803F0F44, 3EC000A2
0x803F0F4C, 62D60077
0x803F0F34, 3EE0005F
0x803F0F3C, 62F700A3
0x803F0F44, 3F00008C
0x803F0F4C, 6318006F
0x803F0F34, 3F2000A1
0x803F0F3C, 63390076
0x803F0F44, 3F400060
0x803F0F4C, 635A00A0
0x803F0F34, 3F60008A
0x803F0F3C, 637B0075
0x803F0F44, 3F80009E
0x803F0F4C, 639C0075
0x803F0F34, 3FA00066
0x803F0F3C, 63BD009F
0x803F0F44, 3FC00074
0x803F0F4C, 63DE0065
0x803F0F34, 3FE0009C
0x803F0F3C, 63FF9800
0x803F0F44, 0x60000000
0x803F0F4C, BE080000
0x803F0F34, 3D008033
0x803F0F3C, 61086700
0x803F0F44, 3E000A00
0x803F0F4C, 62107800
0x803F0F34, 3E206100
0x803F0F3C, 6231A000
0x803F0F44, 3E407900
0x803F0F4C, 62526200
0x803F0F34, 3E609F00
0x803F0F3C, 62738700
0x803F0F44, 3E807200
0x803F0F4C, 62949E00
0x803F0F34, 3EA07A00
0x803F0F3C, 62B56300
0x803F0F44, 3EC09C00
0x803F0F4C, 62D68600
0x803F0F34, 3EE07300
0x803F0F3C, 62F79B00
0x803F0F44, 3F007B00
0x803F0F4C, 63186400
0x803F0F34, 3F209D00
0x803F0F3C, 63398500
0x803F0F44, 3F408100
0x803F0F4C, 635A9A00
0x803F0F34, 3F607400
0x803F0F3C, 637B6500
0x803F0F44, 3F809C00
0x803F0F4C, 639C8900
0x803F0F34, 3FA07800
0x803F0F3C, 63BD9B00
0x803F0F44, 3FC08A00
0x803F0F4C, 63DE7500
0x803F0F34, 3FE09E98
0x803F0F3C, 63FF0009
0x803F0F44, 0x60000000
0x803F0F4C, BE080000
0x803F0F34, 3D008033
0x803F0F3C, 61086740
0x803F0F44, 3E00001F
0x803F0F4C, 62100012
0x803F0F34, 3E20000E
0x803F0F3C, 62310001
0x803F0F44, 3E400007
0x803F0F4C, 62520004
0x803F0F34, 3E600016
0x803F0F3C, 627301FA
0x803F0F44, 3E80008C
0x803F0F4C, 62940000
0x803F0F34, 3EA001EC
0x803F0F3C, 62B50082
0x803F0F44, 3EC0000A
0x803F0F4C, 62D601FC
0x803F0F34, 3EE0008D
0x803F0F3C, 62F7000D
0x803F0F44, 3F00001E
0x803F0F4C, 63180013
0x803F0F34, 3F200009
0x803F0F3C, 633901FD
0x803F0F44, 3F40008E
0x803F0F4C, 635A000C
0x803F0F34, 3F60001B
0x803F0F3C, 637B0014
0x803F0F44, 3F80000B
0x803F0F4C, 639C001A
0x803F0F34, 3FA00013
0x803F0F3C, 63BD9800
0x803F0F44, 3FC00801
0x803F0F4C, 63DE1100
0x803F0F34, 3FE0FE00
0x803F0F3C, 63FF0401
0x803F0F44, 0x60000000
0x803F0F4C, BE080000
0x803F0F34, 3D008033
0x803F0F3C, 61086780
0x803F0F44, 3E001202
0x803F0F4C, 62100400
0x803F0F34, 3E208201
0x803F0F3C, 62312101
0x803F0F44, 3E400900
0x803F0F4C, 62520D01
0x803F0F34, 3E602302
0x803F0F3C, 62731100
0x803F0F44, 3E808C01
0x803F0F4C, 62942201
0x803F0F34, 3EA00600
0x803F0F3C, 62B50C01
0x803F0F44, 3EC02B02
0x803F0F4C, 62D60D00
0x803F0F34, 3EE08501
0x803F0F3C, 62F73502
0x803F0F44, 3F001600
0x803F0F4C, 63188F01
0x803F0F34, 3F203402
0x803F0F3C, 63390E00
0x803F0F44, 3F408498
0x803F0F4C, 635A0008
0x803F0F34, 3F600029
0x803F0F3C, 637B0017
0x803F0F44, 3F800008
0x803F0F4C, 639C000D
0x803F0F34, 3FA0001E
0x803F0F3C, 63BD0013
0x803F0F44, 3FC0002B
0x803F0F4C, 63DE000B
0x803F0F34, 3FE00007
0x803F0F3C, 63FF0000
0x803F0F44, 0x60000000
0x803F0F4C, BE080000
0x803F0F34, 3D008033
0x803F0F3C, 610867C0
0x803F0F44, 3E0001EC
0x803F0F4C, 62100082
0x803F0F34, 3E20002C
0x803F0F3C, 6231000A
0x803F0F44, 3E400006
0x803F0F4C, 62520004
0x803F0F34, 3E6001EB
0x803F0F3C, 62730082
0x803F0F44, 3E80002A
0x803F0F4C, 6294000C
0x803F0F34, 3EA00008
0x803F0F3C, 62B5000B
0x803F0F44, 3EC0001A
0x803F0F4C, 62D60013
0x803F0F34, 3EE09800
0x803F0F3C, 62F70802
0x803F0F44, 3F000601
0x803F0F4C, 6318B400
0x803F0F34, 3F20A901
0x803F0F3C, 6339E301
0x803F0F44, 3F40B800
0x803F0F4C, 635AA502
0x803F0F34, 3F600701
0x803F0F3C, 637BBA00
0x803F0F44, 3F80A801
0x803F0F4C, 639CE702
0x803F0F34, 3FA01A00
0x803F0F3C, 63BDA402
0x803F0F44, 3FC00801
0x803F0F4C, 63DEBE00
0x803F0F34, 3FE0AC01
0x803F0F3C, 63FFEB02
0x803F0F44, 0x60000000
0x803F0F4C, BE080000
0x803F0F34, 3D008033
0x803F0F3C, 61086800
0x803F0F44, 3E001900
0x803F0F4C, 6210AA02
0x803F0F34, 3E201001
0x803F0F3C, 6231DE00
0x803F0F44, 3E40B001
0x803F0F4C, 6252F101
0x803F0F34, 3E60CC00
0x803F0F3C, 6273AB98
0x803F0F44, 3E800008
0x803F0F4C, 6294011B
0x803F0F34, 3EA00100
0x803F0F3C, 62B50013
0x803F0F44, 3EC0010E
0x803F0F4C, 62D600FF
0x803F0F34, 3EE00082
0x803F0F3C, 62F70118
0x803F0F44, 3F000214
0x803F0F4C, 6318008D
0x803F0F34, 3F200124
0x803F0F3C, 63390212
0x803F0F44, 3F40008C
0x803F0F4C, 635A0127
0x803F0F34, 3F600205
0x803F0F3C, 637B0086
0x803F0F44, 3F80012A
0x803F0F4C, 639C0206
0x803F0F34, 3FA00085
0x803F0F3C, 63BD012F
0x803F0F44, 3FC00208
0x803F0F4C, 63DE0087
0x803F0F34, 3FE00130
0x803F0F3C, 63FF0207
0x803F0F44, 0x60000000
0x803F0F4C, BE080000
0x803F0F34, 3D008033
0x803F0F3C, 61086840
0x803F0F44, 3E000084
0x803F0F4C, 62109800
0x803F0F34, 3E200800
0x803F0F3C, 6231F400
0x803F0F44, 3E40E100
0x803F0F4C, 6252A900
0x803F0F34, 3E60D400
0x803F0F3C, 6273E700
0x803F0F44, 3E80A500
0x803F0F4C, 6294F500
0x803F0F34, 3EA0E200
0x803F0F3C, 62B5A800
0x803F0F44, 3EC0D802
0x803F0F4C, 62D60000
0x803F0F34, 3EE0A400
0x803F0F3C, 62F7F600
0x803F0F44, 3F00E400
0x803F0F4C, 6318AC00
0x803F0F34, 3F20DC02
0x803F0F3C, 63390100
0x803F0F44, 3F40AA01
0x803F0F4C, 635A0300
0x803F0F34, 3F60EA00
0x803F0F3C, 637BB000
0x803F0F44, 3F80E400
0x803F0F4C, 639CDC00
0x803F0F34, 3FA0AB98
0x803F0F3C, 63BD0007
0x803F0F44, 3FC00184
0x803F0F4C, 63DE0155
0x803F0F34, 3FE000A0
0x803F0F3C, 63FF019A
0x803F0F44, 0x60000000
0x803F0F4C, BE080000
0x803F0F34, 3D008033
0x803F0F3C, 61086880
0x803F0F44, 3E000165
0x803F0F4C, 621000A1
0x803F0F34, 3E200185
0x803F0F3C, 62310156
0x803F0F44, 3E4000A3
0x803F0F4C, 62520199
0x803F0F34, 3E600166
0x803F0F3C, 627300A2
0x803F0F44, 3E800186
0x803F0F4C, 62940157
0x803F0F34, 3EA000A0
0x803F0F3C, 62B50196
0x803F0F44, 3EC00167
0x803F0F4C, 62D600A1
0x803F0F34, 3EE00195
0x803F0F3C, 62F70168
0x803F0F44, 3F00009E
0x803F0F4C, 63189800
0x803F0F34, 3F200701
0x803F0F3C, 63390100
0x803F0F44, 3F40EC00
0x803F0F4C, 635AB000
0x803F0F34, 3F60DB00
0x803F0F3C, 637BD700
0x803F0F44, 3F80AF00
0x803F0F4C, 639CDE00
0x803F0F34, 3FA0DA00
0x803F0F3C, 63BDAF00
0x803F0F44, 3FC0D700
0x803F0F4C, 63DED200
0x803F0F34, 3FE0AD00
0x803F0F3C, 63FFDA00
0x803F0F44, 0x60000000
0x803F0F4C, BE080000
0x803F0F34, 3D008033
0x803F0F3C, 610868C0
0x803F0F44, 3E00D900
0x803F0F4C, 6210AD00
0x803F0F34, 3E20D300
0x803F0F3C, 6231CA00
0x803F0F44, 3E40AE00
0x803F0F4C, 6252D600
0x803F0F34, 3E60CD00
0x803F0F3C, 6273AE98
0x803F0F44, 3E800007
0x803F0F4C, 6294012F
0x803F0F34, 3EA00208
0x803F0F3C, 62B50087
0x803F0F44, 3EC0012E
0x803F0F4C, 62D6020A
0x803F0F34, 3EE00089
0x803F0F3C, 62F70127
0x803F0F44, 3F000205
0x803F0F4C, 63180086
0x803F0F34, 3F200125
0x803F0F3C, 63390209
0x803F0F44, 3F400088
0x803F0F4C, 635A0118
0x803F0F34, 3F600214
0x803F0F3C, 637B008D
0x803F0F44, 3F800117
0x803F0F4C, 639C0215
0x803F0F34, 3FA0008E
0x803F0F3C, 63BD011B
0x803F0F44, 3FC00100
0x803F0F4C, 63DE0013
0x803F0F34, 3FE09800
0x803F0F3C, 63FF0600
0x803F0F44, 0x60000000
0x803F0F4C, BE080000
0x803F0F34, 3D008033
0x803F0F3C, 61086900
0x803F0F44, 3E004600
0x803F0F4C, 62103100
0x803F0F34, 3E209000
0x803F0F3C, 62314500
0x803F0F44, 3E403000
0x803F0F4C, 62529600
0x803F0F34, 3E605600
0x803F0F3C, 62734200
0x803F0F44, 3E809600
0x803F0F4C, 62943800
0x803F0F34, 3EA02800
0x803F0F3C, 62B59400
0x803F0F44, 3EC04900
0x803F0F4C, 62D63900
0x803F0F34, 3EE09400
0x803F0F3C, 62F74800
0x803F0F44, 3F003A00
0x803F0F4C, 63189598
0x803F0F34, 3F200006
0x803F0F3C, 633900F9
0x803F0F44, 3F4000C5
0x803F0F4C, 635A00A8
0x803F0F34, 3F6000FA
0x803F0F3C, 637B00C9
0x803F0F44, 3F8000AC
0x803F0F4C, 639C00D9
0x803F0F34, 3FA00203
0x803F0F3C, 63BD00A4
0x803F0F44, 3FC000DD
0x803F0F4C, 63DE0202
0x803F0F34, 3FE000AA
0x803F0F3C, 63FF00E3
0x803F0F44, 0x60000000
0x803F0F4C, BE080000
0x803F0F34, 3D008033
0x803F0F3C, 61086940
0x803F0F44, 3E0000D6
0x803F0F4C, 621000AB
0x803F0F34, 3E200102
0x803F0F3C, 623100E8
0x803F0F44, 3E4000B0
0x803F0F4C, 62529800
0x803F0F34, 3E600600
0x803F0F3C, 6273F800
0x803F0F44, 3E80BE00
0x803F0F4C, 6294A900
0x803F0F34, 3EA0F900
0x803F0F3C, 62B5C500
0x803F0F44, 3EC0A800
0x803F0F4C, 62D6D500
0x803F0F34, 3EE0C100
0x803F0F3C, 62F7A500
0x803F0F44, 3F00D902
0x803F0F4C, 63180300
0x803F0F34, 3F20A400
0x803F0F3C, 6339E200
0x803F0F44, 3F40C700
0x803F0F4C, 635AA700
0x803F0F34, 3F60E300
0x803F0F3C, 637BD600
0x803F0F44, 3F80AB98
0x803F0F4C, 639C0006
0x803F0F34, 3FA00139
0x803F0F3C, 63BD0102
0x803F0F44, 3FC00007
0x803F0F4C, 63DE013A
0x803F0F34, 3FE00103
0x803F0F3C, 63FF0006
0x803F0F44, 0x60000000
0x803F0F4C, BE080000
0x803F0F34, 3D008033
0x803F0F3C, 61086980
0x803F0F44, 3E00010E
0x803F0F4C, 621000FF
0x803F0F34, 3E200082
0x803F0F3C, 62310112
0x803F0F44, 3E400204
0x803F0F4C, 62520082
0x803F0F34, 3E60010F
0x803F0F3C, 627300FD
0x803F0F44, 3E800004
0x803F0F4C, 62940111
0x803F0F34, 3EA000FE
0x803F0F3C, 62B50004
0x803F0F44, 3EC09800
0x803F0F4C, 62D60601
0x803F0F34, 3EE01602
0x803F0F3C, 62F71300
0x803F0F44, 3F008D01
0x803F0F4C, 63181702
0x803F0F34, 3F201500
0x803F0F3C, 63398E01
0x803F0F44, 3F402602
0x803F0F4C, 635A0B00
0x803F0F34, 3F608601
0x803F0F3C, 637B2502
0x803F0F44, 3F800900
0x803F0F4C, 639C8801
0x803F0F34, 3FA03302
0x803F0F3C, 63BD0C00
0x803F0F44, 3FC08701
0x803F0F4C, 63DE2E02
0x803F0F34, 3FE00A00
0x803F0F3C, 63FF8998
0x803F0F44, 0x60000000
0x803F0F4C, BE080000
0x803F0F34, 3D008033
0x803F0F3C, 610869C0
0x803F0F44, 3E000006
0x803F0F4C, 62100203
0x803F0F34, 3E2001D8
0x803F0F3C, 623100A8
0x803F0F44, 3E400204
0x803F0F4C, 625201DA
0x803F0F34, 3E6000AC
0x803F0F3C, 627301E6
0x803F0F44, 3E800217
0x803F0F4C, 629400A4
0x803F0F34, 3EA001EA
0x803F0F3C, 62B50218
0x803F0F44, 3EC000AA
0x803F0F4C, 62D601F2
0x803F0F34, 3EE001D2
0x803F0F3C, 62F700AB
0x803F0F44, 3F000211
0x803F0F4C, 631801E0
0x803F0F34, 3F2000B0
0x803F0F3C, 63399800
0x803F0F44, 3F400602
0x803F0F4C, 635A0201
0x803F0F34, 3F60D500
0x803F0F3C, 637BA902
0x803F0F44, 3F800301
0x803F0F4C, 639CD800
0x803F0F34, 3FA0A801
0x803F0F3C, 63BDE201
0x803F0F44, 3FC0DD00
0x803F0F4C, 63DEA501
0x803F0F34, 3FE0E602
0x803F0F3C, 63FF1700
0x803F0F44, 0x60000000
0x803F0F4C, BE080000
0x803F0F34, 3D008033
0x803F0F3C, 61086A00
0x803F0F44, 3E00A401
0x803F0F4C, 6210EF01
0x803F0F34, 3E20D100
0x803F0F3C, 6231A701
0x803F0F44, 3E40F201
0x803F0F4C, 6252D200
0x803F0F34, 3E60AB98
0x803F0F3C, 62730005
0x803F0F44, 3E800129
0x803F0F4C, 62940107
0x803F0F34, 3EA0000B
0x803F0F3C, 62B50132
0x803F0F44, 3EC0020F
0x803F0F4C, 62D6008A
0x803F0F34, 3EE00128
0x803F0F3C, 62F7010A
0x803F0F44, 3F00000F
0x803F0F4C, 63180131
0x803F0F34, 3F200210
0x803F0F3C, 6339008B
0x803F0F44, 3F400130
0x803F0F4C, 635A0207
0x803F0F34, 3F600084
0x803F0F3C, 637B9800
0x803F0F44, 3F800501
0x803F0F4C, 639C6401
0x803F0F34, 3FA03800
0x803F0F3C, 63BD9601
0x803F0F44, 3FC05701
0x803F0F4C, 63DE2F00
0x803F0F34, 3FE09401
0x803F0F3C, 63FF4601
0x803F0F44, 0x60000000
0x803F0F4C, BE080000
0x803F0F34, 3D008033
0x803F0F3C, 61086A40
0x803F0F44, 3E001E00
0x803F0F4C, 62109401
0x803F0F34, 3E205601
0x803F0F3C, 62312E00
0x803F0F44, 3E409501
0x803F0F4C, 62524501
0x803F0F34, 3E601F00
0x803F0F3C, 62739598
0x803F0F44, 3E800005
0x803F0F4C, 6294019A
0x803F0F34, 3EA00165
0x803F0F3C, 62B500A1
0x803F0F44, 3EC00184
0x803F0F4C, 62D60155
0x803F0F34, 3EE000A0
0x803F0F3C, 62F70198
0x803F0F44, 3F00016B
0x803F0F4C, 6318009E
0x803F0F34, 3F200183
0x803F0F3C, 6339015C
0x803F0F44, 3F40009F
0x803F0F4C, 635A0182
0x803F0F34, 3F60015B
0x803F0F3C, 637B009C
0x803F0F44, 3F809800
0x803F0F4C, 639C0501
0x803F0F34, 3FA01602
0x803F0F3C, 63BD1300
0x803F0F44, 3FC08D01
0x803F0F4C, 63DE1901
0x803F0F34, 3FE01200
0x803F0F3C, 63FF1301
0x803F0F44, 0x60000000
0x803F0F4C, BE080000
0x803F0F34, 3D008033
0x803F0F3C, 61086A80
0x803F0F44, 3E001702
0x803F0F4C, 62101500
0x803F0F34, 3E208E01
0x803F0F3C, 62311A01
0x803F0F44, 3E401100
0x803F0F4C, 62521401
0x803F0F34, 3E601B01
0x803F0F3C, 62730000
0x803F0F44, 3E801398
0x803F0F4C, 62940005
0x803F0F34, 3EA00000
0x803F0F3C, 62B501EC
0x803F0F44, 3EC00082
0x803F0F4C, 62D60001
0x803F0F34, 3EE00007
0x803F0F3C, 62F70004
0x803F0F44, 3F000004
0x803F0F4C, 631801EB
0x803F0F34, 3F200082
0x803F0F3C, 63390003
0x803F0F44, 3F400009
0x803F0F4C, 635A0004
0x803F0F34, 3F600013
0x803F0F3C, 637B0011
0x803F0F44, 3F80000D
0x803F0F4C, 639C9800
0x803F0F34, 3FA00400
0x803F0F3C, 63BD1300
0x803F0F44, 3FC01100
0x803F0F4C, 63DE0D00
0x803F0F34, 3FE01501
0x803F0F3C, 63FFF900
0x803F0F44, 0x60000000
0x803F0F4C, BE080000
0x803F0F34, 3D008033
0x803F0F3C, 61086AC0
0x803F0F44, 3E008C00
0x803F0F4C, 62100401
0x803F0F34, 3E20EB00
0x803F0F3C, 62318200
0x803F0F44, 3E400B00
0x803F0F4C, 62521A00
0x803F0F34, 3E601398
0x803F0F3C, 62730004
0x803F0F44, 3E800135
0x803F0F4C, 62940216
0x803F0F34, 3EA0008F
0x803F0F3C, 62B50132
0x803F0F44, 3EC0020F
0x803F0F4C, 62D6008A
0x803F0F34, 3EE00122
0x803F0F3C, 62F70106
0x803F0F44, 3F00000C
0x803F0F4C, 63180129
0x803F0F34, 3F200107
0x803F0F3C, 6339000B
0x803F0F44, 3F409800
0x803F0F4C, 635A0400
0x803F0F34, 3F604A00
0x803F0F3C, 637B3B00
0x803F0F44, 3F809300
0x803F0F4C, 639C5000
0x803F0F34, 3FA03400
0x803F0F3C, 63BD9100
0x803F0F44, 3FC05500
0x803F0F4C, 63DE3800
0x803F0F34, 3FE09200
0x803F0F3C, 63FF5100
0x803F0F44, 0x60000000
0x803F0F4C, BE080000
0x803F0F34, 3D008033
0x803F0F3C, 61086B00
0x803F0F44, 3E003C00
0x803F0F4C, 62109098
0x803F0F34, 3E200004
0x803F0F3C, 62310039
0x803F0F44, 3E40002A
0x803F0F4C, 62520093
0x803F0F34, 3E600044
0x803F0F3C, 62730029
0x803F0F44, 3E800092
0x803F0F4C, 6294003F
0x803F0F34, 3EA00023
0x803F0F3C, 62B50091
0x803F0F44, 3EC00040
0x803F0F4C, 62D60044
0x803F0F34, 3EE00090
0x803F0F3C, 62F79800
0x803F0F44, 3F000401
0x803F0F4C, 63184E01
0x803F0F34, 3F203A00
0x803F0F3C, 63399001
0x803F0F44, 3F405201
0x803F0F4C, 635A1D00
0x803F0F34, 3F609201
0x803F0F3C, 637B4D01
0x803F0F44, 3F801900
0x803F0F4C, 639C9101
0x803F0F34, 3FA04701
0x803F0F3C, 63BD2000
0x803F0F44, 3FC09398
0x803F0F4C, 63DE0004
0x803F0F34, 3FE00198
0x803F0F3C, 63FF016B
0x803F0F44, 0x60000000
0x803F0F4C, BE080000
0x803F0F34, 3D008033
0x803F0F3C, 61086B40
0x803F0F44, 3E00009E
0x803F0F4C, 62100182
0x803F0F34, 3E20015B
0x803F0F3C, 6231009C
0x803F0F44, 3E400197
0x803F0F4C, 6252016E
0x803F0F34, 3E60009B
0x803F0F3C, 62730193
0x803F0F44, 3E800177
0x803F0F4C, 6294009A
0x803F0F34, 3EA09800
0x803F0F3C, 62B50401
0x803F0F44, 3EC05F01
0x803F0F4C, 62D63200
0x803F0F34, 3EE09001
0x803F0F3C, 62F75E01
0x803F0F44, 3F002A00
0x803F0F4C, 63189101
0x803F0F34, 3F206301
0x803F0F3C, 63393000
0x803F0F44, 3F409201
0x803F0F4C, 635A5801
0x803F0F34, 3F603100
0x803F0F3C, 637B9398
0x803F0F44, 3F800004
0x803F0F4C, 639C0015
0x803F0F34, 3FA001F9
0x803F0F3C, 63BD008C
0x803F0F44, 3FC00008
0x803F0F4C, 63DE01FB
0x803F0F34, 3FE0008D
0x803F0F3C, 63FF000B
0x803F0F44, 0x60000000
0x803F0F4C, BE080000
0x803F0F34, 3D008033
0x803F0F3C, 61086B80
0x803F0F44, 3E00001A
0x803F0F4C, 62100013
0x803F0F34, 3E200009
0x803F0F3C, 623101FD
0x803F0F44, 3E40008E
0x803F0F4C, 62529800
0x803F0F34, 3E600401
0x803F0F3C, 62738201
0x803F0F44, 3E805B00
0x803F0F4C, 62949C01
0x803F0F34, 3EA08901
0x803F0F3C, 62B55A00
0x803F0F44, 3EC09D01
0x803F0F4C, 62D69301
0x803F0F34, 3EE07700
0x803F0F3C, 62F79A01
0x803F0F44, 3F009401
0x803F0F4C, 63186900
0x803F0F34, 3F209B98
0x803F0F3C, 63390004
0x803F0F44, 3F40012A
0x803F0F4C, 635A0206
0x803F0F34, 3F600085
0x803F0F3C, 637B0124
0x803F0F44, 3F800212
0x803F0F4C, 639C008C
0x803F0F34, 3FA0012D
0x803F0F3C, 63BD010B
0x803F0F44, 3FC0000E
0x803F0F4C, 63DE010F
0x803F0F34, 3FE000FD
0x803F0F3C, 63FF0004
0x803F0F44, 0x60000000
0x803F0F4C, BE080000
0x803F0F34, 3D008033
0x803F0F3C, 61086BC0
0x803F0F44, 3E009800
0x803F0F4C, 62100402
0x803F0F34, 3E200F01
0x803F0F3C, 6231E200
0x803F0F44, 3E40B001
0x803F0F4C, 6252EC01
0x803F0F34, 3E60D000
0x803F0F3C, 6273AF01
0x803F0F44, 3E80E901
0x803F0F4C, 6294CE00
0x803F0F34, 3EA0AF01
0x803F0F3C, 62B5E501
0x803F0F44, 3EC0CA00
0x803F0F4C, 62D6AD98
0x803F0F34, 3EE00004
0x803F0F3C, 62F70195
0x803F0F44, 3F000168
0x803F0F4C, 6318009E
0x803F0F34, 3F200194
0x803F0F3C, 63390169
0x803F0F44, 3F40009B
0x803F0F4C, 635A0188
0x803F0F34, 3F600159
0x803F0F3C, 637B009C
0x803F0F44, 3F800189
0x803F0F4C, 639C015A
0x803F0F34, 3FA0009D
0x803F0F3C, 63BD9800
0x803F0F44, 3FC00401
0x803F0F4C, 63DEEB02
0x803F0F34, 3FE01900
0x803F0F3C, 63FFAA01
0x803F0F44, 0x60000000
0x803F0F4C, BE080000
0x803F0F34, 3D008033
0x803F0F3C, 61086C00
0x803F0F44, 3E00E702
0x803F0F4C, 62101A00
0x803F0F34, 3E20A401
0x803F0F3C, 6231F101
0x803F0F44, 3E40CC00
0x803F0F4C, 6252AB01
0x803F0F34, 3E60F001
0x803F0F3C, 6273BD00
0x803F0F44, 3E80A798
0x803F0F4C, 62940004
0x803F0F34, 3EA00186
0x803F0F3C, 62B50157
0x803F0F44, 3EC000A0
0x803F0F4C, 62D60195
0x803F0F34, 3EE00168
0x803F0F3C, 62F7009E
0x803F0F44, 3F000187
0x803F0F4C, 63180158
0x803F0F34, 3F20009F
0x803F0F3C, 63390188
0x803F0F44, 3F400159
0x803F0F4C, 635A009C
0x803F0F34, 3F609800
0x803F0F3C, 637B0401
0x803F0F44, 3F80EC01
0x803F0F4C, 639CD000
0x803F0F34, 3FA0AF01
0x803F0F3C, 63BDE801
0x803F0F44, 3FC0CF00
0x803F0F4C, 63DEAD01
0x803F0F34, 3FE0E501
0x803F0F3C, 63FFCA00
0x803F0F44, 0x60000000
0x803F0F4C, BE080000
0x803F0F34, 3D008033
0x803F0F3C, 61086C40
0x803F0F44, 3E00AD01
0x803F0F4C, 6210E101
0x803F0F34, 3E20C200
0x803F0F3C, 6231AE98
0x803F0F44, 3E400004
0x803F0F4C, 625201EE
0x803F0F34, 3E6001B7
0x803F0F3C, 627300A6
0x803F0F44, 3E8001F0
0x803F0F4C, 629401BD
0x803F0F34, 3EA000A7
0x803F0F3C, 62B501E3
0x803F0F44, 3EC001B8
0x803F0F4C, 62D600A5
0x803F0F34, 3EE001E7
0x803F0F3C, 62F7021A
0x803F0F44, 3F0000A4
0x803F0F4C, 63189800
0x803F0F34, 3F200401
0x803F0F3C, 63393002
0x803F0F44, 3F400700
0x803F0F4C, 635A8401
0x803F0F34, 3F602A02
0x803F0F3C, 637B0600
0x803F0F44, 3F808501
0x803F0F4C, 639C2801
0x803F0F34, 3FA00A00
0x803F0F3C, 63BD0F01
0x803F0F44, 3FC02D01
0x803F0F4C, 63DE0B00
0x803F0F34, 3FE00E98
0x803F0F3C, 63FF0004
0x803F0F44, 0x60000000
0x803F0F4C, BE080000
0x803F0F34, 3D008033
0x803F0F3C, 61086C80
0x803F0F44, 3E0000DF
0x803F0F4C, 621000CF
0x803F0F34, 3E2000A6
0x803F0F3C, 623100E1
0x803F0F44, 3E4000DB
0x803F0F4C, 625200A7
0x803F0F34, 3E6000D4
0x803F0F3C, 627300E7
0x803F0F44, 3E8000A5
0x803F0F4C, 629400D8
0x803F0F34, 3EA00200
0x803F0F3C, 62B500A4
0x803F0F44, 3EC09800
0x803F0F4C, 62D60400
0x803F0F34, 3EE0DC02
0x803F0F3C, 62F70100
0x803F0F44, 3F00AA00
0x803F0F4C, 6318D802
0x803F0F34, 3F200000
0x803F0F3C, 6339A400
0x803F0F44, 3F40E400
0x803F0F4C, 635ADC00
0x803F0F34, 3F60AB00
0x803F0F3C, 637BE100
0x803F0F44, 3F80DB00
0x803F0F4C, 639CA798
0x803F0F34, 3FA00004
0x803F0F3C, 63BD0154
0x803F0F44, 3FC00127
0x803F0F4C, 63DE0090
0x803F0F34, 3FE00164
0x803F0F3C, 63FF0138
0x803F0F44, 0x60000000
0x803F0F4C, BE080000
0x803F0F34, 3D008033
0x803F0F3C, 61086CC0
0x803F0F44, 3E000096
0x803F0F4C, 62100153
0x803F0F34, 3E200126
0x803F0F3C, 62310096
0x803F0F44, 3E400146
0x803F0F4C, 6252011E
0x803F0F34, 3E600094
0x803F0F3C, 62739800
0x803F0F44, 3E800300
0x803F0F4C, 62942401
0x803F0F34, 3EA0F700
0x803F0F3C, 62B58A00
0x803F0F44, 3EC01B00
0x803F0F4C, 62D60F00
0x803F0F34, 3EE00B00
0x803F0F3C, 62F71A00
0x803F0F44, 3F001300
0x803F0F4C, 63180F98
0x803F0F34, 3F200003
0x803F0F3C, 6339010E
0x803F0F44, 3F4000FF
0x803F0F4C, 635A0082
0x803F0F34, 3F60010F
0x803F0F3C, 637B00FD
0x803F0F44, 3F800004
0x803F0F4C, 639C0124
0x803F0F34, 3FA00212
0x803F0F3C, 63BD008C
0x803F0F44, 3FC09800
0x803F0F4C, 63DE0300
0x803F0F34, 3FE07301
0x803F0F3C, 63FFFF00
0x803F0F44, 0x60000000
0x803F0F4C, BE080000
0x803F0F34, 3D008033
0x803F0F3C, 61086D00
0x803F0F44, 3E009700
0x803F0F4C, 62108F00
0x803F0F34, 3E207900
0x803F0F3C, 62319800
0x803F0F44, 3E409600
0x803F0F4C, 62528000
0x803F0F34, 3E609998
0x803F0F3C, 62730003
0x803F0F44, 3E800073
0x803F0F4C, 629401FF
0x803F0F34, 3EA00097
0x803F0F3C, 62B50096
0x803F0F44, 3EC00080
0x803F0F4C, 62D60098
0x803F0F34, 3EE00095
0x803F0F3C, 62F7007F
0x803F0F44, 3F000099
0x803F0F4C, 63189800
0x803F0F34, 3F200300
0x803F0F3C, 63397301
0x803F0F44, 3F40FF00
0x803F0F4C, 635A9700
0x803F0F34, 3F609500
0x803F0F3C, 637B7F00
0x803F0F44, 3F809800
0x803F0F4C, 639C9400
0x803F0F34, 3FA07E00
0x803F0F3C, 63BD9998
0x803F0F44, 3FC00003
0x803F0F4C, 63DE0073
0x803F0F34, 3FE001FF
0x803F0F3C, 63FF0097
0x803F0F44, 0x60000000
0x803F0F4C, BE080000
0x803F0F34, 3D008033
0x803F0F3C, 61086D40
0x803F0F44, 3E000094
0x803F0F4C, 6210007E
0x803F0F34, 3E200098
0x803F0F3C, 62310093
0x803F0F44, 3E40007D
0x803F0F4C, 62520099
0x803F0F34, 3E609800
0x803F0F3C, 62730300
0x803F0F44, 3E807301
0x803F0F4C, 6294FF00
0x803F0F34, 3EA09700
0x803F0F3C, 62B59300
0x803F0F44, 3EC07D00
0x803F0F4C, 62D69800
0x803F0F34, 3EE09200
0x803F0F3C, 62F77C00
0x803F0F44, 3F009998
0x803F0F4C, 63180003
0x803F0F34, 3F200073
0x803F0F3C, 633901FF
0x803F0F44, 3F400097
0x803F0F4C, 635A0092
0x803F0F34, 3F60007C
0x803F0F3C, 637B0098
0x803F0F44, 3F800091
0x803F0F4C, 639C007B
0x803F0F34, 3FA00099
0x803F0F3C, 63BD9800
0x803F0F44, 3FC00301
0x803F0F4C, 63DEA201
0x803F0F34, 3FE07400
0x803F0F3C, 63FF9801
0x803F0F44, 0x60000000
0x803F0F4C, BE080000
0x803F0F34, 3D008033
0x803F0F3C, 61086D80
0x803F0F44, 3E008101
0x803F0F4C, 6210FF00
0x803F0F34, 3E209701
0x803F0F3C, 6231A101
0x803F0F44, 3E407300
0x803F0F4C, 62529998
0x803F0F34, 3E600003
0x803F0F3C, 627301A3
0x803F0F44, 3E800175
0x803F0F4C, 62940098
0x803F0F34, 3EA00181
0x803F0F3C, 62B501FF
0x803F0F44, 3EC00097
0x803F0F4C, 62D601A2
0x803F0F34, 3EE00174
0x803F0F3C, 62F70099
0x803F0F44, 3F009800
0x803F0F4C, 63180301
0x803F0F34, 3F209F01
0x803F0F3C, 63397100
0x803F0F44, 3F409801
0x803F0F4C, 635A8101
0x803F0F34, 3F60FF00
0x803F0F3C, 637B9701
0x803F0F44, 3F809E01
0x803F0F4C, 639C6F00
0x803F0F34, 3FA09998
0x803F0F3C, 63BD0003
0x803F0F44, 3FC0019E
0x803F0F4C, 63DE016F
0x803F0F34, 3FE00098
0x803F0F3C, 63FF0181
0x803F0F44, 0x60000000
0x803F0F4C, BE080000
0x803F0F34, 3D008033
0x803F0F3C, 61086DC0
0x803F0F44, 3E0001FF
0x803F0F4C, 62100097
0x803F0F34, 3E20019D
0x803F0F3C, 62310170
0x803F0F44, 3E400099
0x803F0F4C, 62529800
0x803F0F34, 3E600301
0x803F0F3C, 6273A401
0x803F0F44, 3E807600
0x803F0F4C, 62949801
0x803F0F34, 3EA08101
0x803F0F3C, 62B5FF00
0x803F0F44, 3EC09701
0x803F0F4C, 62D6A301
0x803F0F34, 3EE07500
0x803F0F3C, 62F79998
0x803F0F44, 3F000003
0x803F0F4C, 6318019D
0x803F0F34, 3F200170
0x803F0F3C, 63390098
0x803F0F44, 3F400181
0x803F0F4C, 635A01FF
0x803F0F34, 3F600097
0x803F0F3C, 637B01A4
0x803F0F44, 3F800176
0x803F0F4C, 639C0099
0x803F0F34, 3FA09800
0x803F0F3C, 63BD0300
0x803F0F44, 3FC07301
0x803F0F4C, 63DEFF00
0x803F0F34, 3FE09700
0x803F0F3C, 63FF9000
0x803F0F44, 0x60000000
0x803F0F4C, BE080000
0x803F0F34, 3D008033
0x803F0F3C, 61086E00
0x803F0F44, 3E007A00
0x803F0F4C, 62109800
0x803F0F34, 3E208F00
0x803F0F3C, 62317900
0x803F0F44, 3E409998
0x803F0F4C, 62520003
0x803F0F34, 3E600073
0x803F0F3C, 627301FF
0x803F0F44, 3E800097
0x803F0F4C, 62940091
0x803F0F34, 3EA0007B
0x803F0F3C, 62B50098
0x803F0F44, 3EC00090
0x803F0F4C, 62D6007A
0x803F0F34, 3EE00099
0x803F0F3C, 62F79800
0x803F0F44, 3F000300
0x803F0F4C, 63188000
0x803F0F34, 3F206700
0x803F0F3C, 63394A00
0x803F0F44, 3F407D00
0x803F0F4C, 635A7700
0x803F0F34, 3F604C00
0x803F0F3C, 637B7E00
0x803F0F44, 3F807400
0x803F0F4C, 639C4B98
0x803F0F34, 3FA00003
0x803F0F3C, 63BD01A1
0x803F0F44, 3FC00173
0x803F0F4C, 63DE0098
0x803F0F34, 3FE00181
0x803F0F3C, 63FF01FF
0x803F0F44, 0x60000000
0x803F0F4C, BE080000
0x803F0F34, 3D008033
0x803F0F3C, 61086E40
0x803F0F44, 3E000097
0x803F0F4C, 621001A0
0x803F0F34, 3E200172
0x803F0F3C, 62310099
0x803F0F44, 3E409800
0x803F0F4C, 62520301
0x803F0F34, 3E60A001
0x803F0F3C, 62737200
0x803F0F44, 3E809801
0x803F0F4C, 62948101
0x803F0F34, 3EA0FF00
0x803F0F3C, 62B59701
0x803F0F44, 3EC09F01
0x803F0F4C, 62D67100
0x803F0F34, 3EE09998
0x803F0F3C, 62F70003
0x803F0F44, 3F0001E4
0x803F0F4C, 631801C3
0x803F0F34, 3F2000AE
0x803F0F3C, 633901E1
0x803F0F44, 3F4001C2
0x803F0F4C, 635A00AE
0x803F0F34, 3F6001E8
0x803F0F3C, 637B01CF
0x803F0F44, 3F8000AD
0x803F0F4C, 639C9800
0x803F0F34, 3FA00302
0x803F0F3C, 63BD1101
0x803F0F44, 3FC0E000
0x803F0F4C, 63DEB001
0x803F0F34, 3FE0EA02
0x803F0F3C, 63FF1800
0x803F0F44, 0x60000000
0x803F0F4C, BE080000
0x803F0F34, 3D008033
0x803F0F3C, 61086E80
0x803F0F44, 3E00AA02
0x803F0F4C, 62100401
0x803F0F34, 3E20DA00
0x803F0F3C, 6231AC98
0x803F0F44, 3E400003
0x803F0F4C, 625201ED
0x803F0F34, 3E6001C5
0x803F0F3C, 627300A6
0x803F0F44, 3E8001E2
0x803F0F4C, 629401DD
0x803F0F34, 3EA000A5
0x803F0F3C, 62B501EF
0x803F0F44, 3EC001D1
0x803F0F4C, 62D600A7
0x803F0F34, 3EE09800
0x803F0F3C, 62F70300
0x803F0F44, 3F00FA00
0x803F0F4C, 6318C900
0x803F0F34, 3F20AC01
0x803F0F3C, 63390200
0x803F0F44, 3F40E800
0x803F0F4C, 635AB000
0x803F0F34, 3F60DD02
0x803F0F3C, 637B0200
0x803F0F44, 3F80AA98
0x803F0F4C, 639C0003
0x803F0F34, 3FA000E2
0x803F0F3C, 63BD00C7
0x803F0F44, 3FC000A7
0x803F0F4C, 63DE00E0
0x803F0F34, 3FE000C2
0x803F0F3C, 63FF00A6
0x803F0F44, 0x60000000
0x803F0F4C, BE080000
0x803F0F34, 3D008033
0x803F0F3C, 61086EC0
0x803F0F44, 3E0000D5
0x803F0F4C, 621000C1
0x803F0F34, 3E2000A5
0x803F0F3C, 62319800
0x803F0F44, 3E400300
0x803F0F4C, 62523800
0x803F0F34, 3E602800
0x803F0F3C, 62739400
0x803F0F44, 3E803700
0x803F0F4C, 62942700
0x803F0F34, 3EA09500
0x803F0F3C, 62B54800
0x803F0F44, 3EC03A00
0x803F0F4C, 62D69500
0x803F0F34, 3EE00000
0x803F0F3C, 62F70000
0x803F0F44, 3F000000
0x803F0F4C, 63180001
0x803F0F34, 3F200000
0x803F0F3C, 63390000
0x803F0F44, 3F400000
0x803F0F4C, 635A0001
0x803F0F34, 3F600000
0x803F0F3C, 637B0000
0x803F0F44, 3F800000
0x803F0F4C, 639C1F20
0x803F0F34, 3FA00000
0x803F0F3C, 63BD0000
0x803F0F44, 3FC00000
0x803F0F4C, 63DE0920
0x803F0F34, 3FE00000
0x803F0F3C, 63FF1F20
0x803F0F44, 0x60000000
0x803F0F4C, BE080000
0x803F0F34, 3D008033
0x803F0F3C, 61086F00
0x803F0F44, 3E004D41
0x803F0F4C, 62105433
0x803F0F34, 3E200000
0x803F0F3C, 623107C0
0x803F0F44, 3E400002
0x803F0F4C, 6252FFFF
0x803F0F34, 3E600000
0x803F0F3C, 62730084
0x803F0F44, 3E800000
0x803F0F4C, 6294031C
0x803F0F34, 3EA00000
0x803F0F3C, 62B50320
0x803F0F44, 3EC00000
0x803F0F4C, 62D6033C
0x803F0F34, 3EE00000
0x803F0F3C, 62F705AC
0x803F0F44, 3F000000
0x803F0F4C, 631805B8
0x803F0F34, 3F200000
0x803F0F3C, 633905BC
0x803F0F44, 3F400000
0x803F0F4C, 635A05C0
0x803F0F34, 3F600000
0x803F0F3C, 637B05E0
0x803F0F44, 3F800000
0x803F0F4C, 639C05E8
0x803F0F34, 3FA00000
0x803F0F3C, 63BD05E8
0x803F0F44, 3FC00000
0x803F0F4C, 63DE05EC
0x803F0F34, 3FE00000
0x803F0F3C, 63FF0000
0x803F0F44, 0x60000000
0x803F0F4C, BE080000
0x803F0F34, 3D008033
0x803F0F3C, 61086F40
0x803F0F44, 3E000000
0x803F0F4C, 621005F8
0x803F0F34, 3E200000
0x803F0F3C, 62310000
0x803F0F44, 3E400000
0x803F0F4C, 625206C0
0x803F0F34, 3E600000
0x803F0F3C, 627306C8
0x803F0F44, 3E800000
0x803F0F4C, 629406D4
0x803F0F34, 3EA00000
0x803F0F3C, 62B506EC
0x803F0F44, 3EC00000
0x803F0F4C, 62D606F8
0x803F0F34, 3EE00000
0x803F0F3C, 62F706FC
0x803F0F44, 3F000000
0x803F0F4C, 63180738
0x803F0F34, 3F200000
0x803F0F3C, 63390744
0x803F0F44, 3F400000
0x803F0F4C, 635A0748
0x803F0F34, 3F600000
0x803F0F3C, 637B0774
0x803F0F44, 3F800000
0x803F0F4C, 639C0784
0x803F0F34, 3FA00000
0x803F0F3C, 63BD0788
0x803F0F44, 3FC00000
0x803F0F4C, 63DE078C
0x803F0F34, 3FE00000
0x803F0F3C, 63FF0790
0x803F0F44, 0x60000000
0x803F0F4C, BE080000
0x803F0F34, 3D008033
0x803F0F3C, 61086F80
0x803F0F44, 3E000000
0x803F0F4C, 62100794
0x803F0F34, 3E200100
0x803F0F3C, 62310000
0x803F0F44, 3E400000
0x803F0F4C, 62520001
0x803F0F34, 3E600000
0x803F0F3C, 62730000
0x803F0F44, 3E800000
0x803F0F4C, 62940001
0x803F0F34, 3EA00002
0x803F0F3C, 62B50003
0x803F0F44, 3EC00000
0x803F0F4C, 62D60001
0x803F0F34, 3EE0FFFF
0x803F0F3C, 62F7FFFF
0x803F0F44, 3F00FFFF
0x803F0F4C, 6318FFFF
0x803F0F34, 3F20FFFF
0x803F0F3C, 6339FFFF
0x803F0F44, 3F40FFFF
0x803F0F4C, 635AFFFF
0x803F0F34, 3F600000
0x803F0F3C, 637B0001
0x803F0F44, 3F800002
0x803F0F4C, 639CFFFF
0x803F0F34, 3FA0FFFF
0x803F0F3C, 63BDFFFF
0x803F0F44, 3FC0FFFF
0x803F0F4C, 63DEFFFF
0x803F0F34, 3FE0FFFF
0x803F0F3C, 63FFFFFF
0x803F0F44, 0x60000000
0x803F0F4C, BE080000
0x803F0F34, 3D008033
0x803F0F3C, 61086FC0
0x803F0F44, 3E00FFFF
0x803F0F4C, 6210FFFF
0x803F0F34, 3E20FFFF
0x803F0F3C, 6231FFFF
0x803F0F44, 3E40FFFF
0x803F0F4C, 6252FFFF
0x803F0F34, 3E600000
0x803F0F3C, 62730001
0x803F0F44, 3E80FFFF
0x803F0F4C, 6294FFFF
0x803F0F34, 3EA0FFFF
0x803F0F3C, 62B5FFFF
0x803F0F44, 3EC0FFFF
0x803F0F4C, 62D6FFFF
0x803F0F34, 3EE0FFFF
0x803F0F3C, 62F7FFFF
0x803F0F44, 3F000001
0x803F0F4C, 6318FFFF
0x803F0F34, 3F20FFFF
0x803F0F3C, 6339FFFF
0x803F0F44, 3F40FFFF
0x803F0F4C, 635AFFFF
0x803F0F34, 3F60FFFF
0x803F0F3C, 637BFFFF
0x803F0F44, 3F80FFFF
0x803F0F4C, 639CFFFF
0x803F0F34, 3FA0FFFF
0x803F0F3C, 63BDFFFF
0x803F0F44, 3FC0FFFF
0x803F0F4C, 63DEFFFF
0x803F0F34, 3FE0FFFF
0x803F0F3C, 63FFFFFF
0x803F0F44, 0x60000000
0x803F0F4C, BE080000
0x803F0F34, 3D008033
0x803F0F3C, 61087000
0x803F0F44, 3E00FFFF
0x803F0F4C, 6210FFFF
0x803F0F34, 3E20FFFF
0x803F0F3C, 6231FFFF
0x803F0F44, 3E400000
0x803F0F4C, 62520001
0x803F0F34, 3E600002
0x803F0F3C, 6273FFFF
0x803F0F44, 3E80FFFF
0x803F0F4C, 6294FFFF
0x803F0F34, 3EA0FFFF
0x803F0F3C, 62B5FFFF
0x803F0F44, 3EC00000
0x803F0F4C, 62D60000
0x803F0F34, 3EE00001
0x803F0F3C, 62F70000
0x803F0F44, 3F000C0C
0x803F0F4C, 63181E0C
0x803F0F34, 3F200C0C
0x803F0F3C, 63390C0C
0x803F0F44, 3F400C0C
0x803F0F4C, 635A0C0C
0x803F0F34, 3F600C0C
0x803F0F3C, 637B0C0C
0x803F0F44, 3F801C1F
0x803F0F4C, 639C1C1C
0x803F0F34, 3FA01C1C
0x803F0F3C, 63BD1C1C
0x803F0F44, 3FC01C1C
0x803F0F4C, 63DE1C1C
0x803F0F34, 3FE01C1C
0x803F0F3C, 63FF1C1C
0x803F0F44, 0x60000000
0x803F0F4C, BE080000
0x803F0F34, 3D008033
0x803F0F3C, 61087040
0x803F0F44, 3E000000
0x803F0F4C, 62100001
0x803F0F34, 3E200002
0x803F0F3C, 6231FFFF
0x803F0F44, 3E40FFFF
0x803F0F4C, 6252FFFF
0x803F0F34, 3E60FFFF
0x803F0F3C, 6273FFFF
0x803F0F44, 3E80FFFF
0x803F0F4C, 6294FFFF
0x803F0F34, 3EA0FFFF
0x803F0F3C, 62B5FFFF
0x803F0F44, 3EC0FFFF
0x803F0F4C, 62D6FFFF
0x803F0F34, 3EE0FFFF
0x803F0F3C, 62F7FFFF
0x803F0F44, 3F000000
0x803F0F4C, 63180001
0x803F0F34, 3F200001
0x803F0F3C, 63390002
0x803F0F44, 3F400000
0x803F0F4C, 635A0001
0x803F0F34, 3F600002
0x803F0F3C, 637BFFFF
0x803F0F44, 3F80FFFF
0x803F0F4C, 639CFFFF
0x803F0F34, 3FA0FFFF
0x803F0F3C, 63BDFFFF
0x803F0F44, 3FC0FFFF
0x803F0F4C, 63DEFFFF
0x803F0F34, 3FE0FFFF
0x803F0F3C, 63FFFFFF
0x803F0F44, 0x60000000
0x803F0F4C, BE080000
0x803F0F34, 3D008033
0x803F0F3C, 61087080
0x803F0F44, 3E00FFFF
0x803F0F4C, 6210FFFF
0x803F0F34, 3E20FFFF
0x803F0F3C, 6231FFFF
0x803F0F44, 3E400000
0x803F0F4C, 62520001
0x803F0F34, 3E600002
0x803F0F3C, 6273FFFF
0x803F0F44, 3E80FFFF
0x803F0F4C, 6294FFFF
0x803F0F34, 3EA0FFFF
0x803F0F3C, 62B5FFFF
0x803F0F44, 3EC0FFFF
0x803F0F4C, 62D6FFFF
0x803F0F34, 3EE0FFFF
0x803F0F3C, 62F7FFFF
0x803F0F44, 3F00FFFF
0x803F0F4C, 6318FFFF
0x803F0F34, 3F20FFFF
0x803F0F3C, 6339FFFF
0x803F0F44, 3F400000
0x803F0F4C, 635A0000
0x803F0F34, 3F600000
0x803F0F3C, 637B0000
0x803F0F44, 3F800000
0x803F0F4C, 639C0000
0x803F0F34, 3FA00000
0x803F0F3C, 63BD0000
0x803F0F44, 3FC00000
0x803F0F4C, 63DE0000
0x803F0F34, 3FE00000
0x803F0F3C, 63FF0000
0x803F0F44, 0x60000000
0x803F0F4C, BE080000
0x803F0F34, 3D008033
0x803F0F3C, 610870C0
0x803F0F44, 3E000000
0x803F0F4C, 62100000
0x803F0F34, 3E200000
0x803F0F3C, 62310000
0x803F0F44, 3E400000
0x803F0F4C, 62520000
0x803F0F34, 3E600000
0x803F0F3C, 62730000
0x803F0F44, 3E800100
0x803F0F4C, 62940001
0x803F0F34, 3EA00101
0x803F0F3C, 62B50001
0x803F0F44, 3EC00000
0x803F0F4C, 62D60000
0x803F0F34, 3EE00000
0x803F0F3C, 62F70001
0x803F0F44, 3F000002
0x803F0F4C, 63180003
0x803F0F34, 3F200000
0x803F0F3C, 63390001
0x803F0F44, 3F40FFFF
0x803F0F4C, 635AFFFF
0x803F0F34, 3F60FFFF
0x803F0F3C, 637BFFFF
0x803F0F44, 3F80FFFF
0x803F0F4C, 639CFFFF
0x803F0F34, 3FA0FFFF
0x803F0F3C, 63BDFFFF
0x803F0F44, 3FC00000
0x803F0F4C, 63DE0002
0x803F0F34, 3FE0FFFF
0x803F0F3C, 63FFFFFF
0x803F0F44, 0x60000000
0x803F0F4C, BE080000
0x803F0F34, 3D008033
0x803F0F3C, 61087100
0x803F0F44, 3E00FFFF
0x803F0F4C, 6210FFFF
0x803F0F34, 3E20FFFF
0x803F0F3C, 6231FFFF
0x803F0F44, 3E40FFFF
0x803F0F4C, 6252FFFF
0x803F0F34, 3E60FFFF
0x803F0F3C, 6273FFFF
0x803F0F44, 3E80FFFF
0x803F0F4C, 6294FFFF
0x803F0F34, 3EA0FFFF
0x803F0F3C, 62B5FFFF
0x803F0F44, 3EC00000
0x803F0F4C, 62D6FFFF
0x803F0F34, 3EE0FFFF
0x803F0F3C, 62F7FFFF
0x803F0F44, 3F00FFFF
0x803F0F4C, 6318FFFF
0x803F0F34, 3F20FFFF
0x803F0F3C, 6339FFFF
0x803F0F44, 3F40FFFF
0x803F0F4C, 635AFFFF
0x803F0F34, 3F60FFFF
0x803F0F3C, 637BFFFF
0x803F0F44, 3F80FFFF
0x803F0F4C, 639CFFFF
0x803F0F34, 3FA0FFFF
0x803F0F3C, 63BDFFFF
0x803F0F44, 3FC0FFFF
0x803F0F4C, 63DEFFFF
0x803F0F34, 3FE0FFFF
0x803F0F3C, 63FFFFFF
0x803F0F44, 0x60000000
0x803F0F4C, BE080000
0x803F0F34, 3D008033
0x803F0F3C, 61087140
0x803F0F44, 3E00FFFF
0x803F0F4C, 6210FFFF
0x803F0F34, 3E20FFFF
0x803F0F3C, 6231FFFF
0x803F0F44, 3E40FFFF
0x803F0F4C, 6252FFFF
0x803F0F34, 3E60FFFF
0x803F0F3C, 6273FFFF
0x803F0F44, 3E80FFFF
0x803F0F4C, 6294FFFF
0x803F0F34, 3EA00003
0x803F0F3C, 62B50002
0x803F0F44, 3EC0FFFF
0x803F0F4C, 62D6FFFF
0x803F0F34, 3EE0FFFF
0x803F0F3C, 62F7FFFF
0x803F0F44, 3F00FFFF
0x803F0F4C, 6318FFFF
0x803F0F34, 3F200000
0x803F0F3C, 63390002
0x803F0F44, 3F400000
0x803F0F4C, 635A0000
0x803F0F34, 3F600C0C
0x803F0F3C, 637B0D0C
0x803F0F44, 3F800C0C
0x803F0F4C, 639C0C0C
0x803F0F34, 3FA00C0C
0x803F0F3C, 63BD0C0C
0x803F0F44, 3FC00C0C
0x803F0F4C, 63DE0C0C
0x803F0F34, 3FE01C1F
0x803F0F3C, 63FF1C1C
0x803F0F44, 0x60000000
0x803F0F4C, BE080000
0x803F0F34, 3D008033
0x803F0F3C, 61087180
0x803F0F44, 3E001C1C
0x803F0F4C, 62101C1C
0x803F0F34, 3E201C1C
0x803F0F3C, 62311C1C
0x803F0F44, 3E401C1C
0x803F0F4C, 62521C1C
0x803F0F34, 3E600002
0x803F0F3C, 62730001
0x803F0F44, 3E80FFFF
0x803F0F4C, 6294FFFF
0x803F0F34, 3EA0FFFF
0x803F0F3C, 62B5FFFF
0x803F0F44, 3EC0FFFF
0x803F0F4C, 62D6FFFF
0x803F0F34, 3EE0FFFF
0x803F0F3C, 62F7FFFF
0x803F0F44, 3F00FFFF
0x803F0F4C, 6318FFFF
0x803F0F34, 3F20FFFF
0x803F0F3C, 6339FFFF
0x803F0F44, 3F40FFFF
0x803F0F4C, 635AFFFF
0x803F0F34, 3F600000
0x803F0F3C, 637B0001
0x803F0F44, 3F800001
0x803F0F4C, 639C0002
0x803F0F34, 3FA00000
0x803F0F3C, 63BD0001
0x803F0F44, 3FC0FFFF
0x803F0F4C, 63DEFFFF
0x803F0F34, 3FE0FFFF
0x803F0F3C, 63FFFFFF
0x803F0F44, 0x60000000
0x803F0F4C, BE080000
0x803F0F34, 3D008033
0x803F0F3C, 610871C0
0x803F0F44, 3E00FFFF
0x803F0F4C, 6210FFFF
0x803F0F34, 3E20FFFF
0x803F0F3C, 6231FFFF
0x803F0F44, 3E40FFFF
0x803F0F4C, 6252FFFF
0x803F0F34, 3E60FFFF
0x803F0F3C, 6273FFFF
0x803F0F44, 3E80FFFF
0x803F0F4C, 6294FFFF
0x803F0F34, 3EA00000
0x803F0F3C, 62B50001
0x803F0F44, 3EC0FFFF
0x803F0F4C, 62D6FFFF
0x803F0F34, 3EE0FFFF
0x803F0F3C, 62F7FFFF
0x803F0F44, 3F00FFFF
0x803F0F4C, 6318FFFF
0x803F0F34, 3F20FFFF
0x803F0F3C, 6339FFFF
0x803F0F44, 3F40FFFF
0x803F0F4C, 635AFFFF
0x803F0F34, 3F60FFFF
0x803F0F3C, 637BFFFF
0x803F0F44, 3F80FFFF
0x803F0F4C, 639CFFFF
0x803F0F34, 3FA00000
0x803F0F3C, 63BD0000
0x803F0F44, 3FC00000
0x803F0F4C, 63DE0000
0x803F0F34, 3FE00000
0x803F0F3C, 63FF0000
0x803F0F44, 0x60000000
0x803F0F4C, BE080000
0x803F0F34, 3D008033
0x803F0F3C, 61087200
0x803F0F44, 3E000000
0x803F0F4C, 62100000
0x803F0F34, 3E200000
0x803F0F3C, 62310000
0x803F0F44, 3E400000
0x803F0F4C, 62520000
0x803F0F34, 3E600000
0x803F0F3C, 62730000
0x803F0F44, 3E800000
0x803F0F4C, 62940000
0x803F0F34, 3EA00000
0x803F0F3C, 62B50001
0x803F0F44, 3EC00000
0x803F0F4C, 62D60000
0x803F0F34, 3EE00000
0x803F0F3C, 62F70001
0x803F0F44, 3F000002
0x803F0F4C, 6318FFFF
0x803F0F34, 3F205A01
0x803F0F3C, 6339000C
0x803F0F44, 3F400FFE
0x803F0F4C, 635A0014
0x803F0F34, 3F605343
0x803F0F3C, 637B5F62
0x803F0F44, 3F806F6F
0x803F0F4C, 639C7400
0x803F0F34, 3FA0626F
0x803F0F3C, 63BD6F74
0x803F0F44, 3FC00054
0x803F0F4C, 63DE6869
0x803F0F34, 3FE00000
0x803F0F3C, 63FFFFFF
0x803F0F44, 0x60000000
0x803F0F4C, BE080000
0x803F0F34, 3D008033
0x803F0F3C, 61087240
0x803F0F44, 3E00FFFF
0x803F0F4C, 6210FFFF
0x803F0F34, 3E20FFFF
0x803F0F3C, 6231FFFF
0x803F0F44, 3E40FFFF
0x803F0F4C, 6252FFFF
0x803F0F34, 3E60FFFF
0x803F0F3C, 6273FFFF
0x803F0F44, 3E803F00
0x803F0F4C, 62940000
0x803F0F34, 3EA00000
0x803F0F3C, 62B50000
0x803F0F44, 3EC00000
0x803F0F4C, 62D60000
0x803F0F34, 3EE00000
0x803F0F3C, 62F70000
0x803F0F44, 3F003F00
0x803F0F4C, 63180000
0x803F0F34, 3F200000
0x803F0F3C, 63390000
0x803F0F44, 3F4001FF
0x803F0F4C, 635AFFFF
0x803F0F34, 3F603F00
0x803F0F3C, 637B0000
0x803F0F44, 3F800000
0x803F0F4C, 639C0000
0x803F0F34, 3FA00000
0x803F0F3C, 63BD0000
0x803F0F44, 3FC00000
0x803F0F4C, 63DE0000
0x803F0F34, 3FE03F00
0x803F0F3C, 63FF0000
0x803F0F44, 0x60000000
0x803F0F4C, BE080000
0x803F0F34, 3D008033
0x803F0F3C, 61087280
0x803F0F44, 3E000000
0x803F0F4C, 62100000
0x803F0F34, 3E2001FF
0x803F0F3C, 6231FFFF
0x803F0F44, 3E403F00
0x803F0F4C, 62520000
0x803F0F34, 3E600000
0x803F0F3C, 62730000
0x803F0F44, 3E800000
0x803F0F4C, 62940000
0x803F0F34, 3EA00000
0x803F0F3C, 62B50000
0x803F0F44, 3EC03F00
0x803F0F4C, 62D60000
0x803F0F34, 3EE00000
0x803F0F3C, 62F70000
0x803F0F44, 3F0001FF
0x803F0F4C, 6318FFFF
0x803F0F34, 3F200000
0x803F0F3C, 6339FFFF
0x803F0F44, 3F400000
0x803F0F4C, 635AFFFF
0x803F0F34, 3F600000
0x803F0F3C, 637BFFFF
0x803F0F44, 3F800000
0x803F0F4C, 639CFFFF
0x803F0F34, 3FA00000
0x803F0F3C, 63BD0000
0x803F0F44, 3FC00000
0x803F0F4C, 63DE0000
0x803F0F34, 3FE000FF
0x803F0F3C, 63FFFFFF
0x803F0F44, 0x60000000
0x803F0F4C, BE080000
0x803F0F34, 3D008033
0x803F0F3C, 610872C0
0x803F0F44, 3E000000
0x803F0F4C, 62100000
0x803F0F34, 3E200000
0x803F0F3C, 62310000
0x803F0F44, 3E4000FF
0x803F0F4C, 6252FFFF
0x803F0F34, 3E600000
0x803F0F3C, 62730000
0x803F0F44, 3E800000
0x803F0F4C, 62940000
0x803F0F34, 3EA000FF
0x803F0F3C, 62B5FFFF
0x803F0F44, 3EC00000
0x803F0F4C, 62D60000
0x803F0F34, 3EE00000
0x803F0F3C, 62F70000
0x803F0F44, 3F0000FF
0x803F0F4C, 6318FFFF
0x803F0F34, 3F200000
0x803F0F3C, 63390000
0x803F0F44, 3F400000
0x803F0F4C, 635A0000
0x803F0F34, 3F6000FF
0x803F0F3C, 637BFFFF
0x803F0F44, 3F800000
0x803F0F4C, 639C0000
0x803F0F34, 3FA00000
0x803F0F3C, 63BD0000
0x803F0F44, 3FC000FF
0x803F0F4C, 63DEFFFF
0x803F0F34, 3FE00000
0x803F0F3C, 63FF0000
0x803F0F44, 0x60000000
0x803F0F4C, BE080000
0x803F0F34, 3D008033
0x803F0F3C, 61087300
0x803F0F44, 3E000000
0x803F0F4C, 62100000
0x803F0F34, 3E2000FF
0x803F0F3C, 6231FFFF
0x803F0F44, 3E400000
0x803F0F4C, 62520000
0x803F0F34, 3E600000
0x803F0F3C, 62730000
0x803F0F44, 3E8000FF
0x803F0F4C, 6294FFFF
0x803F0F34, 3EA00000
0x803F0F3C, 62B50000
0x803F0F44, 3EC00000
0x803F0F4C, 62D60000
0x803F0F34, 3EE000FF
0x803F0F3C, 62F7FFFF
0x803F0F44, 3F000000
0x803F0F4C, 63180000
0x803F0F34, 3F200000
0x803F0F3C, 63390000
0x803F0F44, 3F4000FF
0x803F0F4C, 635AFFFF
0x803F0F34, 3F600000
0x803F0F3C, 637B0000
0x803F0F44, 3F800000
0x803F0F4C, 639C0000
0x803F0F34, 3FA000FF
0x803F0F3C, 63BDFFFF
0x803F0F44, 3FC00000
0x803F0F4C, 63DE0000
0x803F0F34, 3FE00000
0x803F0F3C, 63FF0000
0x803F0F44, 0x60000000
0x803F0F4C, BE080000
0x803F0F34, 3D008033
0x803F0F3C, 61087340
0x803F0F44, 3E0000FF
0x803F0F4C, 6210FFFF
0x803F0F34, 3E200000
0x803F0F3C, 62310000
0x803F0F44, 3E400000
0x803F0F4C, 62520000
0x803F0F34, 3E6000FF
0x803F0F3C, 6273FFFF
0x803F0F44, 3E800000
0x803F0F4C, 62940000
0x803F0F34, 3EA00000
0x803F0F3C, 62B50000
0x803F0F44, 3EC000FF
0x803F0F4C, 62D6FFFF
0x803F0F34, 3EE00000
0x803F0F3C, 62F70000
0x803F0F44, 3F000000
0x803F0F4C, 63180000
0x803F0F34, 3F2000FF
0x803F0F3C, 6339FFFF
0x803F0F44, 3F400000
0x803F0F4C, 635A0000
0x803F0F34, 3F600000
0x803F0F3C, 637B0000
0x803F0F44, 3F8000FF
0x803F0F4C, 639CFFFF
0x803F0F34, 3FA00000
0x803F0F3C, 63BDFFFF
0x803F0F44, 3FC0FFFF
0x803F0F4C, 63DEFFFF
0x803F0F34, 3FE0FFFF
0x803F0F3C, 63FFFFFF
0x803F0F44, 0x60000000
0x803F0F4C, BE080000
0x803F0F34, 3D008033
0x803F0F3C, 61087380
0x803F0F44, 3E00FFFF
0x803F0F4C, 6210FFFF
0x803F0F34, 3E20FFFF
0x803F0F3C, 6231FFFF
0x803F0F44, 3E403F00
0x803F0F4C, 62520000
0x803F0F34, 3E600000
0x803F0F3C, 62730000
0x803F0F44, 3E800000
0x803F0F4C, 62940000
0x803F0F34, 3EA00000
0x803F0F3C, 62B50000
0x803F0F44, 3EC03F00
0x803F0F4C, 62D60000
0x803F0F34, 3EE00000
0x803F0F3C, 62F70000
0x803F0F44, 3F0001FF
0x803F0F4C, 6318FFFF
0x803F0F34, 3F203F00
0x803F0F3C, 63390000
0x803F0F44, 3F400000
0x803F0F4C, 635A0000
0x803F0F34, 3F600000
0x803F0F3C, 637B0000
0x803F0F44, 3F800000
0x803F0F4C, 639C0000
0x803F0F34, 3FA03F00
0x803F0F3C, 63BD0000
0x803F0F44, 3FC00000
0x803F0F4C, 63DE0000
0x803F0F34, 3FE001FF
0x803F0F3C, 63FFFFFF
0x803F0F44, 0x60000000
0x803F0F4C, BE080000
0x803F0F34, 3D008033
0x803F0F3C, 610873C0
0x803F0F44, 3E003F00
0x803F0F4C, 62100000
0x803F0F34, 3E200000
0x803F0F3C, 62310000
0x803F0F44, 3E400000
0x803F0F4C, 62520000
0x803F0F34, 3E600000
0x803F0F3C, 62730000
0x803F0F44, 3E803F00
0x803F0F4C, 62940000
0x803F0F34, 3EA00000
0x803F0F3C, 62B50000
0x803F0F44, 3EC001FF
0x803F0F4C, 62D6FFFF
0x803F0F34, 3EE00000
0x803F0F3C, 62F7FFFF
0x803F0F44, 3F000000
0x803F0F4C, 6318FFFF
0x803F0F34, 3F200000
0x803F0F3C, 6339FFFF
0x803F0F44, 3F400000
0x803F0F4C, 635AFFFF
0x803F0F34, 3F600000
0x803F0F3C, 637B0000
0x803F0F44, 3F800000
0x803F0F4C, 639C0000
0x803F0F34, 3FA000FF
0x803F0F3C, 63BDFFFF
0x803F0F44, 3FC00000
0x803F0F4C, 63DE0000
0x803F0F34, 3FE00000
0x803F0F3C, 63FF0000
0x803F0F44, 0x60000000
0x803F0F4C, BE080000
0x803F0F34, 3D008033
0x803F0F3C, 61087400
0x803F0F44, 3E0000FF
0x803F0F4C, 6210FFFF
0x803F0F34, 3E200000
0x803F0F3C, 62310000
0x803F0F44, 3E400000
0x803F0F4C, 62520000
0x803F0F34, 3E6000FF
0x803F0F3C, 6273FFFF
0x803F0F44, 3E800000
0x803F0F4C, 62940000
0x803F0F34, 3EA00000
0x803F0F3C, 62B50000
0x803F0F44, 3EC000FF
0x803F0F4C, 62D6FFFF
0x803F0F34, 3EE00000
0x803F0F3C, 62F70000
0x803F0F44, 3F000000
0x803F0F4C, 63180000
0x803F0F34, 3F2000FF
0x803F0F3C, 6339FFFF
0x803F0F44, 3F400000
0x803F0F4C, 635A0000
0x803F0F34, 3F600000
0x803F0F3C, 637B0000
0x803F0F44, 3F8000FF
0x803F0F4C, 639CFFFF
0x803F0F34, 3FA00000
0x803F0F3C, 63BD0000
0x803F0F44, 3FC00000
0x803F0F4C, 63DE0000
0x803F0F34, 3FE000FF
0x803F0F3C, 63FFFFFF
0x803F0F44, 0x60000000
0x803F0F4C, BE080000
0x803F0F34, 3D008033
0x803F0F3C, 61087440
0x803F0F44, 3E000000
0x803F0F4C, 62100000
0x803F0F34, 3E200000
0x803F0F3C, 62310000
0x803F0F44, 3E4000FF
0x803F0F4C, 6252FFFF
0x803F0F34, 3E600000
0x803F0F3C, 62730000
0x803F0F44, 3E800000
0x803F0F4C, 62940000
0x803F0F34, 3EA000FF
0x803F0F3C, 62B5FFFF
0x803F0F44, 3EC00000
0x803F0F4C, 62D60000
0x803F0F34, 3EE00000
0x803F0F3C, 62F70000
0x803F0F44, 3F0000FF
0x803F0F4C, 6318FFFF
0x803F0F34, 3F200000
0x803F0F3C, 63390000
0x803F0F44, 3F400000
0x803F0F4C, 635A0000
0x803F0F34, 3F6000FF
0x803F0F3C, 637BFFFF
0x803F0F44, 3F800000
0x803F0F4C, 639C0000
0x803F0F34, 3FA00000
0x803F0F3C, 63BD0000
0x803F0F44, 3FC000FF
0x803F0F4C, 63DEFFFF
0x803F0F34, 3FE00000
0x803F0F3C, 63FF0000
0x803F0F44, 0x60000000
0x803F0F4C, BE080000
0x803F0F34, 3D008033
0x803F0F3C, 61087480
0x803F0F44, 3E000000
0x803F0F4C, 62100000
0x803F0F34, 3E2000FF
0x803F0F3C, 6231FFFF
0x803F0F44, 3E400000
0x803F0F4C, 62520000
0x803F0F34, 3E600000
0x803F0F3C, 62730000
0x803F0F44, 3E8000FF
0x803F0F4C, 6294FFFF
0x803F0F34, 3EA00000
0x803F0F3C, 62B50000
0x803F0F44, 3EC00000
0x803F0F4C, 62D60000
0x803F0F34, 3EE000FF
0x803F0F3C, 62F7FFFF
0x803F0F44, 3F000000
0x803F0F4C, 63180000
0x803F0F34, 3F200000
0x803F0F3C, 63390000
0x803F0F44, 3F4000FF
0x803F0F4C, 635AFFFF
0x803F0F34, 3F600000
0x803F0F3C, 637B0002
0x803F0F44, 3F800000
0x803F0F4C, 639C0001
0x803F0F34, 3FA00000
0x803F0F3C, 63BD0000
0x803F0F44, 3FC0FFFF
0x803F0F4C, 63DEFFFF
0x803F0F34, 3FE00154
0x803F0F3C, 63FF6869
0x803F0F44, 0x60000000
0x803F0F4C, BE080000
0x803F0F34, 3D008033
0x803F0F3C, 610874C0
0x803F0F44, 3E000100
0x803F0F4C, 62100102
0x803F0F34, 3E200100
0x803F0F3C, 6231FFFF
0x803F0F44, 3E400000
0x803F0F4C, 62520002
0x803F0F34, 3E600100
0x803F0F3C, 6273FFFF
0x803F0F44, 3E800100
0x803F0F4C, 62940001
0x803F0F34, 3EA00000
0x803F0F3C, 62B5FFFF
0x803F0F44, 3EC00000
0x803F0F4C, 62D60000
0x803F0F34, 3EE00200
0x803F0F3C, 62F7FFFF
0x803F0F44, 3F003232
0x803F0F4C, 63183232
0x803F0F34, 3F200000
0x803F0F3C, 63390000
0x803F0F44, 3F400302
0x803F0F4C, 635A5468
0x803F0F34, 3F600104
0x803F0F3C, 637B3CFF
0x803F0F44, 3F800101
0x803F0F4C, 639C21FF
0x803F0F34, 3FA00A13
0x803F0F3C, 63BD3CFF
0x803F0F44, 3FC00100
0x803F0F4C, 63DEFFFF
0x803F0F34, 3FE03F00
0x803F0F3C, 63FF0000
0x803F0F44, 0x60000000
0x803F0F4C, BE080000
0x803F0F34, 3D008033
0x803F0F3C, 61087500
0x803F0F44, 3E003F00
0x803F0F4C, 62100000
0x803F0F34, 3E203F00
0x803F0F3C, 62310000
0x803F0F44, 3E403F80
0x803F0F4C, 62520000
0x803F0F34, 3E603F80
0x803F0F3C, 62730000
0x803F0F44, 3E800000
0x803F0F4C, 6294FFFF
0x803F0F34, 3EA00000
0x803F0F3C, 62B50000
0x803F0F44, 3EC00000
0x803F0F4C, 62D60000
0x803F0F34, 3EE03F80
0x803F0F3C, 62F70000
0x803F0F44, 3F000000
0x803F0F4C, 63180000
0x803F0F34, 3F200000
0x803F0F3C, 63390000
0x803F0F44, 3F400000
0x803F0F4C, 635A0000
0x803F0F34, 3F600000
0x803F0F3C, 637B0000
0x803F0F44, 3F803F80
0x803F0F4C, 639C0000
0x803F0F34, 3FA00000
0x803F0F3C, 63BD0000
0x803F0F44, 3FC00000
0x803F0F4C, 63DE0000
0x803F0F34, 3FE00000
0x803F0F3C, 63FF0000
0x803F0F44, 0x60000000
0x803F0F4C, BE080000
0x803F0F34, 3D008033
0x803F0F3C, 61087540
0x803F0F44, 3E000000
0x803F0F4C, 62100000
0x803F0F34, 3E203F80
0x803F0F3C, 62310000
0x803F0F44, 3E400000
0x803F0F4C, 62520000
0x803F0F34, 3E600000
0x803F0F3C, 62730000
0x803F0F44, 3E800000
0x803F0F4C, 62940000
0x803F0F34, 3EA00000
0x803F0F3C, 62B50000
0x803F0F44, 3EC03F80
0x803F0F4C, 62D60000
0x803F0F34, 3EE00106
0x803F0F3C, 62F7FFFF
0x803F0F44, 3F003F00
0x803F0F4C, 63180000
0x803F0F34, 3F203F00
0x803F0F3C, 63390000
0x803F0F44, 3F403F00
0x803F0F4C, 635A0000
0x803F0F34, 3F603F00
0x803F0F3C, 637B0000
0x803F0F44, 3F803F80
0x803F0F4C, 639C0000
0x803F0F34, 3FA00000
0x803F0F3C, 63BDFFFF
0x803F0F44, 3FC03F4C
0x803F0F4C, 63DECCCD
0x803F0F34, 3FE03F4C
0x803F0F3C, 63FFCCCD
0x803F0F44, 0x60000000
0x803F0F4C, BE080000
0x803F0F34, 3D008033
0x803F0F3C, 61087580
0x803F0F44, 3E003F75
0x803F0F4C, 6210306F
0x803F0F34, 3E208000
0x803F0F3C, 62310000
0x803F0F44, 3E403E93
0x803F0F4C, 625237B1
0x803F0F34, 3E608000
0x803F0F3C, 62730000
0x803F0F44, 3E803D48
0x803F0F4C, 6294F3FE
0x803F0F34, 3EA03F7C
0x803F0F3C, 62B53EFB
0x803F0F44, 3EC0BE27
0x803F0F4C, 62D657B3
0x803F0F34, 3EE08000
0x803F0F3C, 62F70000
0x803F0F44, 3F00BE91
0x803F0F4C, 63180F0B
0x803F0F34, 3F203E2E
0x803F0F3C, 6339B892
0x803F0F44, 3F403F71
0x803F0F4C, 635A9800
0x803F0F34, 3F608000
0x803F0F3C, 637B0000
0x803F0F44, 3F800000
0x803F0F4C, 639C0000
0x803F0F34, 3FA00000
0x803F0F3C, 63BD0000
0x803F0F44, 3FC00000
0x803F0F4C, 63DE0000
0x803F0F34, 3FE03F80
0x803F0F3C, 63FF0000
0x803F0F44, 0x60000000
0x803F0F4C, BE080000
0x803F0F34, 3D008033
0x803F0F3C, 610875C0
0x803F0F44, 3E000002
0x803F0F4C, 62100003
0x803F0F34, 3E200001
0x803F0F3C, 62310000
0x803F0F44, 3E400202
0x803F0F4C, 6252FFFF
0x803F0F34, 3E600000
0x803F0F3C, 6273FFFF
0x803F0F44, 3E800101
0x803F0F4C, 6294FFFF
0x803F0F34, 3EA00080
0x803F0F3C, 62B50080
0x803F0F44, 3EC00080
0x803F0F4C, 62D600FF
0x803F0F34, 3EE000FF
0x803F0F3C, 62F700FF
0x803F0F44, 3F0000FF
0x803F0F4C, 631800FF
0x803F0F34, 3F200000
0x803F0F3C, 63390000
0x803F0F44, 3F400000
0x803F0F4C, 635A0000
0x803F0F34, 3F60FFFF
0x803F0F3C, 637BFFFF
0x803F0F44, 3F80FFFF
0x803F0F4C, 639CFF32
0x803F0F34, 3FA0A05A
0x803F0F3C, 63BD00FF
0x803F0F44, 3FC00302
0x803F0F4C, 63DE5468
0x803F0F34, 3FE0FF02
0x803F0F3C, 63FF0E08
0x803F0F44, 0x60000000
0x803F0F4C, BE080000
0x803F0F34, 3D008033
0x803F0F3C, 61087600
0x803F0F44, 3E000F00
0x803F0F4C, 62100000
0x803F0F34, 3E200100
0x803F0F3C, 62310707
0x803F0F44, 3E400707
0x803F0F4C, 62520000
0x803F0F34, 3E600001
0x803F0F3C, 627300FF
0x803F0F44, 3E80FF0F
0x803F0F4C, 62940800
0x803F0F34, 3EA00F00
0x803F0F3C, 62B50000
0x803F0F44, 3EC00100
0x803F0F4C, 62D60706
0x803F0F34, 3EE00407
0x803F0F3C, 62F70000
0x803F0F44, 3F000001
0x803F0F4C, 631800FF
0x803F0F34, 3F20FF08
0x803F0F3C, 63390D0E
0x803F0F44, 3F400008
0x803F0F4C, 635A0300
0x803F0F34, 3F600100
0x803F0F3C, 637B0007
0x803F0F44, 3F800707
0x803F0F4C, 639C0000
0x803F0F34, 3FA00001
0x803F0F3C, 63BD00FF
0x803F0F44, 3FC00000
0x803F0F4C, 63DEFFFF
0x803F0F34, 3FE00000
0x803F0F3C, 63FFFFFF
0x803F0F44, 0x60000000
0x803F0F4C, BE080000
0x803F0F34, 3D008033
0x803F0F3C, 61087640
0x803F0F44, 3E000002
0x803F0F4C, 6210FFFF
0x803F0F34, 3E200001
0x803F0F3C, 62310203
0x803F0F44, 3E400200
0x803F0F4C, 62520140
0x803F0F34, 3E604120
0x803F0F3C, 62730000
0x803F0F44, 3E804743
0x803F0F4C, 62945000
0x803F0F34, 3EA040A0
0x803F0F3C, 62B50000
0x803F0F44, 3EC04743
0x803F0F4C, 62D65000
0x803F0F34, 3EE0FFFF
0x803F0F3C, 62F7FFFF
0x803F0F44, 3F000100
0x803F0F4C, 63180101
0x803F0F34, 3F200103
0x803F0F3C, 63390106
0x803F0F44, 3F400109
0x803F0F4C, 635A010D
0x803F0F34, 3F600112
0x803F0F3C, 637B0117
0x803F0F44, 3F80011D
0x803F0F4C, 639C0124
0x803F0F34, 3FA00680
0x803F0F3C, 63BD0003
0x803F0F44, 3FC0FFFF
0x803F0F4C, 63DEFFFF
0x803F0F34, 3FE00700
0x803F0F3C, 63FF0107
0x803F0F44, 0x60000000
0x803F0F4C, BE080000
0x803F0F34, 3D008033
0x803F0F3C, 61087680
0x803F0F44, 3E0000FF
0x803F0F4C, 6210FFFF
0x803F0F34, 3E200001
0x803F0F3C, 62310003
0x803F0F44, 3E400103
0x803F0F4C, 625201FF
0x803F0F34, 3E600001
0x803F0F3C, 62735468
0x803F0F44, 3E800001
0x803F0F4C, 62945468
0x803F0F34, 3EA000FF
0x803F0F3C, 62B5FFFF
0x803F0F44, 3EC03F80
0x803F0F4C, 62D60000
0x803F0F34, 3EE03F80
0x803F0F3C, 62F70000
0x803F0F44, 3F003F80
0x803F0F4C, 63180000
0x803F0F34, 3F205468
0x803F0F3C, 63396973
0x803F0F44, 3F402069
0x803F0F4C, 635A7320
0x803F0F34, 3F607061
0x803F0F3C, 637B6464
0x803F0F44, 3F80696E
0x803F0F4C, 639C6720
0x803F0F34, 3FA06461
0x803F0F3C, 63BD7461
0x803F0F44, 3FC02074
0x803F0F4C, 63DE6F20
0x803F0F34, 3FE0616C
0x803F0F3C, 63FF6967
0x803F0F44, 0x60000000
0x803F0F4C, BE080000
0x803F0F34, 3D008033
0x803F0F3C, 610876C0
0x803F0F44, 3E004D44
0x803F0F4C, 62104C33
0x803F0F34, 3E200000
0x803F0F3C, 62310500
0x803F0F44, 3E400002
0x803F0F4C, 6252FFFF
0x803F0F34, 3E600000
0x803F0F3C, 62730040
0x803F0F44, 3E800000
0x803F0F4C, 629404A0
0x803F0F34, 3EA00000
0x803F0F3C, 62B504C0
0x803F0F44, 3EC00000
0x803F0F4C, 62D604D0
0x803F0F34, 3EE00000
0x803F0F3C, 62F704D4
0x803F0F44, 3F000000
0x803F0F4C, 631804D8
0x803F0F34, 3F205468
0x803F0F3C, 63396973
0x803F0F44, 3F402069
0x803F0F4C, 635A7320
0x803F0F34, 3F607061
0x803F0F3C, 637B6464
0x803F0F44, 3F80696E
0x803F0F4C, 639C6720
0x803F0F34, 3FA06461
0x803F0F3C, 63BD7461
0x803F0F44, 3FC02074
0x803F0F4C, 63DE6F20
0x803F0F34, 3FE0616C
0x803F0F3C, 63FF6967
0x803F0F44, 0x60000000
0x803F0F4C, BE080000
0x803F0F34, 3D008033
0x803F0F3C, 61087700
0x803F0F44, 3E000000
0x803F0F4C, 62100020
0x803F0F34, 3E200000
0x803F0F3C, 62310260
0x803F0F44, 3E400000
0x803F0F4C, 62520278
0x803F0F34, 3E600000
0x803F0F3C, 627301E0
0x803F0F44, 3E805468
0x803F0F4C, 62946973
0x803F0F34, 3EA02069
0x803F0F3C, 62B57320
0x803F0F44, 3EC07061
0x803F0F4C, 62D66464
0x803F0F34, 3EE0696E
0x803F0F3C, 62F76720
0x803F0F44, 3F006194
0x803F0F4C, 63180000
0x803F0F34, 3F200261
0x803F0F3C, 633988E0
0x803F0F44, 3F40FC3F
0x803F0F4C, 635A6180
0x803F0F34, 3F600001
0x803F0F3C, 637B9561
0x803F0F44, 3F808400
0x803F0F4C, 639C0000
0x803F0F34, 3FA06195
0x803F0F3C, 63BD0000
0x803F0F44, 3FC00361
0x803F0F4C, 63DE8900
0x803F0F34, 3FE01C0F
0x803F0F3C, 63FF6181
0x803F0F44, 0x60000000
0x803F0F4C, BE080000
0x803F0F34, 3D008033
0x803F0F3C, 61087740
0x803F0F44, 3E000001
0x803F0F4C, 62109061
0x803F0F34, 3E208500
0x803F0F3C, 62310000
0x803F0F44, 3E406196
0x803F0F4C, 62520000
0x803F0F34, 3E600161
0x803F0F3C, 62738A00
0x803F0F44, 3E801C07
0x803F0F4C, 62946182
0x803F0F34, 3EA00001
0x803F0F3C, 62B59061
0x803F0F44, 3EC08600
0x803F0F4C, 62D60000
0x803F0F34, 3EE06128
0x803F0F3C, 62F73C03
0x803F0F44, 3F00D261
0x803F0F4C, 6318FE03
0x803F0F34, 3F20FFFF
0x803F0F3C, 63396134
0x803F0F44, 3F400000
0x803F0F4C, 635A0761
0x803F0F34, 3F603500
0x803F0F3C, 637B0007
0x803F0F44, 3F8061FE
0x803F0F4C, 639C03FF
0x803F0F34, 3FA0FF61
0x803F0F3C, 63BD3000
0x803F0F44, 3FC0003F
0x803F0F4C, 63DE6131
0x803F0F34, 3FE00000
0x803F0F3C, 63FF3F61
0x803F0F44, 0x60000000
0x803F0F4C, BE080000
0x803F0F34, 3D008033
0x803F0F3C, 61087780
0x803F0F44, 3E002900
0x803F0F4C, 621073C9
0x803F0F34, 3E2061FE
0x803F0F3C, 623103FF
0x803F0F44, 3E40FF61
0x803F0F4C, 62523200
0x803F0F34, 3E60000F
0x803F0F3C, 62736133
0x803F0F44, 3E800000
0x803F0F4C, 62940761
0x803F0F34, 3EA0FE03
0x803F0F3C, 62B5FFFF
0x803F0F44, 3EC0613E
0x803F0F4C, 62D60000
0x803F0F34, 3EE00061
0x803F0F3C, 62F73F00
0x803F0F44, 3F000000
0x803F0F4C, 631861E2
0x803F0F34, 3F200FF0
0x803F0F3C, 63398061
0x803F0F44, 3F40E308
0x803F0F4C, 635A0080
0x803F0F34, 3F6061E3
0x803F0F3C, 637B0800
0x803F0F44, 3F808061
0x803F0F4C, 639CE308
0x803F0F34, 3FA00080
0x803F0F3C, 63BD61E4
0x803F0F44, 3FC00FF0
0x803F0F4C, 63DEFF61
0x803F0F34, 3FE0E50F
0x803F0F3C, 63FFF0FF
0x803F0F44, 0x60000000
0x803F0F4C, BE080000
0x803F0F34, 3D008033
0x803F0F3C, 610877C0
0x803F0F44, 3E0061E5
0x803F0F4C, 62100FF0
0x803F0F34, 3E20FF61
0x803F0F3C, 6231E50F
0x803F0F44, 3E40F0FF
0x803F0F4C, 625261E6
0x803F0F34, 3E600FF0
0x803F0F3C, 6273FF61
0x803F0F44, 3E80E70F
0x803F0F4C, 6294F0FF
0x803F0F34, 3EA061E7
0x803F0F3C, 62B50FF0
0x803F0F44, 3EC0FF61
0x803F0F4C, 62D6E70F
0x803F0F34, 3EE0F0FF
0x803F0F3C, 62F761E0
0x803F0F44, 3F008FF0
0x803F0F4C, 6318FF61
0x803F0F34, 3F20E18F
0x803F0F3C, 6339F0FF
0x803F0F44, 3F4061E2
0x803F0F4C, 635A8FF0
0x803F0F34, 3F60FF61
0x803F0F3C, 637BE38F
0x803F0F44, 3F80F0FF
0x803F0F4C, 639C61E4
0x803F0F34, 3FA08320
0x803F0F3C, 63BDFF61
0x803F0F44, 3FC0E58F
0x803F0F4C, 63DEF0FF
0x803F0F34, 3FE061E6
0x803F0F3C, 63FF8FF0
0x803F0F44, 0x60000000
0x803F0F4C, BE080000
0x803F0F34, 3D008033
0x803F0F3C, 61087800
0x803F0F44, 3E00FF61
0x803F0F4C, 6210E78F
0x803F0F34, 3E20F0FF
0x803F0F3C, 623161C0
0x803F0F44, 3E40082E
0x803F0F4C, 62528F61
0x803F0F34, 3E60C108
0x803F0F3C, 6273FFF0
0x803F0F44, 3E806110
0x803F0F4C, 62940000
0x803F0F34, 3EA00061
0x803F0F3C, 62B5C208
0x803F0F44, 3EC0F80F
0x803F0F4C, 62D661C3
0x803F0F34, 3EE008FA
0x803F0F3C, 62F77061
0x803F0F44, 3F001100
0x803F0F4C, 63180000
0x803F0F34, 3F2061C4
0x803F0F3C, 63390B8D
0x803F0F44, 3F40E061
0x803F0F4C, 635AC508
0x803F0F34, 3F601FF8
0x803F0F3C, 637B6112
0x803F0F44, 3F800000
0x803F0F4C, 639C0061
0x803F0F34, 3FA0F6FB
0x803F0F3C, 63BD38C4
0x803F0F44, 3FC061F7
0x803F0F4C, 63DEE339
0x803F0F34, 3FE0EE61
0x803F0F3C, 63FFF8E3
0x803F0F44, 0x60000000
0x803F0F4C, BE080000
0x803F0F34, 3D008033
0x803F0F3C, 61087840
0x803F0F44, 3E0038C4
0x803F0F4C, 621061F9
0x803F0F34, 3E20E338
0x803F0F3C, 6231CE61
0x803F0F44, 3E40FAE3
0x803F0F4C, 625238C4
0x803F0F34, 3E6061FB
0x803F0F3C, 6273E338
0x803F0F44, 3E80CE61
0x803F0F4C, 6294FCE3
0x803F0F34, 3EA038C4
0x803F0F3C, 62B561FD
0x803F0F44, 3EC0E338
0x803F0F4C, 62D6CE61
0x803F0F34, 3EE0FE03
0x803F0F3C, 62F7FFFF
0x803F0F44, 3F00612E
0x803F0F4C, 63180000
0x803F0F34, 3F200061
0x803F0F3C, 63392F00
0x803F0F44, 3F400000
0x803F0F4C, 635A61FE
0x803F0F34, 3F6003FF
0x803F0F3C, 637BFF61
0x803F0F44, 3F802E00
0x803F0F4C, 639C0000
0x803F0F34, 3FA0612F
0x803F0F3C, 63BD0000
0x803F0F44, 3FC00061
0x803F0F4C, 63DEFE03
0x803F0F34, 3FE0FFFF
0x803F0F3C, 63FF612E
0x803F0F44, 0x60000000
0x803F0F4C, BE080000
0x803F0F34, 3D008033
0x803F0F3C, 61087880
0x803F0F44, 3E000000
0x803F0F4C, 62100061
0x803F0F34, 3E202F00
0x803F0F3C, 62310000
0x803F0F44, 3E4061FE
0x803F0F4C, 625203FF
0x803F0F34, 3E60FF61
0x803F0F3C, 62732E00
0x803F0F44, 3E800000
0x803F0F4C, 6294612F
0x803F0F34, 3EA00000
0x803F0F3C, 62B50061
0x803F0F44, 3EC027FF
0x803F0F4C, 62D6FFFF
0x803F0F34, 3EE0610F
0x803F0F3C, 62F70000
0x803F0F44, 3F000061
0x803F0F4C, 6318EE03
0x803F0F34, 3F207D1C
0x803F0F3C, 633961EF
0x803F0F44, 3F404001
0x803F0F4C, 635AB261
0x803F0F34, 3F60F000
0x803F0F3C, 637B0002
0x803F0F44, 3F8061F1
0x803F0F4C, 639C4395
0x803F0F34, 3FA01C61
0x803F0F3C, 63BDF2FF
0x803F0F44, 3FC0FFFF
0x803F0F4C, 63DE61E8
0x803F0F34, 3FE00002
0x803F0F3C, 63FF9661
0x803F0F44, 0x60000000
0x803F0F4C, BE080000
0x803F0F34, 3D008033
0x803F0F3C, 610878C0
0x803F0F44, 3E00F31E
0x803F0F4C, 6210FF80
0x803F0F34, 3E2061FE
0x803F0F3C, 6231001F
0x803F0F44, 3E40E761
0x803F0F4C, 62524100
0x803F0F34, 3E603104
0x803F0F3C, 62736140
0x803F0F44, 3E800000
0x803F0F4C, 62941761
0x803F0F34, 3EA0FE00
0x803F0F3C, 62B50040
0x803F0F44, 3EC06143
0x803F0F4C, 62D60000
0x803F0F34, 3EE00061
0x803F0F3C, 62F7FE07
0x803F0F44, 3F00FC3F
0x803F0F4C, 63186100
0x803F0F34, 3F200048
0x803F0F3C, 63391310
0x803F0F44, 3F400007
0x803F0F4C, 635A0084
0x803F0F34, 3F603E7F
0x803F0F3C, 637B42C6
0x803F0F44, 3F80BC4D
0x803F0F4C, 639C1AEE
0x803F0F34, 3FA0BC69
0x803F0F3C, 63BDD318
0x803F0F44, 3FC03FA6
0x803F0F4C, 63DE6666
0x803F0F34, 3FE0BC20
0x803F0F3C, 63FF2AFB
0x803F0F44, 0x60000000
0x803F0F4C, BE080000
0x803F0F34, 3D008033
0x803F0F3C, 61087900
0x803F0F44, 3E00BEE5
0x803F0F4C, 62104DB8
0x803F0F34, 3E203E63
0x803F0F3C, 62316D6B
0x803F0F44, 3E403FA6
0x803F0F4C, 62526666
0x803F0F34, 3E601000
0x803F0F3C, 62730210
0x803F0F44, 3E804000
0x803F0F4C, 62940052
0x803F0F34, 3EA08000
0x803F0F3C, 62B50050
0x803F0F44, 3EC08400
0x803F0F4C, 62D60051
0x803F0F34, 3EE02010
0x803F0F3C, 62F70002
0x803F0F44, 3F001050
0x803F0F4C, 63180000
0x803F0F34, 3F20003D
0x803F0F3C, 63390000
0x803F0F44, 3F40003D
0x803F0F4C, 635A0000
0x803F0F34, 3F60003D
0x803F0F3C, 637B1000
0x803F0F44, 3F800110
0x803F0F4C, 639C0CFF
0x803F0F34, 3FA0FFFF
0x803F0F3C, 63BDFFFF
0x803F0F44, 3FC0FFFF
0x803F0F4C, 63DEFF10
0x803F0F34, 3FE00001
0x803F0F3C, 63FF100A
0x803F0F44, 0x60000000
0x803F0F4C, BE080000
0x803F0F34, 3D008033
0x803F0F3C, 61087940
0x803F0F44, 3E003232
0x803F0F4C, 62103232
0x803F0F34, 3E200000
0x803F0F3C, 62310000
0x803F0F44, 3E401000
0x803F0F4C, 62520310
0x803F0F34, 3E600E00
0x803F0F3C, 62730007
0x803F0F44, 3E800600
0x803F0F4C, 62940002
0x803F0F34, 3EA00200
0x803F0F3C, 62B50007
0x803F0F44, 3EC00000
0x803F0F4C, 62D60004
0x803F0F34, 3EE00010
0x803F0F3C, 62F70000
0x803F0F44, 3F001009
0x803F0F4C, 63180000
0x803F0F34, 3F200001
0x803F0F3C, 63391000
0x803F0F44, 3F400010
0x803F0F4C, 635A3F00
0x803F0F34, 3F600000
0x803F0F3C, 637B0300
0x803F0F44, 3F800000
0x803F0F4C, 639C0000
0x803F0F34, 3FA00000
0x803F0F3C, 63BD0000
0x803F0F44, 3FC00000
0x803F0F4C, 63DE0000
0x803F0F34, 3FE00000
0x803F0F3C, 63FF0000
0x803F0F44, 0x60000000
0x803F0F4C, BE080000
0x803F0F34, 3D008033
0x803F0F3C, 61087980
0x803F0F44, 3E006194
0x803F0F4C, 62100000
0x803F0F34, 3E200061
0x803F0F3C, 623188E0
0x803F0F44, 3E40FC3F
0x803F0F4C, 62526180
0x803F0F34, 3E600001
0x803F0F3C, 62739061
0x803F0F44, 3E808400
0x803F0F4C, 62940000
0x803F0F34, 3EA06195
0x803F0F3C, 62B50000
0x803F0F44, 3EC00161
0x803F0F4C, 62D68900
0x803F0F34, 3EE01C07
0x803F0F3C, 62F76181
0x803F0F44, 3F000001
0x803F0F4C, 63189061
0x803F0F34, 3F208500
0x803F0F3C, 63390000
0x803F0F44, 3F406128
0x803F0F4C, 635A3C03
0x803F0F34, 3F60C961
0x803F0F3C, 637BFE03
0x803F0F44, 3F80FFFF
0x803F0F4C, 639C6132
0x803F0F34, 3FA00000
0x803F0F3C, 63BD0761
0x803F0F44, 3FC03300
0x803F0F4C, 63DE0007
0x803F0F34, 3FE061FE
0x803F0F3C, 63FF03FF
0x803F0F44, 0x60000000
0x803F0F4C, BE080000
0x803F0F34, 3D008033
0x803F0F3C, 610879C0
0x803F0F44, 3E00FF61
0x803F0F4C, 62103000
0x803F0F34, 3E20003F
0x803F0F3C, 62316131
0x803F0F44, 3E400000
0x803F0F4C, 62523F61
0x803F0F34, 3E60E20F
0x803F0F3C, 6273F080
0x803F0F44, 3E8061E3
0x803F0F4C, 62940800
0x803F0F34, 3EA08061
0x803F0F3C, 62B5E308
0x803F0F44, 3EC00080
0x803F0F4C, 62D661E3
0x803F0F34, 3EE00800
0x803F0F3C, 62F78061
0x803F0F44, 3F00E40F
0x803F0F4C, 6318F0FF
0x803F0F34, 3F2061E5
0x803F0F3C, 63390FF0
0x803F0F44, 3F40FF61
0x803F0F4C, 635AE50F
0x803F0F34, 3F60F0FF
0x803F0F3C, 637B61E5
0x803F0F44, 3F800FF0
0x803F0F4C, 639CFF61
0x803F0F34, 3FA0E60F
0x803F0F3C, 63BDF0FF
0x803F0F44, 3FC061E7
0x803F0F4C, 63DE0FF0
0x803F0F34, 3FE0FF61
0x803F0F3C, 63FFE70F
0x803F0F44, 0x60000000
0x803F0F4C, BE080000
0x803F0F34, 3D008033
0x803F0F3C, 61087A00
0x803F0F44, 3E00F0FF
0x803F0F4C, 621061E7
0x803F0F34, 3E200FF0
0x803F0F3C, 6231FF61
0x803F0F44, 3E40E08F
0x803F0F4C, 6252F0FF
0x803F0F34, 3E6061E1
0x803F0F3C, 62738FF0
0x803F0F44, 3E80FF61
0x803F0F4C, 6294E28F
0x803F0F34, 3EA0F0A0
0x803F0F3C, 62B561E3
0x803F0F44, 3EC085A0
0x803F0F4C, 62D60061
0x803F0F34, 3EE0E48F
0x803F0F3C, 62F7F0FF
0x803F0F44, 3F0061E5
0x803F0F4C, 63188FF0
0x803F0F34, 3F20FF61
0x803F0F3C, 6339E68F
0x803F0F44, 3F40F0FF
0x803F0F4C, 635A61E7
0x803F0F34, 3F608FF0
0x803F0F3C, 637BFF61
0x803F0F44, 3F80C008
0x803F0F4C, 639C2E8F
0x803F0F34, 3FA061C1
0x803F0F3C, 63BD08FF
0x803F0F44, 3FC0F061
0x803F0F4C, 63DE1000
0x803F0F34, 3FE00000
0x803F0F3C, 63FF61C2
0x803F0F44, 0x60000000
0x803F0F4C, BE080000
0x803F0F34, 3D008033
0x803F0F3C, 61087A40
0x803F0F44, 3E0008F8
0x803F0F4C, 62100F61
0x803F0F34, 3E20C308
0x803F0F3C, 6231FA70
0x803F0F44, 3E406111
0x803F0F4C, 62520000
0x803F0F34, 3E600061
0x803F0F3C, 6273F6FB
0x803F0F44, 3E8038C4
0x803F0F4C, 629461F7
0x803F0F34, 3EA0E338
0x803F0F3C, 62B5DE61
0x803F0F44, 3EC0F8E3
0x803F0F4C, 62D638C4
0x803F0F34, 3EE061F9
0x803F0F3C, 62F7E338
0x803F0F44, 3F00CE61
0x803F0F4C, 6318FAE3
0x803F0F34, 3F2038C4
0x803F0F3C, 633961FB
0x803F0F44, 3F40E338
0x803F0F4C, 635ACE61
0x803F0F34, 3F60FCE3
0x803F0F3C, 637B38C4
0x803F0F44, 3F8061FD
0x803F0F4C, 639CE338
0x803F0F34, 3FA0CE61
0x803F0F3C, 63BDFE03
0x803F0F44, 3FC0FFFF
0x803F0F4C, 63DE612E
0x803F0F34, 3FE00000
0x803F0F3C, 63FF0061
0x803F0F44, 0x60000000
0x803F0F4C, BE080000
0x803F0F34, 3D008033
0x803F0F3C, 61087A80
0x803F0F44, 3E002F00
0x803F0F4C, 62100000
0x803F0F34, 3E2061FE
0x803F0F3C, 623103FF
0x803F0F44, 3E40FF61
0x803F0F4C, 62522E00
0x803F0F34, 3E600000
0x803F0F3C, 6273612F
0x803F0F44, 3E800000
0x803F0F4C, 62940061
0x803F0F34, 3EA0FE03
0x803F0F3C, 62B5FFFF
0x803F0F44, 3EC0612E
0x803F0F4C, 62D60000
0x803F0F34, 3EE00061
0x803F0F3C, 62F72F00
0x803F0F44, 3F000000
0x803F0F4C, 631861FE
0x803F0F34, 3F2003FF
0x803F0F3C, 6339FF61
0x803F0F44, 3F402E00
0x803F0F4C, 635A0000
0x803F0F34, 3F60612F
0x803F0F3C, 637B0000
0x803F0F44, 3F800061
0x803F0F4C, 639C27FF
0x803F0F34, 3FA0FFFF
0x803F0F3C, 63BD610F
0x803F0F44, 3FC00000
0x803F0F4C, 63DE0061
0x803F0F34, 3FE0EE03
0x803F0F3C, 63FF7D1C
0x803F0F44, 0x60000000
0x803F0F4C, BE080000
0x803F0F34, 3D008033
0x803F0F3C, 61087AC0
0x803F0F44, 3E0061EF
0x803F0F4C, 62104001
0x803F0F34, 3E20B261
0x803F0F3C, 6231F000
0x803F0F44, 3E400002
0x803F0F4C, 625261F1
0x803F0F34, 3E604395
0x803F0F3C, 62731C61
0x803F0F44, 3E80F2FF
0x803F0F4C, 6294FFFF
0x803F0F34, 3EA061E8
0x803F0F3C, 62B50002
0x803F0F44, 3EC09661
0x803F0F4C, 62D6F37F
0x803F0F34, 3EE00000
0x803F0F3C, 62F761FE
0x803F0F44, 3F00001F
0x803F0F4C, 6318E761
0x803F0F34, 3F204100
0x803F0F3C, 63393104
0x803F0F44, 3F406140
0x803F0F4C, 635A0000
0x803F0F34, 3F601761
0x803F0F3C, 637BFE00
0x803F0F44, 3F800040
0x803F0F4C, 639C6143
0x803F0F34, 3FA00000
0x803F0F3C, 63BD4061
0x803F0F44, 3FC0FE07
0x803F0F4C, 63DEFC3F
0x803F0F34, 3FE06100
0x803F0F3C, 63FF0044
0x803F0F44, 0x60000000
0x803F0F4C, BE080000
0x803F0F34, 3D008033
0x803F0F3C, 61087B00
0x803F0F44, 3E001210
0x803F0F4C, 62100001
0x803F0F34, 3E201040
0x803F0F3C, 62310000
0x803F0F44, 3E405280
0x803F0F4C, 62520000
0x803F0F34, 3E605120
0x803F0F3C, 62731000
0x803F0F44, 3E800110
0x803F0F4C, 62945000
0x803F0F34, 3EA00000
0x803F0F3C, 62B53D00
0x803F0F44, 3EC00000
0x803F0F4C, 62D63D10
0x803F0F34, 3EE00001
0x803F0F3C, 62F7100C
0x803F0F44, 3F00FFFF
0x803F0F4C, 6318FFFF
0x803F0F34, 3F20FFFF
0x803F0F3C, 6339FFFF
0x803F0F44, 3F401000
0x803F0F4C, 635A0110
0x803F0F34, 3F600A32
0x803F0F3C, 637B3232
0x803F0F44, 3F803200
0x803F0F4C, 639C0000
0x803F0F34, 3FA00010
0x803F0F3C, 63BD0003
0x803F0F44, 3FC0100E
0x803F0F4C, 63DE0000
0x803F0F34, 3FE00706
0x803F0F3C, 63FF0000
0x803F0F44, 0x60000000
0x803F0F4C, BE080000
0x803F0F34, 3D008033
0x803F0F3C, 61087B40
0x803F0F44, 3E000202
0x803F0F4C, 62100000
0x803F0F34, 3E200700
0x803F0F3C, 62310000
0x803F0F44, 3E400400
0x803F0F4C, 62521000
0x803F0F34, 3E600010
0x803F0F3C, 62730900
0x803F0F44, 3E800000
0x803F0F4C, 62940110
0x803F0F34, 3EA00000
0x803F0F3C, 62B5103F
0x803F0F44, 3EC00000
0x803F0F4C, 62D60002
0x803F0F34, 3EE00000
0x803F0F3C, 62F70000
0x803F0F44, 3F00020E
0x803F0F4C, 63180228
0x803F0F34, 3F2001C7
0x803F0F3C, 63390000
0x803F0F44, 3F400082
0x803F0F4C, 635A0181
0x803F0F34, 3F60FFFF
0x803F0F3C, 637BFFFF
0x803F0F44, 3F80019B
0x803F0F4C, 639C01B5
0x803F0F34, 3FA00181
0x803F0F3C, 63BD0000
0x803F0F44, 3FC0004B
0x803F0F4C, 63DE013B
0x803F0F34, 3FE0FFFF
0x803F0F3C, 63FFFFFF
0x803F0F44, 0x60000000
0x803F0F4C, BE080000
0x803F0F34, 3D008033
0x803F0F3C, 61087B80
0x803F0F44, 3E003CF2
0x803F0F4C, 62101F00
0x803F0F34, 3E2000F3
0x803F0F3C, 6231CF3C
0x803F0F44, 3E403CF3
0x803F0F4C, 6252CF00
0x803F0F34, 3E6000F3
0x803F0F3C, 6273CF3C
0x803F0F44, 3E800101
0x803F0F4C, 62945468
0x803F0F34, 3EA00000
0x803F0F3C, 62B50001
0x803F0F44, 3EC00002
0x803F0F4C, 62D6FFFF
0x803F0F34, 3EE05A01
0x803F0F3C, 62F7000C
0x803F0F44, 3F000FFE
0x803F0F4C, 63180014
0x803F0F34, 3F205343
0x803F0F3C, 63395F62
0x803F0F44, 3F406F6F
0x803F0F4C, 635A7400
0x803F0F34, 3F60626F
0x803F0F3C, 637B6F74
0x803F0F44, 3F800054
0x803F0F4C, 639C6869
0x803F0F34, 3FA07320
0x803F0F3C, 63BD6973
0x803F0F44, 3FC02070
0x803F0F4C, 63DE6164
0x803F0F34, 3FE06469
0x803F0F3C, 63FF6E67
0x803F0F44, 0x60000000
0x803F0F4C, BE080000
0x803F0F34, 3D008033
0x803F0F3C, 61087BC0
0x803F0F44, 3E005445
0x803F0F4C, 62105831
0x803F0F34, 3E200000
0x803F0F3C, 62310940
0x803F0F44, 3E400004
0x803F0F4C, 6252FFFF
0x803F0F34, 3E600000
0x803F0F3C, 62730020
0x803F0F44, 3E800000
0x803F0F4C, 62940900
0x803F0F34, 3EA05468
0x803F0F3C, 62B56973
0x803F0F44, 3EC02069
0x803F0F4C, 62D67320
0x803F0F34, 3EE07061
0x803F0F3C, 62F76464
0x803F0F44, 3F000E00
0x803F0F4C, 63180040
0x803F0F34, 3F200040
0x803F0F3C, 63390000
0x803F0F44, 3F400000
0x803F0F4C, 635A0000
0x803F0F34, 3F600000
0x803F0F3C, 637B0080
0x803F0F44, 3F800000
0x803F0F4C, 639C0000
0x803F0F34, 3FA00101
0x803F0F3C, 63BD0000
0x803F0F44, 3FC00100
0x803F0F4C, 63DE0000
0x803F0F34, 3FE00000
0x803F0F3C, 63FF0080
0x803F0F44, 0x60000000
0x803F0F4C, BE080000
0x803F0F34, 3D008033
0x803F0F3C, 61087C00
0x803F0F44, 3E000000
0x803F0F4C, 62100008
0x803F0F34, 3E200008
0x803F0F3C, 62310000
0x803F0F44, 3E400000
0x803F0F4C, 62520000
0x803F0F34, 3E600000
0x803F0F3C, 62730060
0x803F0F44, 3E800000
0x803F0F4C, 62940000
0x803F0F34, 3EA00101
0x803F0F3C, 62B50000
0x803F0F44, 3EC00100
0x803F0F4C, 62D60000
0x803F0F34, 3EE00000
0x803F0F3C, 62F70860
0x803F0F44, 3F000E00
0x803F0F4C, 63180040
0x803F0F34, 3F200040
0x803F0F3C, 63390101
0x803F0F44, 3F400000
0x803F0F4C, 635A0000
0x803F0F34, 3F600000
0x803F0F3C, 637B0040
0x803F0F44, 3F800000
0x803F0F4C, 639C0000
0x803F0F34, 3FA00101
0x803F0F3C, 63BD0000
0x803F0F44, 3FC00100
0x803F0F4C, 63DE0000
0x803F0F34, 3FE00000
0x803F0F3C, 63FF0040
0x803F0F44, 0x60000000
0x803F0F4C, BE080000
0x803F0F34, 3D008033
0x803F0F3C, 61087C40
0x803F0F44, 3E000000
0x803F0F4C, 62100010
0x803F0F34, 3E200008
0x803F0F3C, 62310000
0x803F0F44, 3E400000
0x803F0F4C, 62520000
0x803F0F34, 3E600000
0x803F0F3C, 62730020
0x803F0F44, 3E800000
0x803F0F4C, 62940000
0x803F0F34, 3EA00101
0x803F0F3C, 62B50000
0x803F0F44, 3EC00155
0x803F0F4C, 62D60000
0x803F0F34, 3EE00000
0x803F0F3C, 62F70840
0x803F0F44, 3F009241
0x803F0F4C, 63180000
0x803F0F34, 3F200000
0x803F0F3C, 63390000
0x803F0F44, 3F409241
0x803F0F4C, 635A6181
0x803F0F34, 3F600002
0x803F0F3C, 637B0103
0x803F0F44, 3F809241
0x803F0F4C, 639C8221
0x803F0F34, 3FA00000
0x803F0F3C, 63BD00AF
0x803F0F44, 3FC09241
0x803F0F4C, 63DE61A1
0x803F0F34, 3FE00DBF
0x803F0F3C, 63FFBFFF
0x803F0F44, 0x60000000
0x803F0F4C, BE080000
0x803F0F34, 3D008033
0x803F0F3C, 61087C80
0x803F0F44, 3E009241
0x803F0F4C, 62106181
0x803F0F34, 3E200055
0x803F0F3C, 62315555
0x803F0F44, 3E409241
0x803F0F4C, 62526181
0x803F0F34, 3E600055
0x803F0F3C, 62735555
0x803F0F44, 3E8071E1
0x803F0F4C, 629461A1
0x803F0F34, 3EA05500
0x803F0F3C, 62B50000
0x803F0F44, 3EC071E1
0x803F0F4C, 62D661A1
0x803F0F34, 3EE05500
0x803F0F3C, 62F70000
0x803F0F44, 3F009241
0x803F0F4C, 63186181
0x803F0F34, 3F200055
0x803F0F3C, 63395555
0x803F0F44, 3F409241
0x803F0F4C, 635A6181
0x803F0F34, 3F600055
0x803F0F3C, 637B5555
0x803F0F44, 3F8071E1
0x803F0F4C, 639C61A1
0x803F0F34, 3FA05500
0x803F0F3C, 63BD0000
0x803F0F44, 3FC071E1
0x803F0F4C, 63DE61A1
0x803F0F34, 3FE05500
0x803F0F3C, 63FF0000
0x803F0F44, 0x60000000
0x803F0F4C, BE080000
0x803F0F34, 3D008033
0x803F0F3C, 61087CC0
0x803F0F44, 3E009241
0x803F0F4C, 62106181
0x803F0F34, 3E200055
0x803F0F3C, 62315555
0x803F0F44, 3E409241
0x803F0F4C, 62526181
0x803F0F34, 3E600055
0x803F0F3C, 62735555
0x803F0F44, 3E8071E1
0x803F0F4C, 629461A1
0x803F0F34, 3EA05500
0x803F0F3C, 62B50000
0x803F0F44, 3EC071E1
0x803F0F4C, 62D661A1
0x803F0F34, 3EE05500
0x803F0F3C, 62F70000
0x803F0F44, 3F006B4D
0x803F0F4C, 63180000
0x803F0F34, 3F200000
0x803F0F3C, 63390000
0x803F0F44, 3F406B4D
0x803F0F4C, 635A0000
0x803F0F34, 3F600000
0x803F0F3C, 637B0000
0x803F0F44, 3F80B596
0x803F0F4C, 639C9492
0x803F0F34, 3FA05555
0x803F0F3C, 63BD5500
0x803F0F44, 3FC0B596
0x803F0F4C, 63DE9492
0x803F0F34, 3FE05555
0x803F0F3C, 63FF5500
0x803F0F44, 0x60000000
0x803F0F4C, BE080000
0x803F0F34, 3D008033
0x803F0F3C, 61087D00
0x803F0F44, 3E006B4D
0x803F0F4C, 62100000
0x803F0F34, 3E200000
0x803F0F3C, 62310000
0x803F0F44, 3E40C618
0x803F0F4C, 62520000
0x803F0F34, 3E600000
0x803F0F3C, 62730000
0x803F0F44, 3E80B596
0x803F0F4C, 62949492
0x803F0F34, 3EA05555
0x803F0F3C, 62B55500
0x803F0F44, 3EC0C618
0x803F0F4C, 62D60000
0x803F0F34, 3EE00000
0x803F0F3C, 62F70000
0x803F0F44, 3F00C618
0x803F0F4C, 6318B596
0x803F0F34, 3F200000
0x803F0F3C, 63390515
0x803F0F44, 3F40DEDB
0x803F0F4C, 635AB596
0x803F0F34, 3F60FF00
0x803F0F3C, 637B0040
0x803F0F44, 3F80C618
0x803F0F4C, 639CB596
0x803F0F34, 3FA01555
0x803F0F3C, 63BD5555
0x803F0F44, 3FC0DEDB
0x803F0F4C, 63DEB596
0x803F0F34, 3FE04050
0x803F0F3C, 63FF5454
0x803F0F44, 0x60000000
0x803F0F4C, BE080000
0x803F0F34, 3D008033
0x803F0F3C, 61087D40
0x803F0F44, 3E00DEDB
0x803F0F4C, 6210B596
0x803F0F34, 3E20FF03
0x803F0F3C, 62310105
0x803F0F44, 3E40C618
0x803F0F4C, 6252B596
0x803F0F34, 3E600000
0x803F0F3C, 62734050
0x803F0F44, 3E80DEDB
0x803F0F4C, 6294B596
0x803F0F34, 3EA00515
0x803F0F3C, 62B55555
0x803F0F44, 3EC0C618
0x803F0F4C, 62D6B596
0x803F0F34, 3EE05054
0x803F0F3C, 62F75454
0x803F0F44, 3F0079E1
0x803F0F4C, 631871E1
0x803F0F34, 3F20FFFF
0x803F0F3C, 6339FF00
0x803F0F44, 3F4079E1
0x803F0F4C, 635A71E1
0x803F0F34, 3F60FFFF
0x803F0F3C, 637BFF00
0x803F0F44, 3F809241
0x803F0F4C, 639C0000
0x803F0F34, 3FA00000
0x803F0F3C, 63BD0000
0x803F0F44, 3FC09241
0x803F0F4C, 63DE0000
0x803F0F34, 3FE00000
0x803F0F3C, 63FF0000
0x803F0F44, 0x60000000
0x803F0F4C, BE080000
0x803F0F34, 3D008033
0x803F0F3C, 61087D80
0x803F0F44, 3E0079E1
0x803F0F4C, 621071E1
0x803F0F34, 3E20FFFF
0x803F0F3C, 6231FF00
0x803F0F44, 3E4079E1
0x803F0F4C, 625271E1
0x803F0F34, 3E60FFFF
0x803F0F3C, 6273FF00
0x803F0F44, 3E809241
0x803F0F4C, 62940000
0x803F0F34, 3EA00000
0x803F0F3C, 62B50000
0x803F0F44, 3EC09241
0x803F0F4C, 62D60000
0x803F0F34, 3EE00000
0x803F0F3C, 62F70000
0x803F0F44, 3F0079E1
0x803F0F4C, 631871E1
0x803F0F34, 3F20FFFF
0x803F0F3C, 6339FF00
0x803F0F44, 3F4079E1
0x803F0F4C, 635A71E1
0x803F0F34, 3F60FFFF
0x803F0F3C, 637BFF00
0x803F0F44, 3F809241
0x803F0F4C, 639C0000
0x803F0F34, 3FA00000
0x803F0F3C, 63BD0000
0x803F0F44, 3FC09241
0x803F0F4C, 63DE0000
0x803F0F34, 3FE00000
0x803F0F3C, 63FF0000
0x803F0F44, 0x60000000
0x803F0F4C, BE080000
0x803F0F34, 3D008033
0x803F0F3C, 61087DC0
0x803F0F44, 3E0079E1
0x803F0F4C, 621071E1
0x803F0F34, 3E20FFFF
0x803F0F3C, 6231FF00
0x803F0F44, 3E4079E1
0x803F0F4C, 625271E1
0x803F0F34, 3E60FFFF
0x803F0F3C, 6273FF00
0x803F0F44, 3E809241
0x803F0F4C, 62940000
0x803F0F34, 3EA00000
0x803F0F3C, 62B50000
0x803F0F44, 3EC09241
0x803F0F4C, 62D60000
0x803F0F34, 3EE00000
0x803F0F3C, 62F70000
0x803F0F44, 3F00B596
0x803F0F4C, 63180000
0x803F0F34, 3F200000
0x803F0F3C, 63390000
0x803F0F44, 3F40B596
0x803F0F4C, 635A0000
0x803F0F34, 3F600000
0x803F0F3C, 637B0000
0x803F0F44, 3F80DEDB
0x803F0F4C, 639C9492
0x803F0F34, 3FA0FF00
0x803F0F3C, 63BD5555
0x803F0F44, 3FC0DEDB
0x803F0F4C, 63DE9492
0x803F0F34, 3FE0FF00
0x803F0F3C, 63FF5555
0x803F0F44, 0x60000000
0x803F0F4C, BE080000
0x803F0F34, 3D008033
0x803F0F3C, 61087E00
0x803F0F44, 3E00B596
0x803F0F4C, 62100000
0x803F0F34, 3E200000
0x803F0F3C, 62310000
0x803F0F44, 3E40B596
0x803F0F4C, 62524A49
0x803F0F34, 3E600000
0x803F0F3C, 62735555
0x803F0F44, 3E80DEDB
0x803F0F4C, 62949492
0x803F0F34, 3EA0FF00
0x803F0F3C, 62B55555
0x803F0F44, 3EC04A49
0x803F0F4C, 62D60000
0x803F0F34, 3EE00000
0x803F0F3C, 62F70000
0x803F0F44, 3F00B596
0x803F0F4C, 63184A49
0x803F0F34, 3F200A2A
0x803F0F3C, 6339AA6B
0x803F0F44, 3F409492
0x803F0F4C, 635A4A49
0x803F0F34, 3F60030B
0x803F0F3C, 637BAFBD
0x803F0F44, 3F807BCF
0x803F0F4C, 639C4A49
0x803F0F34, 3FA05055
0x803F0F3C, 63BD5555
0x803F0F44, 3FC07BCF
0x803F0F4C, 63DE4A49
0x803F0F34, 3FE02555
0x803F0F3C, 63FF5555
0x803F0F44, 0x60000000
0x803F0F4C, BE080000
0x803F0F34, 3D008033
0x803F0F3C, 61087E40
0x803F0F44, 3E009492
0x803F0F4C, 62106B4D
0x803F0F34, 3E2000C0
0x803F0F3C, 62317C5F
0x803F0F44, 3E40B596
0x803F0F4C, 62524A49
0x803F0F34, 3E6080A0
0x803F0F3C, 6273A9A5
0x803F0F44, 3E807BCF
0x803F0F4C, 62944A49
0x803F0F34, 3EA06055
0x803F0F3C, 62B55555
0x803F0F44, 3EC07BCF
0x803F0F4C, 62D64A49
0x803F0F34, 3EE01555
0x803F0F3C, 62F75555
0x803F0F44, 3F009241
0x803F0F4C, 63180000
0x803F0F34, 3F200000
0x803F0F3C, 63390000
0x803F0F44, 3F409241
0x803F0F4C, 635A0000
0x803F0F34, 3F600000
0x803F0F3C, 637B0000
0x803F0F44, 3F809241
0x803F0F4C, 639C0000
0x803F0F34, 3FA00000
0x803F0F3C, 63BD0000
0x803F0F44, 3FC09241
0x803F0F4C, 63DE0000
0x803F0F34, 3FE00000
0x803F0F3C, 63FF0000
0x803F0F44, 0x60000000
0x803F0F4C, BE080000
0x803F0F34, 3D008033
0x803F0F3C, 61087E80
0x803F0F44, 3E009241
0x803F0F4C, 62100000
0x803F0F34, 3E200000
0x803F0F3C, 62310000
0x803F0F44, 3E409241
0x803F0F4C, 62520000
0x803F0F34, 3E600000
0x803F0F3C, 62730000
0x803F0F44, 3E809241
0x803F0F4C, 62940000
0x803F0F34, 3EA00000
0x803F0F3C, 62B50000
0x803F0F44, 3EC09241
0x803F0F4C, 62D60000
0x803F0F34, 3EE00000
0x803F0F3C, 62F70000
0x803F0F44, 3F009241
0x803F0F4C, 63180000
0x803F0F34, 3F200000
0x803F0F3C, 63390000
0x803F0F44, 3F409241
0x803F0F4C, 635A0000
0x803F0F34, 3F600000
0x803F0F3C, 637B0000
0x803F0F44, 3F809241
0x803F0F4C, 639C0000
0x803F0F34, 3FA00000
0x803F0F3C, 63BD0000
0x803F0F44, 3FC09241
0x803F0F4C, 63DE0000
0x803F0F34, 3FE00000
0x803F0F3C, 63FF0000
0x803F0F44, 0x60000000
0x803F0F4C, BE080000
0x803F0F34, 3D008033
0x803F0F3C, 61087EC0
0x803F0F44, 3E009241
0x803F0F4C, 62100000
0x803F0F34, 3E200000
0x803F0F3C, 62310000
0x803F0F44, 3E409241
0x803F0F4C, 62520000
0x803F0F34, 3E600000
0x803F0F3C, 62730000
0x803F0F44, 3E809241
0x803F0F4C, 62940000
0x803F0F34, 3EA00000
0x803F0F3C, 62B50000
0x803F0F44, 3EC09241
0x803F0F4C, 62D60000
0x803F0F34, 3EE00000
0x803F0F3C, 62F70000
0x803F0F44, 3F009492
0x803F0F4C, 63184A49
0x803F0F34, 3F20555F
0x803F0F3C, 63397F7C
0x803F0F44, 3F409492
0x803F0F4C, 635A4A49
0x803F0F34, 3F6055FF
0x803F0F3C, 637BFF00
0x803F0F44, 3F809492
0x803F0F4C, 639C4A49
0x803F0F34, 3FA07070
0x803F0F3C, 63BD7070
0x803F0F44, 3FC0AD55
0x803F0F4C, 63DE9492
0x803F0F34, 3FE05555
0x803F0F3C, 63FF5000
0x803F0F44, 0x60000000
0x803F0F4C, BE080000
0x803F0F34, 3D008033
0x803F0F3C, 61087F00
0x803F0F44, 3E009492
0x803F0F4C, 62104A49
0x803F0F34, 3E2055FF
0x803F0F3C, 6231FF00
0x803F0F44, 3E409492
0x803F0F4C, 62524A49
0x803F0F34, 3E6055FF
0x803F0F3C, 6273FF00
0x803F0F44, 3E80AD55
0x803F0F4C, 62949492
0x803F0F34, 3EA05555
0x803F0F3C, 62B50000
0x803F0F44, 3EC0AD55
0x803F0F4C, 62D69492
0x803F0F34, 3EE05555
0x803F0F3C, 62F70000
0x803F0F44, 3F009492
0x803F0F4C, 63184A49
0x803F0F34, 3F2055FF
0x803F0F3C, 6339FF00
0x803F0F44, 3F409492
0x803F0F4C, 635A4A49
0x803F0F34, 3F6055FF
0x803F0F3C, 637BFF00
0x803F0F44, 3F80AD55
0x803F0F4C, 639C9492
0x803F0F34, 3FA05555
0x803F0F3C, 63BD0000
0x803F0F44, 3FC0AD55
0x803F0F4C, 63DE9492
0x803F0F34, 3FE05555
0x803F0F3C, 63FF0000
0x803F0F44, 0x60000000
0x803F0F4C, BE080000
0x803F0F34, 3D008033
0x803F0F3C, 61087F40
0x803F0F44, 3E009492
0x803F0F4C, 62104A49
0x803F0F34, 3E2055FF
0x803F0F3C, 6231FF00
0x803F0F44, 3E409492
0x803F0F4C, 62524A49
0x803F0F34, 3E6055FF
0x803F0F3C, 6273FF3F
0x803F0F44, 3E80AD55
0x803F0F4C, 62949492
0x803F0F34, 3EA05555
0x803F0F3C, 62B50000
0x803F0F44, 3EC0AD55
0x803F0F4C, 62D69492
0x803F0F34, 3EE05555
0x803F0F3C, 62F71505
0x803F0F44, 3F009241
0x803F0F4C, 63180000
0x803F0F34, 3F200000
0x803F0F3C, 63390000
0x803F0F44, 3F409241
0x803F0F4C, 635A0000
0x803F0F34, 3F600000
0x803F0F3C, 637B0000
0x803F0F44, 3F809241
0x803F0F4C, 639C0000
0x803F0F34, 3FA00000
0x803F0F3C, 63BD0000
0x803F0F44, 3FC09241
0x803F0F4C, 63DE0000
0x803F0F34, 3FE00000
0x803F0F3C, 63FF0000
0x803F0F44, 0x60000000
0x803F0F4C, BE080000
0x803F0F34, 3D008033
0x803F0F3C, 61087F80
0x803F0F44, 3E009241
0x803F0F4C, 62100000
0x803F0F34, 3E200000
0x803F0F3C, 62310000
0x803F0F44, 3E409241
0x803F0F4C, 62520000
0x803F0F34, 3E600000
0x803F0F3C, 62730000
0x803F0F44, 3E809241
0x803F0F4C, 62940000
0x803F0F34, 3EA00000
0x803F0F3C, 62B50000
0x803F0F44, 3EC09241
0x803F0F4C, 62D60000
0x803F0F34, 3EE00000
0x803F0F3C, 62F70000
0x803F0F44, 3F009241
0x803F0F4C, 63180000
0x803F0F34, 3F200000
0x803F0F3C, 63390000
0x803F0F44, 3F409241
0x803F0F4C, 635A0000
0x803F0F34, 3F600000
0x803F0F3C, 637B0000
0x803F0F44, 3F809241
0x803F0F4C, 639C0000
0x803F0F34, 3FA00000
0x803F0F3C, 63BD0000
0x803F0F44, 3FC09241
0x803F0F4C, 63DE0000
0x803F0F34, 3FE00000
0x803F0F3C, 63FF0000
0x803F0F44, 0x60000000
0x803F0F4C, BE080000
0x803F0F34, 3D008033
0x803F0F3C, 61087FC0
0x803F0F44, 3E009241
0x803F0F4C, 62100000
0x803F0F34, 3E200000
0x803F0F3C, 62310000
0x803F0F44, 3E409241
0x803F0F4C, 62520000
0x803F0F34, 3E600000
0x803F0F3C, 62730000
0x803F0F44, 3E809241
0x803F0F4C, 62940000
0x803F0F34, 3EA00000
0x803F0F3C, 62B50000
0x803F0F44, 3EC09241
0x803F0F4C, 62D60000
0x803F0F34, 3EE00000
0x803F0F3C, 62F70000
0x803F0F44, 3F00AD55
0x803F0F4C, 63184A49
0x803F0F34, 3F207878
0x803F0F3C, 63397878
0x803F0F44, 3F40B596
0x803F0F4C, 635AAD55
0x803F0F34, 3F605555
0x803F0F3C, 637B5450
0x803F0F44, 3F80AD55
0x803F0F4C, 639C4A49
0x803F0F34, 3FA07878
0x803F0F3C, 63BD7878
0x803F0F44, 3FC0B596
0x803F0F4C, 63DEAD55
0x803F0F34, 3FE05040
0x803F0F3C, 63FF4040
0x803F0F44, 0x60000000
0x803F0F4C, BE080000
0x803F0F34, 3D008033
0x803F0F3C, 61088000
0x803F0F44, 3E00B596
0x803F0F4C, 6210AD55
0x803F0F34, 3E205540
0x803F0F3C, 62310000
0x803F0F44, 3E40B596
0x803F0F4C, 6252AD55
0x803F0F34, 3E605500
0x803F0F3C, 62730000
0x803F0F44, 3E80B596
0x803F0F4C, 62940000
0x803F0F34, 3EA00000
0x803F0F3C, 62B50000
0x803F0F44, 3EC0B596
0x803F0F4C, 62D60000
0x803F0F34, 3EE00000
0x803F0F3C, 62F70000
0x803F0F44, 3F00B596
0x803F0F4C, 6318AD55
0x803F0F34, 3F205500
0x803F0F3C, 63390000
0x803F0F44, 3F40B596
0x803F0F4C, 635AAD55
0x803F0F34, 3F605500
0x803F0F3C, 637B0000
0x803F0F44, 3F80B596
0x803F0F4C, 639C0000
0x803F0F34, 3FA00000
0x803F0F3C, 63BD0000
0x803F0F44, 3FC0B596
0x803F0F4C, 63DE0000
0x803F0F34, 3FE00000
0x803F0F3C, 63FF0000
0x803F0F44, 0x60000000
0x803F0F4C, BE080000
0x803F0F34, 3D008033
0x803F0F3C, 61088040
0x803F0F44, 3E00B596
0x803F0F4C, 6210AD55
0x803F0F34, 3E205500
0x803F0F3C, 62310000
0x803F0F44, 3E40B596
0x803F0F4C, 62529492
0x803F0F34, 3E60A9AA
0x803F0F3C, 62732A0A
0x803F0F44, 3E80B596
0x803F0F4C, 62940000
0x803F0F34, 3EA00000
0x803F0F3C, 62B50000
0x803F0F44, 3EC0B596
0x803F0F4C, 62D6AD55
0x803F0F34, 3EE00100
0x803F0F3C, 62F70000
0x803F0F44, 3F009241
0x803F0F4C, 63180000
0x803F0F34, 3F200000
0x803F0F3C, 63390000
0x803F0F44, 3F409241
0x803F0F4C, 635A8A41
0x803F0F34, 3F600000
0x803F0F3C, 637BAAAA
0x803F0F44, 3F809241
0x803F0F4C, 639C8A41
0x803F0F34, 3FA00002
0x803F0F3C, 63BD0000
0x803F0F44, 3FC08A41
0x803F0F4C, 63DE61A1
0x803F0F34, 3FE00000
0x803F0F3C, 63FFB505
0x803F0F44, 0x60000000
0x803F0F4C, BE080000
0x803F0F34, 3D008033
0x803F0F3C, 61088080
0x803F0F44, 3E009241
0x803F0F4C, 62108A41
0x803F0F34, 3E200000
0x803F0F3C, 6231A0AA
0x803F0F44, 3E409241
0x803F0F4C, 62520000
0x803F0F34, 3E600000
0x803F0F3C, 62730000
0x803F0F44, 3E808A41
0x803F0F4C, 629461A1
0x803F0F34, 3EA00000
0x803F0F3C, 62B55E55
0x803F0F44, 3EC08A41
0x803F0F4C, 62D66181
0x803F0F34, 3EE00000
0x803F0F3C, 62F70060
0x803F0F44, 3F009241
0x803F0F4C, 63180000
0x803F0F34, 3F200000
0x803F0F3C, 63390000
0x803F0F44, 3F409241
0x803F0F4C, 635A0000
0x803F0F34, 3F600000
0x803F0F3C, 637B0000
0x803F0F44, 3F809241
0x803F0F4C, 639C8A41
0x803F0F34, 3FA000A0
0x803F0F3C, 63BDAAAA
0x803F0F44, 3FC09241
0x803F0F4C, 63DE8A41
0x803F0F34, 3FE00000
0x803F0F3C, 63FF0080
0x803F0F44, 0x60000000
0x803F0F4C, BE080000
0x803F0F34, 3D008033
0x803F0F3C, 610880C0
0x803F0F44, 3E009241
0x803F0F4C, 62100000
0x803F0F34, 3E200000
0x803F0F3C, 62310000
0x803F0F44, 3E409241
0x803F0F4C, 62520000
0x803F0F34, 3E600000
0x803F0F3C, 62730000
0x803F0F44, 3E809241
0x803F0F4C, 62940000
0x803F0F34, 3EA00000
0x803F0F3C, 62B50000
0x803F0F44, 3EC09241
0x803F0F4C, 62D60000
0x803F0F34, 3EE00000
0x803F0F3C, 62F70000
0x803F0F44, 3F00AD55
0x803F0F4C, 63184A49
0x803F0F34, 3F207878
0x803F0F3C, 63397878
0x803F0F44, 3F40B596
0x803F0F4C, 635AAD55
0x803F0F34, 3F604040
0x803F0F3C, 637B4040
0x803F0F44, 3F80AD55
0x803F0F4C, 639C4A49
0x803F0F34, 3FA07878
0x803F0F3C, 63BD7878
0x803F0F44, 3FC0B596
0x803F0F4C, 63DEAD55
0x803F0F34, 3FE04040
0x803F0F3C, 63FF4040
0x803F0F44, 0x60000000
0x803F0F4C, BE080000
0x803F0F34, 3D008033
0x803F0F3C, 61088100
0x803F0F44, 3E00B596
0x803F0F4C, 62100000
0x803F0F34, 3E200000
0x803F0F3C, 62310000
0x803F0F44, 3E40B596
0x803F0F4C, 62520000
0x803F0F34, 3E600000
0x803F0F3C, 62730000
0x803F0F44, 3E80B596
0x803F0F4C, 62940000
0x803F0F34, 3EA00000
0x803F0F3C, 62B50000
0x803F0F44, 3EC0B596
0x803F0F4C, 62D60000
0x803F0F34, 3EE00000
0x803F0F3C, 62F70000
0x803F0F44, 3F00B596
0x803F0F4C, 63180000
0x803F0F34, 3F200000
0x803F0F3C, 63390000
0x803F0F44, 3F40B596
0x803F0F4C, 635A0000
0x803F0F34, 3F600000
0x803F0F3C, 637B0000
0x803F0F44, 3F80B596
0x803F0F4C, 639C0000
0x803F0F34, 3FA00000
0x803F0F3C, 63BD0000
0x803F0F44, 3FC0B596
0x803F0F4C, 63DE0000
0x803F0F34, 3FE00000
0x803F0F3C, 63FF0000
0x803F0F44, 0x60000000
0x803F0F4C, BE080000
0x803F0F34, 3D008033
0x803F0F3C, 61088140
0x803F0F44, 3E00B596
0x803F0F4C, 62100000
0x803F0F34, 3E200000
0x803F0F3C, 62310000
0x803F0F44, 3E40B596
0x803F0F4C, 62520000
0x803F0F34, 3E600000
0x803F0F3C, 62730000
0x803F0F44, 3E80B596
0x803F0F4C, 62940000
0x803F0F34, 3EA00000
0x803F0F3C, 62B50000
0x803F0F44, 3EC0B596
0x803F0F4C, 62D60000
0x803F0F34, 3EE00000
0x803F0F3C, 62F70000
0x803F0F44, 3F009241
0x803F0F4C, 631879E1
0x803F0F34, 3F200000
0x803F0F3C, 63390A09
0x803F0F44, 3F409241
0x803F0F4C, 635A6181
0x803F0F34, 3F600100
0x803F0F3C, 637B00D5
0x803F0F44, 3F809241
0x803F0F4C, 639C6181
0x803F0F34, 3FA00B0D
0x803F0F3C, 63BD0D0B
0x803F0F44, 3FC06181
0x803F0F4C, 63DE0000
0x803F0F34, 3FE00000
0x803F0F3C, 63FF0000
0x803F0F44, 0x60000000
0x803F0F4C, BE080000
0x803F0F34, 3D008033
0x803F0F3C, 61088180
0x803F0F44, 3E009241
0x803F0F4C, 62106181
0x803F0F34, 3E205580
0x803F0F3C, 623100E0
0x803F0F44, 3E409241
0x803F0F4C, 62526181
0x803F0F34, 3E6054D5
0x803F0F3C, 62730503
0x803F0F44, 3E8081E1
0x803F0F4C, 62946181
0x803F0F34, 3EA05855
0x803F0F3C, 62B55555
0x803F0F44, 3EC09241
0x803F0F4C, 62D66181
0x803F0F34, 3EE00060
0x803F0F3C, 62F75655
0x803F0F44, 3F008A41
0x803F0F4C, 63186181
0x803F0F34, 3F200080
0x803F0F3C, 63395056
0x803F0F44, 3F409241
0x803F0F4C, 635A8A41
0x803F0F34, 3F60A8AA
0x803F0F3C, 637BAAAA
0x803F0F44, 3F809241
0x803F0F4C, 639C6181
0x803F0F34, 3FA03503
0x803F0F3C, 63BD00C0
0x803F0F44, 3FC08A41
0x803F0F4C, 63DE69A1
0x803F0F34, 3FE04050
0x803F0F3C, 63FF9709
0x803F0F44, 0x60000000
0x803F0F4C, BE080000
0x803F0F34, 3D008033
0x803F0F3C, 610881C0
0x803F0F44, 3E009241
0x803F0F4C, 62108A41
0x803F0F34, 3E200000
0x803F0F3C, 6231A0A8
0x803F0F44, 3E409241
0x803F0F4C, 62520000
0x803F0F34, 3E600000
0x803F0F3C, 62730000
0x803F0F44, 3E808A41
0x803F0F4C, 629469A1
0x803F0F34, 3EA00000
0x803F0F3C, 62B50070
0x803F0F44, 3EC09241
0x803F0F4C, 62D68A41
0x803F0F34, 3EE0A0AA
0x803F0F3C, 62F7AAAA
0x803F0F44, 3F00AD55
0x803F0F4C, 63184A49
0x803F0F34, 3F207878
0x803F0F3C, 63397878
0x803F0F44, 3F40C618
0x803F0F4C, 635AAD55
0x803F0F34, 3F607F7F
0x803F0F3C, 637B3F03
0x803F0F44, 3F80DEDB
0x803F0F4C, 639C4A49
0x803F0F34, 3FA07A7A
0x803F0F3C, 63BD7878
0x803F0F44, 3FC0DEDB
0x803F0F4C, 63DEC618
0x803F0F34, 3FE05515
0x803F0F3C, 63FF0000
0x803F0F44, 0x60000000
0x803F0F4C, BE080000
0x803F0F34, 3D008033
0x803F0F3C, 61088200
0x803F0F44, 3E00B596
0x803F0F4C, 62100000
0x803F0F34, 3E200000
0x803F0F3C, 62310000
0x803F0F44, 3E40B596
0x803F0F4C, 62520000
0x803F0F34, 3E600000
0x803F0F3C, 62730000
0x803F0F44, 3E80DEDB
0x803F0F4C, 6294C618
0x803F0F34, 3EA05555
0x803F0F3C, 62B50000
0x803F0F44, 3EC0DEDB
0x803F0F4C, 62D6C618
0x803F0F34, 3EE05555
0x803F0F3C, 62F70000
0x803F0F44, 3F00B596
0x803F0F4C, 63180000
0x803F0F34, 3F200000
0x803F0F3C, 63390000
0x803F0F44, 3F40B596
0x803F0F4C, 635A0000
0x803F0F34, 3F600000
0x803F0F3C, 637B0000
0x803F0F44, 3F80DEDB
0x803F0F4C, 639CC618
0x803F0F34, 3FA05555
0x803F0F3C, 63BD0000
0x803F0F44, 3FC0DEDB
0x803F0F4C, 63DEC618
0x803F0F34, 3FE05555
0x803F0F3C, 63FF0000
0x803F0F44, 0x60000000
0x803F0F4C, BE080000
0x803F0F34, 3D008033
0x803F0F3C, 61088240
0x803F0F44, 3E00B596
0x803F0F4C, 62100000
0x803F0F34, 3E200000
0x803F0F3C, 62310000
0x803F0F44, 3E40C618
0x803F0F4C, 6252B596
0x803F0F34, 3E605554
0x803F0F3C, 62735000
0x803F0F44, 3E80DEDB
0x803F0F4C, 6294C618
0x803F0F34, 3EA05555
0x803F0F3C, 62B50000
0x803F0F44, 3EC0DEDB
0x803F0F4C, 62D6C618
0x803F0F34, 3EE05554
0x803F0F3C, 62F70000
0x803F0F44, 3F009241
0x803F0F4C, 631869A1
0x803F0F34, 3F20090A
0x803F0F3C, 63390000
0x803F0F44, 3F409241
0x803F0F4C, 635A69A1
0x803F0F34, 3F6055AA
0x803F0F3C, 637B0000
0x803F0F44, 3F809241
0x803F0F4C, 639C0000
0x803F0F34, 3FA00000
0x803F0F3C, 63BD0000
0x803F0F44, 3FC09241
0x803F0F4C, 63DE0000
0x803F0F34, 3FE00000
0x803F0F3C, 63FF0000
0x803F0F44, 0x60000000
0x803F0F4C, BE080000
0x803F0F34, 3D008033
0x803F0F3C, 61088280
0x803F0F44, 3E008A21
0x803F0F4C, 62106181
0x803F0F34, 3E20F5AB
0x803F0F3C, 62310200
0x803F0F44, 3E407A01
0x803F0F4C, 62526181
0x803F0F34, 3E6055F5
0x803F0F3C, 62730B02
0x803F0F44, 3E809241
0x803F0F4C, 62940000
0x803F0F34, 3EA00000
0x803F0F3C, 62B50000
0x803F0F44, 3EC09241
0x803F0F4C, 62D67A01
0x803F0F34, 3EE0A100
0x803F0F3C, 62F70000
0x803F0F44, 3F008201
0x803F0F4C, 63186181
0x803F0F34, 3F205C5F
0x803F0F3C, 63395595
0x803F0F44, 3F409241
0x803F0F4C, 635A6181
0x803F0F34, 3F6080A0
0x803F0F3C, 637B5855
0x803F0F44, 3F808A21
0x803F0F4C, 639C69C1
0x803F0F34, 3FA0F5A5
0x803F0F3C, 63BD0A00
0x803F0F44, 3FC08201
0x803F0F4C, 63DE6181
0x803F0F34, 3FE05555
0x803F0F3C, 63FFF50A
0x803F0F44, 0x60000000
0x803F0F4C, BE080000
0x803F0F34, 3D008033
0x803F0F3C, 610882C0
0x803F0F44, 3E009241
0x803F0F4C, 621069A1
0x803F0F34, 3E209500
0x803F0F3C, 623100C0
0x803F0F44, 3E409241
0x803F0F4C, 62527A01
0x803F0F34, 3E60C0F0
0x803F0F3C, 62730000
0x803F0F44, 3E809241
0x803F0F4C, 62946181
0x803F0F34, 3EA07857
0x803F0F3C, 62B5575F
0x803F0F44, 3EC09241
0x803F0F4C, 62D671E1
0x803F0F34, 3EE00000
0x803F0F3C, 62F76060
0x803F0F44, 3F00DEDB
0x803F0F4C, 63184A49
0x803F0F34, 3F2078AA
0x803F0F3C, 6339FFFF
0x803F0F44, 3F40DEDB
0x803F0F4C, 635A8C71
0x803F0F34, 3F600055
0x803F0F3C, 637B5555
0x803F0F44, 3F8073AE
0x803F0F4C, 639C4A49
0x803F0F34, 3FA000AA
0x803F0F3C, 63BDFF55
0x803F0F44, 3FC073AE
0x803F0F4C, 63DE4A49
0x803F0F34, 3FE000AA
0x803F0F3C, 63FFFF55
0x803F0F44, 0x60000000
0x803F0F4C, BE080000
0x803F0F34, 3D008033
0x803F0F3C, 61088300
0x803F0F44, 3E00DEDB
0x803F0F4C, 62102104
0x803F0F34, 3E200055
0x803F0F3C, 62315555
0x803F0F44, 3E40DEDB
0x803F0F4C, 62523186
0x803F0F34, 3E600055
0x803F0F3C, 62735555
0x803F0F44, 3E804A49
0x803F0F4C, 62942104
0x803F0F34, 3EA05C5C
0x803F0F3C, 62B55C5C
0x803F0F44, 3EC052AA
0x803F0F4C, 62D64A49
0x803F0F34, 3EE05550
0x803F0F3C, 62F75040
0x803F0F44, 3F00DEDB
0x803F0F4C, 63183186
0x803F0F34, 3F200055
0x803F0F3C, 63395555
0x803F0F44, 3F40DEDB
0x803F0F4C, 635A3186
0x803F0F34, 3F600055
0x803F0F3C, 637B5555
0x803F0F44, 3F8052AA
0x803F0F4C, 639C0000
0x803F0F34, 3FA00000
0x803F0F3C, 63BD0000
0x803F0F44, 3FC052AA
0x803F0F4C, 63DE0000
0x803F0F34, 3FE00000
0x803F0F3C, 63FF0000
0x803F0F44, 0x60000000
0x803F0F4C, BE080000
0x803F0F34, 3D008033
0x803F0F3C, 61088340
0x803F0F44, 3E00DEDB
0x803F0F4C, 62103186
0x803F0F34, 3E200055
0x803F0F3C, 62315555
0x803F0F44, 3E40DEDB
0x803F0F4C, 62522104
0x803F0F34, 3E600055
0x803F0F3C, 627355D5
0x803F0F44, 3E8052AA
0x803F0F4C, 62940000
0x803F0F34, 3EA00000
0x803F0F3C, 62B50000
0x803F0F44, 3EC052AA
0x803F0F4C, 62D64A49
0x803F0F34, 3EE05505
0x803F0F3C, 62F70100
0x803F0F44, 3F009241
0x803F0F4C, 63180000
0x803F0F34, 3F200000
0x803F0F3C, 63390000
0x803F0F44, 3F409241
0x803F0F4C, 635A0000
0x803F0F34, 3F600000
0x803F0F3C, 637B0000
0x803F0F44, 3F80D5A7
0x803F0F4C, 639CA3C3
0x803F0F34, 3FA0FF00
0x803F0F3C, 63BD0055
0x803F0F44, 3FC0D5A7
0x803F0F4C, 63DEA3C3
0x803F0F34, 3FE0FF00
0x803F0F3C, 63FF0055
0x803F0F44, 0x60000000
0x803F0F4C, BE080000
0x803F0F34, 3D008033
0x803F0F3C, 61088380
0x803F0F44, 3E009241
0x803F0F4C, 62100000
0x803F0F34, 3E200000
0x803F0F3C, 62310000
0x803F0F44, 3E409241
0x803F0F4C, 62520000
0x803F0F34, 3E600000
0x803F0F3C, 62730000
0x803F0F44, 3E80D5A7
0x803F0F4C, 6294A3C3
0x803F0F34, 3EA0FF00
0x803F0F3C, 62B50055
0x803F0F44, 3EC0D5A7
0x803F0F4C, 62D6A3C3
0x803F0F34, 3EE0FF00
0x803F0F3C, 62F70055
0x803F0F44, 3F009241
0x803F0F4C, 63188201
0x803F0F34, 3F200300
0x803F0F3C, 63390000
0x803F0F44, 3F409241
0x803F0F4C, 635A71E1
0x803F0F34, 3F60AF2A
0x803F0F3C, 637B0000
0x803F0F44, 3F80D5A7
0x803F0F4C, 639CA3C3
0x803F0F34, 3FA0FF00
0x803F0F3C, 63BD0055
0x803F0F44, 3FC0D5A7
0x803F0F4C, 63DEA3C3
0x803F0F34, 3FE0FF00
0x803F0F3C, 63FF0055
0x803F0F44, 0x60000000
0x803F0F4C, BE080000
0x803F0F34, 3D008033
0x803F0F3C, 610883C0
0x803F0F44, 3E009241
0x803F0F4C, 621071E1
0x803F0F34, 3E20F5FA
0x803F0F3C, 62312800
0x803F0F44, 3E409241
0x803F0F4C, 625271E1
0x803F0F34, 3E6060A0
0x803F0F3C, 62730000
0x803F0F44, 3E80D5A7
0x803F0F4C, 6294A3C3
0x803F0F34, 3EA0FF00
0x803F0F3C, 62B50055
0x803F0F44, 3EC0D5A7
0x803F0F4C, 62D6A3C3
0x803F0F34, 3EE0FF00
0x803F0F3C, 62F70055
0x803F0F44, 3F0039C7
0x803F0F4C, 63181082
0x803F0F34, 3F2000AA
0x803F0F3C, 6339FF55
0x803F0F44, 3F4039C7
0x803F0F4C, 635A1082
0x803F0F34, 3F6000AA
0x803F0F3C, 637BFF55
0x803F0F44, 3F800840
0x803F0F4C, 639C0000
0x803F0F34, 3FA00055
0x803F0F3C, 63BD5555
0x803F0F44, 3FC00841
0x803F0F4C, 63DE0000
0x803F0F34, 3FE00055
0x803F0F3C, 63FF5555
0x803F0F44, 0x60000000
0x803F0F4C, BE080000
0x803F0F34, 3D008033
0x803F0F3C, 61088400
0x803F0F44, 3E004A49
0x803F0F4C, 62102104
0x803F0F34, 3E205C5C
0x803F0F3C, 62315C5C
0x803F0F44, 3E4052AA
0x803F0F4C, 62524A49
0x803F0F34, 3E604000
0x803F0F3C, 62730000
0x803F0F44, 3E808410
0x803F0F4C, 62943186
0x803F0F34, 3EA05757
0x803F0F3C, 62B55454
0x803F0F44, 3EC08410
0x803F0F4C, 62D652AA
0x803F0F34, 3EE05555
0x803F0F3C, 62F7AA00
0x803F0F44, 3F0052AA
0x803F0F4C, 63180000
0x803F0F34, 3F200000
0x803F0F3C, 63390000
0x803F0F44, 3F4052AA
0x803F0F4C, 635A0000
0x803F0F34, 3F600000
0x803F0F3C, 637B0000
0x803F0F44, 3F808410
0x803F0F4C, 639C52AA
0x803F0F34, 3FA05555
0x803F0F3C, 63BDAA00
0x803F0F44, 3FC08410
0x803F0F4C, 63DE52AA
0x803F0F34, 3FE05555
0x803F0F3C, 63FFAA00
0x803F0F44, 0x60000000
0x803F0F4C, BE080000
0x803F0F34, 3D008033
0x803F0F3C, 61088440
0x803F0F44, 3E0052AA
0x803F0F4C, 62100000
0x803F0F34, 3E200000
0x803F0F3C, 62310000
0x803F0F44, 3E4052AA
0x803F0F4C, 62520000
0x803F0F34, 3E600000
0x803F0F3C, 62730000
0x803F0F44, 3E808410
0x803F0F4C, 629452AA
0x803F0F34, 3EA05555
0x803F0F3C, 62B5AA00
0x803F0F44, 3EC08410
0x803F0F4C, 62D652AA
0x803F0F34, 3EE05658
0x803F0F3C, 62F7A000
0x803F0F44, 3F000F0F
0x803F0F4C, 63180F0F
0x803F0F34, 3F20FFFF
0x803F0F3C, 6339FFFF
0x803F0F44, 3F400F0F
0x803F0F4C, 635A0F0F
0x803F0F34, 3F60FFFF
0x803F0F3C, 637BFFFF
0x803F0F44, 3F800F0F
0x803F0F4C, 639C0F0F
0x803F0F34, 3FA0FFFF
0x803F0F3C, 63BDFFFF
0x803F0F44, 3FC00F0F
0x803F0F4C, 63DE0F0F
0x803F0F34, 3FE0FFFF
0x803F0F3C, 63FFFFFF
0x803F0F44, 0x60000000
0x803F0F4C, BE080000
0x803F0F34, 3D008033
0x803F0F3C, 61088480
0x803F0F44, 3E000000
0x803F0F4C, 62107A00
0x803F0F34, 3E200000
0x803F0F3C, 62313B10
0x803F0F44, 3E400000
0x803F0F4C, 62524C20
0x803F0F34, 3E600000
0x803F0F3C, 62732D10
0x803F0F44, 3E800000
0x803F0F4C, 62942C10
0x803F0F34, 3EA00000
0x803F0F3C, 62B51C00
0x803F0F44, 3EC00000
0x803F0F4C, 62D61C10
0x803F0F34, 3EE00000
0x803F0F3C, 62F73E10
0x803F0F44, 3F005FFF
0x803F0F4C, 63183000
0x803F0F34, 3F200CFC
0x803F0F3C, 63390000
0x803F0F44, 3F400CFF
0x803F0F4C, 635A2000
0x803F0F34, 3F605FFC
0x803F0F3C, 637B1000
0x803F0F44, 3F802FF8
0x803F0F4C, 639C0000
0x803F0F34, 3FA00CFA
0x803F0F3C, 63BD0000
0x803F0F44, 3FC009FD
0x803F0F4C, 63DE1000
0x803F0F34, 3FE00AFF
0x803F0F3C, 63FF2000
0x803F0F44, 0x60000000
0x803F0F4C, BE080000
0x803F0F34, 3D008033
0x803F0F3C, 610884C0
0x803F0F44, 3E000004
0x803F0F4C, 6210FFFF
0x803F0F34, 3E207FAF
0x803F0F3C, 62310014
0x803F0F44, 3E407BDD
0x803F0F4C, 6252001B
0x803F0F34, 3E607FAF
0x803F0F3C, 62730022
0x803F0F44, 3E807D69
0x803F0F4C, 62940029
0x803F0F34, 3EA0565F
0x803F0F3C, 62B5626F
0x803F0F44, 3EC06F74
0x803F0F4C, 62D6005A
0x803F0F34, 3EE04174
0x803F0F3C, 62F76F6F
0x803F0F44, 3F006E00
0x803F0F4C, 6318565F
0x803F0F34, 3F20626F
0x803F0F3C, 63396F74
0x803F0F44, 3F400056
0x803F0F4C, 635A5F68
0x803F0F34, 3F60616D
0x803F0F3C, 637B6D5F
0x803F0F44, 3F807370
0x803F0F4C, 639C6300
0x803F0F34, 3FA05468
0x803F0F3C, 63BD6973
0x803F0F44, 3FC02069
0x803F0F4C, 63DE7320
0x803F0F34, 3FE07061
0x803F0F3C, 63FF6464
0x803F0F44, 0x60000000
0x803F0F4C, BE080000
0x803F0F34, 3D008033
0x803F0F3C, 61088500
0x803F0F44, 3E004A33
0x803F0F4C, 62104431
0x803F0F34, 3E206274
0x803F0F3C, 62316B31
0x803F0F44, 3E400000
0x803F0F4C, 62520140
0x803F0F34, 3E600000
0x803F0F3C, 62730001
0x803F0F44, 3E805356
0x803F0F4C, 62945231
0x803F0F34, 3EA0FFFF
0x803F0F3C, 62B5FFFF
0x803F0F44, 3EC0FFFF
0x803F0F4C, 62D6FFFF
0x803F0F34, 3EE0FFFF
0x803F0F3C, 62F7FFFF
0x803F0F44, 3F005454
0x803F0F4C, 63184B31
0x803F0F34, 3F200000
0x803F0F3C, 63390110
0x803F0F44, 3F400201
0x803F0F4C, 635A0078
0x803F0F34, 3F600003
0x803F0F3C, 637B0003
0x803F0F44, 3F800001
0x803F0F4C, 639C0010
0x803F0F34, 3FA00000
0x803F0F3C, 63BD0060
0x803F0F44, 3FC00000
0x803F0F4C, 63DE0098
0x803F0F34, 3FE00000
0x803F0F3C, 63FF009C
0x803F0F44, 0x60000000
0x803F0F4C, BE080000
0x803F0F34, 3D008033
0x803F0F3C, 61088540
0x803F0F44, 3E000000
0x803F0F4C, 621000AC
0x803F0F34, 3E200000
0x803F0F3C, 623100B0
0x803F0F44, 3E400000
0x803F0F4C, 625200BC
0x803F0F34, 3E600000
0x803F0F3C, 627300C8
0x803F0F44, 3E800000
0x803F0F4C, 629400CC
0x803F0F34, 3EA00000
0x803F0F3C, 62B50000
0x803F0F44, 3EC00000
0x803F0F4C, 62D60000
0x803F0F34, 3EE00000
0x803F0F3C, 62F70000
0x803F0F44, 3F000000
0x803F0F4C, 63180000
0x803F0F34, 3F200000
0x803F0F3C, 63390000
0x803F0F44, 3F400000
0x803F0F4C, 635A0000
0x803F0F34, 3F600000
0x803F0F3C, 637B0000
0x803F0F44, 3F800000
0x803F0F4C, 639C0000
0x803F0F34, 3FA00000
0x803F0F3C, 63BD0000
0x803F0F44, 3FC00000
0x803F0F4C, 63DE0000
0x803F0F34, 3FE00000
0x803F0F3C, 63FF0000
0x803F0F44, 0x60000000
0x803F0F4C, BE080000
0x803F0F34, 3D008033
0x803F0F3C, 61088580
0x803F0F44, 3E000001
0x803F0F4C, 62100000
0x803F0F34, 3E200001
0x803F0F3C, 62310001
0x803F0F44, 3E400000
0x803F0F4C, 62520001
0x803F0F34, 3E600002
0x803F0F3C, 62730000
0x803F0F44, 3E800001
0x803F0F4C, 62940001
0x803F0F34, 3EA00001
0x803F0F3C, 62B50001
0x803F0F44, 3EC00001
0x803F0F4C, 62D60000
0x803F0F34, 3EE00001
0x803F0F3C, 62F70002
0x803F0F44, 3F000000
0x803F0F4C, 63180001
0x803F0F34, 3F200001
0x803F0F3C, 63390002
0x803F0F44, 3F400001
0x803F0F4C, 635A0001
0x803F0F34, 3F600000
0x803F0F3C, 637B0001
0x803F0F44, 3F800002
0x803F0F4C, 639C0008
0x803F0F34, 3FA00001
0x803F0F3C, 63BD5468
0x803F0F44, 3FC00000
0x803F0F4C, 63DE5468
0x803F0F34, 3FE00001
0x803F0F3C, 63FFFFFF
0x803F0F44, 0x60000000
0x803F0F4C, BE080000
0x803F0F34, 3D008033
0x803F0F3C, 610885C0
0x803F0F44, 3E005A01
0x803F0F4C, 62100008
0x803F0F34, 3E205343
0x803F0F3C, 62315F62
0x803F0F44, 3E406F6F
0x803F0F4C, 62527400
0x803F0F34, 3E600154
0x803F0F3C, 62736869
0x803F0F44, 3E803F00
0x803F0F4C, 62940000
0x803F0F34, 3EA03F00
0x803F0F3C, 62B50000
0x803F0F44, 3EC03F00
0x803F0F4C, 62D60000
0x803F0F34, 3EE03F00
0x803F0F3C, 62F70000
0x803F0F44, 3F003F80
0x803F0F4C, 63180000
0x803F0F34, 3F203F80
0x803F0F3C, 63390000
0x803F0F44, 3F400000
0x803F0F4C, 635A5468
0x803F0F34, 3F600000
0x803F0F3C, 637B0000
0x803F0F44, 3F803F4C
0x803F0F4C, 639CCCCD
0x803F0F34, 3FA00000
0x803F0F3C, 63BD0000
0x803F0F44, 3FC0BD23
0x803F0F4C, 63DED70A
0x803F0F34, 3FE04220
0x803F0F3C, 63FF0000
0x803F0F44, 0x60000000
0x803F0F4C, BE080000
0x803F0F34, 3D008033
0x803F0F3C, 61088600
0x803F0F44, 3E00BF4C
0x803F0F4C, 6210CCCD
0x803F0F34, 3E20BD23
0x803F0F3C, 6231D70A
0x803F0F44, 3E400000
0x803F0F4C, 62520000
0x803F0F34, 3E600000
0x803F0F3C, 62730000
0x803F0F44, 3E800000
0x803F0F4C, 62940000
0x803F0F34, 3EA00000
0x803F0F3C, 62B50000
0x803F0F44, 3EC00000
0x803F0F4C, 62D60000
0x803F0F34, 3EE04220
0x803F0F3C, 62F70000
0x803F0F44, 3F000000
0x803F0F4C, 63180000
0x803F0F34, 3F200000
0x803F0F3C, 63390000
0x803F0F44, 3F400000
0x803F0F4C, 635A0000
0x803F0F34, 3F600000
0x803F0F3C, 637BFFFF
0x803F0F44, 3F800000
0x803F0F4C, 639C0000
0x803F0F34, 3FA08066
0x803F0F3C, 63BDDE60
0x803F0F44, 3FC00000
0x803F0F4C, 63DE0000
0x803F0F34, 3FE00000
0x803F0F3C, 63FF0000
0x803F0F44, 0x60000000
0x803F0F4C, BE080000
